time_s,BIS_EEG1,BIS_EEG2,BIS,SQI,EMG,SEF,SR,TOTPOW
332,15.9,19.45,52.8,80.1,30.93,15.49,0,63.63
332.0078125,19.85,22.25,52.8,80.1,30.93,15.49,0,63.63
332.015625,24.55,25.2,52.8,80.1,30.93,15.49,0,63.63
332.0234375,28.15,27.85,52.8,80.1,30.93,15.49,0,63.63
332.03125,26.35,27.95,52.8,80.1,30.93,15.49,0,63.63
332.0390625,27.7,29,52.8,80.1,30.93,15.49,0,63.63
332.046875,29.35,29.55,52.8,80.1,30.93,15.49,0,63.63
332.0546875,33.35,34.55,52.8,80.1,30.93,15.49,0,63.63
332.0625,30.4,36.85,52.8,80.1,30.93,15.49,0,63.63
332.0703125,29.1,39,52.8,80.1,30.93,15.49,0,63.63
332.078125,26.35,35.5,52.8,80.1,30.93,15.49,0,63.63
332.0859375,26.95,34.3,52.8,80.1,30.93,15.49,0,63.63
332.09375,22.45,31.4,52.8,80.1,30.93,15.49,0,63.63
332.1015625,20,32.3,52.8,80.1,30.93,15.49,0,63.63
332.109375,16.55,31.45,52.8,80.1,30.93,15.49,0,63.63
332.1171875,16.95,32.45,52.8,80.1,30.93,15.49,0,63.63
332.125,21.9,34.3,52.8,80.1,30.93,15.49,0,63.63
332.1328125,29.95,37,52.8,80.1,30.93,15.49,0,63.63
332.140625,35.8,38.3,52.8,80.1,30.93,15.49,0,63.63
332.1484375,36.6,38.25,52.8,80.1,30.93,15.49,0,63.63
332.15625,35.95,38.05,52.4,80.1,31.06,15.36,0,63.63
332.1640625,30.5,34.5,52.4,80.1,31.06,15.36,0,63.63
332.171875,32.8,36.65,52.4,80.1,31.06,15.36,0,63.63
332.1796875,33.95,38.65,52.4,80.1,31.06,15.36,0,63.63
332.1875,35.2,40.8,52.4,80.1,31.06,15.36,0,63.63
332.1953125,35,40.45,52.4,80.1,31.06,15.36,0,63.63
332.203125,41.2,45.6,52.4,80.1,31.06,15.36,0,63.63
332.2109375,43,47.35,52.4,80.1,31.06,15.36,0,63.63
332.21875,47.9,50.55,52.4,80.1,31.06,15.36,0,63.63
332.2265625,49.95,50.35,52.4,80.1,31.06,15.36,0,63.63
332.234375,49.65,50.7,52.4,80.1,31.06,15.36,0,63.63
332.2421875,45.8,47.3,52.4,80.1,31.06,15.36,0,63.63
332.25,44.9,45.65,52.4,80.1,31.06,15.36,0,63.63
332.2578125,49.95,46.8,52.4,80.1,31.06,15.36,0,63.63
332.265625,54.3,48.75,52.4,80.1,31.06,15.36,0,63.63
332.2734375,56.25,50.55,52.4,80.1,31.06,15.36,0,63.63
332.28125,55.5,50.8,52.4,80.1,31.06,15.36,0,63.63
332.2890625,55.9,50.6,52.4,80.1,31.06,15.36,0,63.63
332.296875,53.1,47.45,52.4,80.1,31.06,15.36,0,63.63
332.3046875,58.1,49.2,52.4,80.1,31.06,15.36,0,63.63
332.3125,60.8,49.5,52.4,80.1,31.06,15.36,0,63.63
332.3203125,64.5,51.7,52.4,80.1,31.06,15.36,0,63.63
332.328125,63.6,51.25,52.4,80.1,31.06,15.36,0,63.63
332.3359375,64.6,53.1,52.4,80.1,31.06,15.36,0,63.63
332.34375,63,52.55,52.4,80.1,31.06,15.36,0,63.63
332.3515625,64.65,53.85,52.4,80.1,31.06,15.36,0,63.63
332.359375,65.7,53.7,52.4,80.1,31.06,15.36,0,63.63
332.3671875,71.05,57.6,52.4,80.1,31.06,15.36,0,63.63
332.375,74.8,60.45,52.4,80.1,31.06,15.36,0,63.63
332.3828125,75.25,61.55,52.4,80.1,31.06,15.36,0,63.63
332.390625,74.55,61.55,52.4,80.1,31.06,15.36,0,63.63
332.3984375,69.05,58.55,52.4,80.1,31.06,15.36,0,63.63
332.40625,66,57.3,52.4,80.1,31.06,15.36,0,63.63
332.4140625,64.3,55.15,52.4,80.1,31.06,15.36,0,63.63
332.421875,65.7,54.05,52.4,80.1,31.06,15.36,0,63.63
332.4296875,64.55,52,52.4,80.1,31.06,15.36,0,63.63
332.4375,67.65,54.2,52.4,80.1,31.06,15.36,0,63.63
332.4453125,66.6,52.55,52.4,80.1,31.06,15.36,0,63.63
332.453125,71.05,54,52.4,80.1,31.06,15.36,0,63.63
332.4609375,72.55,52.55,52.4,80.1,31.06,15.36,0,63.63
332.46875,74.05,52.85,52.4,80.1,31.06,15.36,0,63.63
332.4765625,71.35,51.35,52.4,80.1,31.06,15.36,0,63.63
332.484375,68.9,51.1,52.4,80.1,31.06,15.36,0,63.63
332.4921875,64.6,47.8,52.4,80.1,31.06,15.36,0,63.63
332.5,63.55,46.95,52.4,80.1,31.06,15.36,0,63.63
332.5078125,65.95,47.75,52.4,80.1,31.06,15.36,0,63.63
332.515625,68.05,49.05,52.4,80.1,31.06,15.36,0,63.63
332.5234375,63.75,46.6,52.4,80.1,31.06,15.36,0,63.63
332.53125,52.35,39.35,52.4,80.1,31.06,15.36,0,63.63
332.5390625,48.75,36,52.4,80.1,31.06,15.36,0,63.63
332.546875,47.85,35.1,52.4,80.1,31.06,15.36,0,63.63
332.5546875,48.9,36.95,52.4,80.1,31.06,15.36,0,63.63
332.5625,46.2,35.45,52.4,80.1,31.06,15.36,0,63.63
332.5703125,45.7,35.75,52.4,80.1,31.06,15.36,0,63.63
332.578125,41.1,33.2,52.4,80.1,31.06,15.36,0,63.63
332.5859375,38.9,33.95,52.4,80.1,31.06,15.36,0,63.63
332.59375,33.55,33.1,52.4,80.1,31.06,15.36,0,63.63
332.6015625,31.35,34.75,52.4,80.1,31.06,15.36,0,63.63
332.609375,29.8,33.85,52.4,80.1,31.06,15.36,0,63.63
332.6171875,30.1,33.3,52.4,80.1,31.06,15.36,0,63.63
332.625,30.2,32.6,52.4,80.1,31.06,15.36,0,63.63
332.6328125,28.65,32.5,52.4,80.1,31.06,15.36,0,63.63
332.640625,24.9,31.15,52.4,80.1,31.06,15.36,0,63.63
332.6484375,19.6,28.5,52.4,80.1,31.06,15.36,0,63.63
332.65625,18.4,28.25,52.4,80.1,31.06,15.36,0,63.63
332.6640625,18.35,29.2,52.4,80.1,31.06,15.36,0,63.63
332.671875,22.35,32.3,52.4,80.1,31.06,15.36,0,63.63
332.6796875,21.1,30.95,52.4,80.1,31.06,15.36,0,63.63
332.6875,22.75,31.8,52.4,80.1,31.06,15.36,0,63.63
332.6953125,22.1,29.9,52.4,80.1,31.06,15.36,0,63.63
332.703125,25.55,31.15,52.4,80.1,31.06,15.36,0,63.63
332.7109375,24.8,30,52.4,80.1,31.06,15.36,0,63.63
332.71875,25.55,32.05,52.4,80.1,31.06,15.36,0,63.63
332.7265625,25,31.95,52.4,80.1,31.06,15.36,0,63.63
332.734375,25.75,33.2,52.4,80.1,31.06,15.36,0,63.63
332.7421875,22.6,31.55,52.4,80.1,31.06,15.36,0,63.63
332.75,21.35,31.65,52.4,80.1,31.06,15.36,0,63.63
332.7578125,23.2,32.7,52.4,80.1,31.06,15.36,0,63.63
332.765625,24.7,34.1,52.4,80.1,31.06,15.36,0,63.63
332.7734375,25.3,34.8,52.4,80.1,31.06,15.36,0,63.63
332.78125,22.35,33.6,52.4,80.1,31.06,15.36,0,63.63
332.7890625,23.55,33.8,52.4,80.1,31.06,15.36,0,63.63
332.796875,24.05,32.45,52.4,80.1,31.06,15.36,0,63.63
332.8046875,27.65,34.2,52.4,80.1,31.06,15.36,0,63.63
332.8125,29.25,35.3,52.4,80.1,31.06,15.36,0,63.63
332.8203125,35.2,39.25,52.4,80.1,31.06,15.36,0,63.63
332.828125,35.25,39.2,52.4,80.1,31.06,15.36,0,63.63
332.8359375,36,40.6,52.4,80.1,31.06,15.36,0,63.63
332.84375,32.8,39.25,52.4,80.1,31.06,15.36,0,63.63
332.8515625,32.55,41,52.4,80.1,31.06,15.36,0,63.63
332.859375,32.6,42.85,52.4,80.1,31.06,15.36,0,63.63
332.8671875,36.45,47.25,52.4,80.1,31.06,15.36,0,63.63
332.875,41.5,50.9,52.4,80.1,31.06,15.36,0,63.63
332.8828125,43.55,52.05,52.4,80.1,31.06,15.36,0,63.63
332.890625,40.2,47.9,52.4,80.1,31.06,15.36,0,63.63
332.8984375,36.85,42.6,52.4,80.1,31.06,15.36,0,63.63
332.90625,38.15,41.25,52.4,80.1,31.06,15.36,0,63.63
332.9140625,36.65,40.15,52.4,80.1,31.06,15.36,0,63.63
332.921875,39.4,43.1,52.4,80.1,31.06,15.36,0,63.63
332.9296875,39.65,44.75,52.4,80.1,31.06,15.36,0,63.63
332.9375,40.1,47.3,52.4,80.1,31.06,15.36,0,63.63
332.9453125,37.45,45.95,52.4,80.1,31.06,15.36,0,63.63
332.953125,38.75,47.35,52.4,80.1,31.06,15.36,0,63.63
332.9609375,37.95,45.55,52.4,80.1,31.06,15.36,0,63.63
332.96875,40.4,46.5,52.4,80.1,31.06,15.36,0,63.63
332.9765625,39,45.15,52.4,80.1,31.06,15.36,0,63.63
332.984375,40.1,45.75,52.4,80.1,31.06,15.36,0,63.63
332.9921875,42.55,45.35,52.4,80.1,31.06,15.36,0,63.63
333,47,46.95,52.4,80.1,31.06,15.36,0,63.63
333.0078125,52.8,49.25,52.4,80.1,31.06,15.36,0,63.63
333.015625,57.1,51.25,52.4,80.1,31.06,15.36,0,63.63
333.0234375,59.45,52.25,52.4,80.1,31.06,15.36,0,63.63
333.03125,58.6,52.45,52.4,80.1,31.06,15.36,0,63.63
333.0390625,59.4,53.9,52.4,80.1,31.06,15.36,0,63.63
333.046875,56.55,52,52.4,80.1,31.06,15.36,0,63.63
333.0546875,55.55,51.5,52.4,80.1,31.06,15.36,0,63.63
333.0625,49.9,48.25,52.4,80.1,31.06,15.36,0,63.63
333.0703125,44.25,45.25,52.4,80.1,31.06,15.36,0,63.63
333.078125,34.95,39.45,52.4,80.1,31.06,15.36,0,63.63
333.0859375,32.45,38.6,52.4,80.1,31.06,15.36,0,63.63
333.09375,33.2,38.2,52.4,80.1,31.06,15.36,0,63.63
333.1015625,36.05,40.55,52.4,80.1,31.06,15.36,0,63.63
333.109375,32,38.95,52.4,80.1,31.06,15.36,0,63.63
333.1171875,28.45,37.05,52.4,80.1,31.06,15.36,0,63.63
333.125,26.45,35.1,52.4,80.1,31.06,15.36,0,63.63
333.1328125,23.85,34.45,52.4,80.1,31.06,15.36,0,63.63
333.140625,23.15,33.6,52.4,80.1,31.06,15.36,0,63.63
333.1484375,25.65,33.95,52.4,80.1,31.06,15.36,0,63.63
333.15625,33.5,38,52.2,80.1,31.5,15.28,0,63.83
333.1640625,38.75,40.9,52.2,80.1,31.5,15.28,0,63.83
333.171875,43.95,43.55,52.2,80.1,31.5,15.28,0,63.83
333.1796875,42.9,42.5,52.2,80.1,31.5,15.28,0,63.83
333.1875,42.95,43.8,52.2,80.1,31.5,15.28,0,63.83
333.1953125,38.85,43.35,52.2,80.1,31.5,15.28,0,63.83
333.203125,40.35,47.65,52.2,80.1,31.5,15.28,0,63.83
333.2109375,40.9,49.9,52.2,80.1,31.5,15.28,0,63.83
333.21875,44.1,52.7,52.2,80.1,31.5,15.28,0,63.83
333.2265625,44.05,51.35,52.2,80.1,31.5,15.28,0,63.83
333.234375,46.75,53,52.2,80.1,31.5,15.28,0,63.83
333.2421875,50.65,54.65,52.2,80.1,31.5,15.28,0,63.83
333.25,59.6,59.65,52.2,80.1,31.5,15.28,0,63.83
333.2578125,68.15,64.9,52.2,80.1,31.5,15.28,0,63.83
333.265625,70.8,66.4,52.2,80.1,31.5,15.28,0,63.83
333.2734375,68.55,64.25,52.2,80.1,31.5,15.28,0,63.83
333.28125,62.35,61.35,52.2,80.1,31.5,15.28,0,63.83
333.2890625,56.8,58.95,52.2,80.1,31.5,15.28,0,63.83
333.296875,48.7,54.05,52.2,80.1,31.5,15.28,0,63.83
333.3046875,45.5,52.75,52.2,80.1,31.5,15.28,0,63.83
333.3125,42.8,50.7,52.2,80.1,31.5,15.28,0,63.83
333.3203125,45.1,52.05,52.2,80.1,31.5,15.28,0,63.83
333.328125,46.75,52,52.2,80.1,31.5,15.28,0,63.83
333.3359375,52.9,54.7,52.2,80.1,31.5,15.28,0,63.83
333.34375,54.35,53.5,52.2,80.1,31.5,15.28,0,63.83
333.3515625,57.85,54.3,52.2,80.1,31.5,15.28,0,63.83
333.359375,62,53.55,52.2,80.1,31.5,15.28,0,63.83
333.3671875,65.25,54.3,52.2,80.1,31.5,15.28,0,63.83
333.375,60.8,51.1,52.2,80.1,31.5,15.28,0,63.83
333.3828125,53.65,48,52.2,80.1,31.5,15.28,0,63.83
333.390625,48.15,45.8,52.2,80.1,31.5,15.28,0,63.83
333.3984375,44.25,44.15,52.2,80.1,31.5,15.28,0,63.83
333.40625,44.4,43.7,52.2,80.1,31.5,15.28,0,63.83
333.4140625,45.85,44,52.2,80.1,31.5,15.28,0,63.83
333.421875,52.7,46.65,52.2,80.1,31.5,15.28,0,63.83
333.4296875,57.1,47.45,52.2,80.1,31.5,15.28,0,63.83
333.4375,65.65,52.15,52.2,80.1,31.5,15.28,0,63.83
333.4453125,69.2,53.3,52.2,80.1,31.5,15.28,0,63.83
333.453125,70.7,53.75,52.2,80.1,31.5,15.28,0,63.83
333.4609375,65.1,49.15,52.2,80.1,31.5,15.28,0,63.83
333.46875,62,47.2,52.2,80.1,31.5,15.28,0,63.83
333.4765625,57.8,44.95,52.2,80.1,31.5,15.28,0,63.83
333.484375,58.55,47,52.2,80.1,31.5,15.28,0,63.83
333.4921875,60.25,48.05,52.2,80.1,31.5,15.28,0,63.83
333.5,62.9,49,52.2,80.1,31.5,15.28,0,63.83
333.5078125,62.6,47.65,52.2,80.1,31.5,15.28,0,63.83
333.515625,62.4,47.8,52.2,80.1,31.5,15.28,0,63.83
333.5234375,65.45,50.45,52.2,80.1,31.5,15.28,0,63.83
333.53125,67.2,51.85,52.2,80.1,31.5,15.28,0,63.83
333.5390625,67.7,52.95,52.2,80.1,31.5,15.28,0,63.83
333.546875,61.4,51.55,52.2,80.1,31.5,15.28,0,63.83
333.5546875,53.95,50.2,52.2,80.1,31.5,15.28,0,63.83
333.5625,45.75,46.45,52.2,80.1,31.5,15.28,0,63.83
333.5703125,46.8,47.3,52.2,80.1,31.5,15.28,0,63.83
333.578125,47.3,46.75,52.2,80.1,31.5,15.28,0,63.83
333.5859375,51.35,48.9,52.2,80.1,31.5,15.28,0,63.83
333.59375,54.25,49.15,52.2,80.1,31.5,15.28,0,63.83
333.6015625,57.05,50.4,52.2,80.1,31.5,15.28,0,63.83
333.609375,56.7,48.8,52.2,80.1,31.5,15.28,0,63.83
333.6171875,59.3,49.8,52.2,80.1,31.5,15.28,0,63.83
333.625,59.25,49.3,52.2,80.1,31.5,15.28,0,63.83
333.6328125,56.4,48.85,52.2,80.1,31.5,15.28,0,63.83
333.640625,52.8,48.25,52.2,80.1,31.5,15.28,0,63.83
333.6484375,47.3,47,52.2,80.1,31.5,15.28,0,63.83
333.65625,45.55,46.85,52.2,80.1,31.5,15.28,0,63.83
333.6640625,44.8,45.75,52.2,80.1,31.5,15.28,0,63.83
333.671875,46.6,46.35,52.2,80.1,31.5,15.28,0,63.83
333.6796875,46,44.2,52.2,80.1,31.5,15.28,0,63.83
333.6875,49.85,43.05,52.2,80.1,31.5,15.28,0,63.83
333.6953125,49.1,38.45,52.2,80.1,31.5,15.28,0,63.83
333.703125,51,39.4,52.2,80.1,31.5,15.28,0,63.83
333.7109375,48.7,39.35,52.2,80.1,31.5,15.28,0,63.83
333.71875,45.35,40.35,52.2,80.1,31.5,15.28,0,63.83
333.7265625,39.35,39.1,52.2,80.1,31.5,15.28,0,63.83
333.734375,38,40.2,52.2,80.1,31.5,15.28,0,63.83
333.7421875,37.75,38.5,52.2,80.1,31.5,15.28,0,63.83
333.75,41.55,38.1,52.2,80.1,31.5,15.28,0,63.83
333.7578125,44.65,38.1,52.2,80.1,31.5,15.28,0,63.83
333.765625,42.5,37.4,52.2,80.1,31.5,15.28,0,63.83
333.7734375,40.35,35.75,52.2,80.1,31.5,15.28,0,63.83
333.78125,40.5,34.1,52.2,80.1,31.5,15.28,0,63.83
333.7890625,46.25,36.85,52.2,80.1,31.5,15.28,0,63.83
333.796875,51.2,40.15,52.2,80.1,31.5,15.28,0,63.83
333.8046875,59.05,45.1,52.2,80.1,31.5,15.28,0,63.83
333.8125,61.15,46.25,52.2,80.1,31.5,15.28,0,63.83
333.8203125,60.6,45.5,52.2,80.1,31.5,15.28,0,63.83
333.828125,50.8,37.5,52.2,80.1,31.5,15.28,0,63.83
333.8359375,40.65,30.6,52.2,80.1,31.5,15.28,0,63.83
333.84375,29.75,24.85,52.2,80.1,31.5,15.28,0,63.83
333.8515625,26.7,24.75,52.2,80.1,31.5,15.28,0,63.83
333.859375,25.8,23.85,52.2,80.1,31.5,15.28,0,63.83
333.8671875,27.95,25.05,52.2,80.1,31.5,15.28,0,63.83
333.875,30.05,26.25,52.2,80.1,31.5,15.28,0,63.83
333.8828125,32.65,27.95,52.2,80.1,31.5,15.28,0,63.83
333.890625,35.55,29.55,52.2,80.1,31.5,15.28,0,63.83
333.8984375,34.6,30.8,52.2,80.1,31.5,15.28,0,63.83
333.90625,29.55,29.9,52.2,80.1,31.5,15.28,0,63.83
333.9140625,22.9,27.25,52.2,80.1,31.5,15.28,0,63.83
333.921875,23.6,29.65,52.2,80.1,31.5,15.28,0,63.83
333.9296875,23.95,30.2,52.2,80.1,31.5,15.28,0,63.83
333.9375,25.4,30.4,52.2,80.1,31.5,15.28,0,63.83
333.9453125,21.35,25.85,52.2,80.1,31.5,15.28,0,63.83
333.953125,20.45,23.5,52.2,80.1,31.5,15.28,0,63.83
333.9609375,19.3,20.6,52.2,80.1,31.5,15.28,0,63.83
333.96875,20.25,21.95,52.2,80.1,31.5,15.28,0,63.83
333.9765625,20,22.55,52.2,80.1,31.5,15.28,0,63.83
333.984375,27.55,28.15,52.2,80.1,31.5,15.28,0,63.83
333.9921875,35.7,32.25,52.2,80.1,31.5,15.28,0,63.83
334,39.5,34.15,52.2,80.1,31.5,15.28,0,63.83
334.0078125,34.4,31.85,52.2,80.1,31.5,15.28,0,63.83
334.015625,25.05,28.05,52.2,80.1,31.5,15.28,0,63.83
334.0234375,21.25,25.2,52.2,80.1,31.5,15.28,0,63.83
334.03125,21.85,25.65,52.2,80.1,31.5,15.28,0,63.83
334.0390625,23.4,28.5,52.2,80.1,31.5,15.28,0,63.83
334.046875,21.55,28.15,52.2,80.1,31.5,15.28,0,63.83
334.0546875,23.4,27.9,52.2,80.1,31.5,15.28,0,63.83
334.0625,22.85,26.8,52.2,80.1,31.5,15.28,0,63.83
334.0703125,26.4,30.45,52.2,80.1,31.5,15.28,0,63.83
334.078125,27.7,31.85,52.2,80.1,31.5,15.28,0,63.83
334.0859375,33.85,35.05,52.2,80.1,31.5,15.28,0,63.83
334.09375,39.85,37.05,52.2,80.1,31.5,15.28,0,63.83
334.1015625,44.65,38.9,52.2,80.1,31.5,15.28,0,63.83
334.109375,39.35,34.3,52.2,80.1,31.5,15.28,0,63.83
334.1171875,32.1,29.75,52.2,80.1,31.5,15.28,0,63.83
334.125,28,27.2,52.2,80.1,31.5,15.28,0,63.83
334.1328125,31.9,30.4,52.2,80.1,31.5,15.28,0,63.83
334.140625,36.5,33.65,52.2,80.1,31.5,15.28,0,63.83
334.1484375,37.75,34.3,52.2,80.1,31.5,15.28,0,63.83
334.15625,40.85,35.1,51.4,80.8,31.1,15.29,0,63.81
334.1640625,44.45,35.45,51.4,80.8,31.1,15.29,0,63.81
334.171875,51.55,38.55,51.4,80.8,31.1,15.29,0,63.81
334.1796875,56.15,40.85,51.4,80.8,31.1,15.29,0,63.81
334.1875,57.65,42.8,51.4,80.8,31.1,15.29,0,63.81
334.1953125,52,41.05,51.4,80.8,31.1,15.29,0,63.81
334.203125,50.7,43.3,51.4,80.8,31.1,15.29,0,63.81
334.2109375,48.6,42.55,51.4,80.8,31.1,15.29,0,63.81
334.21875,48.65,42.25,51.4,80.8,31.1,15.29,0,63.81
334.2265625,44.15,37.15,51.4,80.8,31.1,15.29,0,63.81
334.234375,36.8,30.8,51.4,80.8,31.1,15.29,0,63.81
334.2421875,28,23.2,51.4,80.8,31.1,15.29,0,63.81
334.25,23.25,20.4,51.4,80.8,31.1,15.29,0,63.81
334.2578125,20.7,19.15,51.4,80.8,31.1,15.29,0,63.81
334.265625,19.5,18.75,51.4,80.8,31.1,15.29,0,63.81
334.2734375,19.85,18.7,51.4,80.8,31.1,15.29,0,63.81
334.28125,16.55,17.5,51.4,80.8,31.1,15.29,0,63.81
334.2890625,14.45,16.7,51.4,80.8,31.1,15.29,0,63.81
334.296875,13.15,14.8,51.4,80.8,31.1,15.29,0,63.81
334.3046875,17.2,16.5,51.4,80.8,31.1,15.29,0,63.81
334.3125,14.6,15.25,51.4,80.8,31.1,15.29,0,63.81
334.3203125,10.9,14.65,51.4,80.8,31.1,15.29,0,63.81
334.328125,7.7,12.7,51.4,80.8,31.1,15.29,0,63.81
334.3359375,13.1,14.4,51.4,80.8,31.1,15.29,0,63.81
334.34375,15.1,12.6,51.4,80.8,31.1,15.29,0,63.81
334.3515625,18.35,14.25,51.4,80.8,31.1,15.29,0,63.81
334.359375,19.35,15.4,51.4,80.8,31.1,15.29,0,63.81
334.3671875,20.85,17.6,51.4,80.8,31.1,15.29,0,63.81
334.375,20,16.7,51.4,80.8,31.1,15.29,0,63.81
334.3828125,16.35,14.45,51.4,80.8,31.1,15.29,0,63.81
334.390625,10.75,11.75,51.4,80.8,31.1,15.29,0,63.81
334.3984375,10.1,12.25,51.4,80.8,31.1,15.29,0,63.81
334.40625,19.15,17.6,51.4,80.8,31.1,15.29,0,63.81
334.4140625,29.6,23.55,51.4,80.8,31.1,15.29,0,63.81
334.421875,41.15,30.2,51.4,80.8,31.1,15.29,0,63.81
334.4296875,46.4,33,51.4,80.8,31.1,15.29,0,63.81
334.4375,48.85,34.6,51.4,80.8,31.1,15.29,0,63.81
334.4453125,44.7,31.05,51.4,80.8,31.1,15.29,0,63.81
334.453125,40.65,29.4,51.4,80.8,31.1,15.29,0,63.81
334.4609375,30.8,25.1,51.4,80.8,31.1,15.29,0,63.81
334.46875,25.3,23.75,51.4,80.8,31.1,15.29,0,63.81
334.4765625,23,23.65,51.4,80.8,31.1,15.29,0,63.81
334.484375,27.65,27.3,51.4,80.8,31.1,15.29,0,63.81
334.4921875,33.4,28.7,51.4,80.8,31.1,15.29,0,63.81
334.5,36.4,29.6,51.4,80.8,31.1,15.29,0,63.81
334.5078125,33.4,27.65,51.4,80.8,31.1,15.29,0,63.81
334.515625,28.2,26.05,51.4,80.8,31.1,15.29,0,63.81
334.5234375,25.15,26.8,51.4,80.8,31.1,15.29,0,63.81
334.53125,23.35,28.2,51.4,80.8,31.1,15.29,0,63.81
334.5390625,25.9,31.4,51.4,80.8,31.1,15.29,0,63.81
334.546875,24.8,32.25,51.4,80.8,31.1,15.29,0,63.81
334.5546875,25.05,32.8,51.4,80.8,31.1,15.29,0,63.81
334.5625,24.25,30.6,51.4,80.8,31.1,15.29,0,63.81
334.5703125,26.75,32,51.4,80.8,31.1,15.29,0,63.81
334.578125,25.3,31.35,51.4,80.8,31.1,15.29,0,63.81
334.5859375,27.05,32.8,51.4,80.8,31.1,15.29,0,63.81
334.59375,26.25,30.85,51.4,80.8,31.1,15.29,0,63.81
334.6015625,27.25,30,51.4,80.8,31.1,15.29,0,63.81
334.609375,25.5,26.9,51.4,80.8,31.1,15.29,0,63.81
334.6171875,23.05,25.2,51.4,80.8,31.1,15.29,0,63.81
334.625,17.3,21.65,51.4,80.8,31.1,15.29,0,63.81
334.6328125,15.4,21.1,51.4,80.8,31.1,15.29,0,63.81
334.640625,18.4,22.5,51.4,80.8,31.1,15.29,0,63.81
334.6484375,24.35,26.5,51.4,80.8,31.1,15.29,0,63.81
334.65625,31.75,30.8,51.4,80.8,31.1,15.29,0,63.81
334.6640625,37.35,32.7,51.4,80.8,31.1,15.29,0,63.81
334.671875,43.65,34.6,51.4,80.8,31.1,15.29,0,63.81
334.6796875,44.4,34.25,51.4,80.8,31.1,15.29,0,63.81
334.6875,46.3,35.75,51.4,80.8,31.1,15.29,0,63.81
334.6953125,45.2,35.25,51.4,80.8,31.1,15.29,0,63.81
334.703125,45.05,35.9,51.4,80.8,31.1,15.29,0,63.81
334.7109375,42.15,34.3,51.4,80.8,31.1,15.29,0,63.81
334.71875,44.45,36.2,51.4,80.8,31.1,15.29,0,63.81
334.7265625,41.15,32.75,51.4,80.8,31.1,15.29,0,63.81
334.734375,38.5,29.4,51.4,80.8,31.1,15.29,0,63.81
334.7421875,35.3,26.6,51.4,80.8,31.1,15.29,0,63.81
334.75,30.55,25.25,51.4,80.8,31.1,15.29,0,63.81
334.7578125,24.8,22.8,51.4,80.8,31.1,15.29,0,63.81
334.765625,26.1,23.1,51.4,80.8,31.1,15.29,0,63.81
334.7734375,32,24.6,51.4,80.8,31.1,15.29,0,63.81
334.78125,35.7,25,51.4,80.8,31.1,15.29,0,63.81
334.7890625,38.15,25.5,51.4,80.8,31.1,15.29,0,63.81
334.796875,36.5,23.7,51.4,80.8,31.1,15.29,0,63.81
334.8046875,36.1,23.7,51.4,80.8,31.1,15.29,0,63.81
334.8125,34.2,22.25,51.4,80.8,31.1,15.29,0,63.81
334.8203125,40.1,25.05,51.4,80.8,31.1,15.29,0,63.81
334.828125,45.45,26.8,51.4,80.8,31.1,15.29,0,63.81
334.8359375,51.95,30.25,51.4,80.8,31.1,15.29,0,63.81
334.84375,56.4,31,51.4,80.8,31.1,15.29,0,63.81
334.8515625,61.65,34.8,51.4,80.8,31.1,15.29,0,63.81
334.859375,55.3,33.15,51.4,80.8,31.1,15.29,0,63.81
334.8671875,44.6,29.65,51.4,80.8,31.1,15.29,0,63.81
334.875,36,24.95,51.4,80.8,31.1,15.29,0,63.81
334.8828125,33.2,23.55,51.4,80.8,31.1,15.29,0,63.81
334.890625,34.15,23.4,51.4,80.8,31.1,15.29,0,63.81
334.8984375,37.75,25.75,51.4,80.8,31.1,15.29,0,63.81
334.90625,43.95,29.15,51.4,80.8,31.1,15.29,0,63.81
334.9140625,48.55,30.7,51.4,80.8,31.1,15.29,0,63.81
334.921875,54.55,33.9,51.4,80.8,31.1,15.29,0,63.81
334.9296875,56.1,36.05,51.4,80.8,31.1,15.29,0,63.81
334.9375,59.5,39.45,51.4,80.8,31.1,15.29,0,63.81
334.9453125,60.9,39.7,51.4,80.8,31.1,15.29,0,63.81
334.953125,66.15,41.95,51.4,80.8,31.1,15.29,0,63.81
334.9609375,65.4,39.95,51.4,80.8,31.1,15.29,0,63.81
334.96875,64.8,40.75,51.4,80.8,31.1,15.29,0,63.81
334.9765625,59.95,39.9,51.4,80.8,31.1,15.29,0,63.81
334.984375,54.7,39.85,51.4,80.8,31.1,15.29,0,63.81
334.9921875,46.8,37.45,51.4,80.8,31.1,15.29,0,63.81
335,41.05,36.15,51.4,80.8,31.1,15.29,0,63.81
335.0078125,38.05,33.8,51.4,80.8,31.1,15.29,0,63.81
335.015625,39.05,34.2,51.4,80.8,31.1,15.29,0,63.81
335.0234375,40.55,36.1,51.4,80.8,31.1,15.29,0,63.81
335.03125,39.75,36.85,51.4,80.8,31.1,15.29,0,63.81
335.0390625,42.45,38.4,51.4,80.8,31.1,15.29,0,63.81
335.046875,42.45,37.9,51.4,80.8,31.1,15.29,0,63.81
335.0546875,41.3,37.2,51.4,80.8,31.1,15.29,0,63.81
335.0625,39.4,34.6,51.4,80.8,31.1,15.29,0,63.81
335.0703125,43.55,35.95,51.4,80.8,31.1,15.29,0,63.81
335.078125,45.1,35.6,51.4,80.8,31.1,15.29,0,63.81
335.0859375,49.75,37.55,51.4,80.8,31.1,15.29,0,63.81
335.09375,51.35,36.25,51.4,80.8,31.1,15.29,0,63.81
335.1015625,54.7,37.45,51.4,80.8,31.1,15.29,0,63.81
335.109375,54.2,36.15,51.4,80.8,31.1,15.29,0,63.81
335.1171875,52.25,35.7,51.4,80.8,31.1,15.29,0,63.81
335.125,47.95,34.3,51.4,80.8,31.1,15.29,0,63.81
335.1328125,47.3,36.65,51.4,80.8,31.1,15.29,0,63.81
335.140625,49.85,40.25,51.4,80.8,31.1,15.29,0,63.81
335.1484375,51.6,42.4,51.4,80.8,31.1,15.29,0,63.81
335.15625,50.5,41.2,51.7,82.1,30.87,15.28,0,63.89
335.1640625,44.35,36.7,51.7,82.1,30.87,15.28,0,63.89
335.171875,39.35,32.6,51.7,82.1,30.87,15.28,0,63.89
335.1796875,32.25,27.05,51.7,82.1,30.87,15.28,0,63.89
335.1875,29.1,26,51.7,82.1,30.87,15.28,0,63.89
335.1953125,24.25,25.5,51.7,82.1,30.87,15.28,0,63.89
335.203125,23.8,28.5,51.7,82.1,30.87,15.28,0,63.89
335.2109375,22.3,29.15,51.7,82.1,30.87,15.28,0,63.89
335.21875,22.4,29.85,51.7,82.1,30.87,15.28,0,63.89
335.2265625,19.3,26.5,51.7,82.1,30.87,15.28,0,63.89
335.234375,20.45,27,51.7,82.1,30.87,15.28,0,63.89
335.2421875,20.15,26.6,51.7,82.1,30.87,15.28,0,63.89
335.25,23.05,27.8,51.7,82.1,30.87,15.28,0,63.89
335.2578125,29.65,30.4,51.7,82.1,30.87,15.28,0,63.89
335.265625,33.85,33.1,51.7,82.1,30.87,15.28,0,63.89
335.2734375,32.8,33.65,51.7,82.1,30.87,15.28,0,63.89
335.28125,30.65,34.65,51.7,82.1,30.87,15.28,0,63.89
335.2890625,33.05,36.7,51.7,82.1,30.87,15.28,0,63.89
335.296875,36.9,37.9,51.7,82.1,30.87,15.28,0,63.89
335.3046875,44.35,41.65,51.7,82.1,30.87,15.28,0,63.89
335.3125,47.2,42.1,51.7,82.1,30.87,15.28,0,63.89
335.3203125,47.4,42.2,51.7,82.1,30.87,15.28,0,63.89
335.328125,41.1,39.8,51.7,82.1,30.87,15.28,0,63.89
335.3359375,40.05,41.35,51.7,82.1,30.87,15.28,0,63.89
335.34375,40.4,41.65,51.7,82.1,30.87,15.28,0,63.89
335.3515625,44.75,44.35,51.7,82.1,30.87,15.28,0,63.89
335.359375,47.9,45.05,51.7,82.1,30.87,15.28,0,63.89
335.3671875,51.7,47.2,51.7,82.1,30.87,15.28,0,63.89
335.375,49.1,45.1,51.7,82.1,30.87,15.28,0,63.89
335.3828125,45.15,43.95,51.7,82.1,30.87,15.28,0,63.89
335.390625,41.7,44,51.7,82.1,30.87,15.28,0,63.89
335.3984375,38.75,43.4,51.7,82.1,30.87,15.28,0,63.89
335.40625,37.95,42.95,51.7,82.1,30.87,15.28,0,63.89
335.4140625,35.95,42.35,51.7,82.1,30.87,15.28,0,63.89
335.421875,36.55,42.3,51.7,82.1,30.87,15.28,0,63.89
335.4296875,37,41.5,51.7,82.1,30.87,15.28,0,63.89
335.4375,41.6,45.15,51.7,82.1,30.87,15.28,0,63.89
335.4453125,44.5,47,51.7,82.1,30.87,15.28,0,63.89
335.453125,50.8,50.15,51.7,82.1,30.87,15.28,0,63.89
335.4609375,54.7,50.25,51.7,82.1,30.87,15.28,0,63.89
335.46875,61.9,52.55,51.7,82.1,30.87,15.28,0,63.89
335.4765625,67.6,55.2,51.7,82.1,30.87,15.28,0,63.89
335.484375,70,59.4,51.7,82.1,30.87,15.28,0,63.89
335.4921875,63.65,58.45,51.7,82.1,30.87,15.28,0,63.89
335.5,56.3,56.95,51.7,82.1,30.87,15.28,0,63.89
335.5078125,49.1,53.55,51.7,82.1,30.87,15.28,0,63.89
335.515625,42.35,49.4,51.7,82.1,30.87,15.28,0,63.89
335.5234375,39.1,45.3,51.7,82.1,30.87,15.28,0,63.89
335.53125,38.6,42.5,51.7,82.1,30.87,15.28,0,63.89
335.5390625,42.35,42.75,51.7,82.1,30.87,15.28,0,63.89
335.546875,44.25,44.8,51.7,82.1,30.87,15.28,0,63.89
335.5546875,47.75,50.35,51.7,82.1,30.87,15.28,0,63.89
335.5625,49.9,53.65,51.7,82.1,30.87,15.28,0,63.89
335.5703125,55.25,57.3,51.7,82.1,30.87,15.28,0,63.89
335.578125,52.6,53.65,51.7,82.1,30.87,15.28,0,63.89
335.5859375,51.35,50.15,51.7,82.1,30.87,15.28,0,63.89
335.59375,47.05,44.65,51.7,82.1,30.87,15.28,0,63.89
335.6015625,43.4,42.85,51.7,82.1,30.87,15.28,0,63.89
335.609375,38.55,40.8,51.7,82.1,30.87,15.28,0,63.89
335.6171875,38.35,42.1,51.7,82.1,30.87,15.28,0,63.89
335.625,37.85,41.2,51.7,82.1,30.87,15.28,0,63.89
335.6328125,41.8,43.4,51.7,82.1,30.87,15.28,0,63.89
335.640625,48.75,46.3,51.7,82.1,30.87,15.28,0,63.89
335.6484375,55.25,48.05,51.7,82.1,30.87,15.28,0,63.89
335.65625,60.65,49.5,51.7,82.1,30.87,15.28,0,63.89
335.6640625,60.95,49.65,51.7,82.1,30.87,15.28,0,63.89
335.671875,60.4,49,51.7,82.1,30.87,15.28,0,63.89
335.6796875,58.2,48.05,51.7,82.1,30.87,15.28,0,63.89
335.6875,56.55,49.3,51.7,82.1,30.87,15.28,0,63.89
335.6953125,50.3,46.4,51.7,82.1,30.87,15.28,0,63.89
335.703125,50.25,45.35,51.7,82.1,30.87,15.28,0,63.89
335.7109375,49.8,42.15,51.7,82.1,30.87,15.28,0,63.89
335.71875,53.05,41.75,51.7,82.1,30.87,15.28,0,63.89
335.7265625,53.95,40.5,51.7,82.1,30.87,15.28,0,63.89
335.734375,56,41.4,51.7,82.1,30.87,15.28,0,63.89
335.7421875,53.9,39.9,51.7,82.1,30.87,15.28,0,63.89
335.75,52.8,40.75,51.7,82.1,30.87,15.28,0,63.89
335.7578125,52.7,41.35,51.7,82.1,30.87,15.28,0,63.89
335.765625,52.4,40.45,51.7,82.1,30.87,15.28,0,63.89
335.7734375,49.15,37.1,51.7,82.1,30.87,15.28,0,63.89
335.78125,43.1,33.55,51.7,82.1,30.87,15.28,0,63.89
335.7890625,39.55,31.5,51.7,82.1,30.87,15.28,0,63.89
335.796875,38.05,29.35,51.7,82.1,30.87,15.28,0,63.89
335.8046875,40.05,29.8,51.7,82.1,30.87,15.28,0,63.89
335.8125,37.8,29.1,51.7,82.1,30.87,15.28,0,63.89
335.8203125,38.05,31.05,51.7,82.1,30.87,15.28,0,63.89
335.828125,34.95,29.8,51.7,82.1,30.87,15.28,0,63.89
335.8359375,36.5,31.75,51.7,82.1,30.87,15.28,0,63.89
335.84375,39.5,32.65,51.7,82.1,30.87,15.28,0,63.89
335.8515625,44.3,36.05,51.7,82.1,30.87,15.28,0,63.89
335.859375,44.2,37.05,51.7,82.1,30.87,15.28,0,63.89
335.8671875,44.55,39.55,51.7,82.1,30.87,15.28,0,63.89
335.875,41.85,38.1,51.7,82.1,30.87,15.28,0,63.89
335.8828125,43.3,38.6,51.7,82.1,30.87,15.28,0,63.89
335.890625,51.15,40.85,51.7,82.1,30.87,15.28,0,63.89
335.8984375,57.6,42.5,51.7,82.1,30.87,15.28,0,63.89
335.90625,59.2,42.75,51.7,82.1,30.87,15.28,0,63.89
335.9140625,55.2,42,51.7,82.1,30.87,15.28,0,63.89
335.921875,51.15,41.25,51.7,82.1,30.87,15.28,0,63.89
335.9296875,45.6,38.1,51.7,82.1,30.87,15.28,0,63.89
335.9375,47.2,38.5,51.7,82.1,30.87,15.28,0,63.89
335.9453125,49.9,38.8,51.7,82.1,30.87,15.28,0,63.89
335.953125,54.75,40.2,51.7,82.1,30.87,15.28,0,63.89
335.9609375,53.05,37.45,51.7,82.1,30.87,15.28,0,63.89
335.96875,52.3,37.1,51.7,82.1,30.87,15.28,0,63.89
335.9765625,48.6,34.5,51.7,82.1,30.87,15.28,0,63.89
335.984375,48.2,34.8,51.7,82.1,30.87,15.28,0,63.89
335.9921875,46.45,33.5,51.7,82.1,30.87,15.28,0,63.89
336,45,33.5,51.7,82.1,30.87,15.28,0,63.89
336.0078125,42.05,31.15,51.7,82.1,30.87,15.28,0,63.89
336.015625,40.95,29.3,51.7,82.1,30.87,15.28,0,63.89
336.0234375,39.6,26.6,51.7,82.1,30.87,15.28,0,63.89
336.03125,37.95,24.45,51.7,82.1,30.87,15.28,0,63.89
336.0390625,40.55,25.05,51.7,82.1,30.87,15.28,0,63.89
336.046875,41.65,24.55,51.7,82.1,30.87,15.28,0,63.89
336.0546875,43.6,24.25,51.7,82.1,30.87,15.28,0,63.89
336.0625,41.1,22.2,51.7,82.1,30.87,15.28,0,63.89
336.0703125,37.55,21.65,51.7,82.1,30.87,15.28,0,63.89
336.078125,31.7,18.85,51.7,82.1,30.87,15.28,0,63.89
336.0859375,33.6,21.15,51.7,82.1,30.87,15.28,0,63.89
336.09375,32.85,21.05,51.7,82.1,30.87,15.28,0,63.89
336.1015625,30.85,20.4,51.7,82.1,30.87,15.28,0,63.89
336.109375,27.3,17.3,51.7,82.1,30.87,15.28,0,63.89
336.1171875,29.4,17.7,51.7,82.1,30.87,15.28,0,63.89
336.125,28.65,15.15,51.7,82.1,30.87,15.28,0,63.89
336.1328125,25.95,12.95,51.7,82.1,30.87,15.28,0,63.89
336.140625,23.65,10.9,51.7,82.1,30.87,15.28,0,63.89
336.1484375,25.2,11.8,51.7,82.1,30.87,15.28,0,63.89
336.15625,30.35,15.1,50.1,83.3,30.53,15.13,0,64.11
336.1640625,34.65,17.5,50.1,83.3,30.53,15.13,0,64.11
336.171875,39.45,20,50.1,83.3,30.53,15.13,0,64.11
336.1796875,40.3,20.35,50.1,83.3,30.53,15.13,0,64.11
336.1875,41.8,21.95,50.1,83.3,30.53,15.13,0,64.11
336.1953125,38.3,20.35,50.1,83.3,30.53,15.13,0,64.11
336.203125,35.15,19.15,50.1,83.3,30.53,15.13,0,64.11
336.2109375,29.45,15.8,50.1,83.3,30.53,15.13,0,64.11
336.21875,29.15,16.95,50.1,83.3,30.53,15.13,0,64.11
336.2265625,26.25,15.5,50.1,83.3,30.53,15.13,0,64.11
336.234375,23.9,16.75,50.1,83.3,30.53,15.13,0,64.11
336.2421875,20.25,17.35,50.1,83.3,30.53,15.13,0,64.11
336.25,22.45,20.75,50.1,83.3,30.53,15.13,0,64.11
336.2578125,28.55,25.55,50.1,83.3,30.53,15.13,0,64.11
336.265625,36.9,32.6,50.1,83.3,30.53,15.13,0,64.11
336.2734375,41.85,35.5,50.1,83.3,30.53,15.13,0,64.11
336.28125,44.5,36.45,50.1,83.3,30.53,15.13,0,64.11
336.2890625,47.75,37.7,50.1,83.3,30.53,15.13,0,64.11
336.296875,46.55,35.3,50.1,83.3,30.53,15.13,0,64.11
336.3046875,46.5,33.85,50.1,83.3,30.53,15.13,0,64.11
336.3125,45.85,32.3,50.1,83.3,30.53,15.13,0,64.11
336.3203125,49.5,33.3,50.1,83.3,30.53,15.13,0,64.11
336.328125,48.4,30.9,50.1,83.3,30.53,15.13,0,64.11
336.3359375,45.7,30.25,50.1,83.3,30.53,15.13,0,64.11
336.34375,36.35,27.25,50.1,83.3,30.53,15.13,0,64.11
336.3515625,31.3,27.55,50.1,83.3,30.53,15.13,0,64.11
336.359375,27.9,26.4,50.1,83.3,30.53,15.13,0,64.11
336.3671875,30.65,29.2,50.1,83.3,30.53,15.13,0,64.11
336.375,33.4,30.4,50.1,83.3,30.53,15.13,0,64.11
336.3828125,37.45,32.7,50.1,83.3,30.53,15.13,0,64.11
336.390625,38.4,33.4,50.1,83.3,30.53,15.13,0,64.11
336.3984375,35.4,32.05,50.1,83.3,30.53,15.13,0,64.11
336.40625,32.45,30.15,50.1,83.3,30.53,15.13,0,64.11
336.4140625,32.3,31.6,50.1,83.3,30.53,15.13,0,64.11
336.421875,33.75,33.25,50.1,83.3,30.53,15.13,0,64.11
336.4296875,28.65,30.75,50.1,83.3,30.53,15.13,0,64.11
336.4375,25.8,30.5,50.1,83.3,30.53,15.13,0,64.11
336.4453125,22.8,29.35,50.1,83.3,30.53,15.13,0,64.11
336.453125,25.3,30.8,50.1,83.3,30.53,15.13,0,64.11
336.4609375,27.2,31.4,50.1,83.3,30.53,15.13,0,64.11
336.46875,32.35,34.2,50.1,83.3,30.53,15.13,0,64.11
336.4765625,33.15,33.5,50.1,83.3,30.53,15.13,0,64.11
336.484375,34.1,33.85,50.1,83.3,30.53,15.13,0,64.11
336.4921875,30.3,31.9,50.1,83.3,30.53,15.13,0,64.11
336.5,28.5,32.1,50.1,83.3,30.53,15.13,0,64.11
336.5078125,26.4,30.7,50.1,83.3,30.53,15.13,0,64.11
336.515625,24.05,29.85,50.1,83.3,30.53,15.13,0,64.11
336.5234375,23.1,28.35,50.1,83.3,30.53,15.13,0,64.11
336.53125,23.1,26.5,50.1,83.3,30.53,15.13,0,64.11
336.5390625,24.5,26.5,50.1,83.3,30.53,15.13,0,64.11
336.546875,23.45,25.3,50.1,83.3,30.53,15.13,0,64.11
336.5546875,22.65,23.8,50.1,83.3,30.53,15.13,0,64.11
336.5625,19.05,20.85,50.1,83.3,30.53,15.13,0,64.11
336.5703125,21.8,22.55,50.1,83.3,30.53,15.13,0,64.11
336.578125,22.6,22.7,50.1,83.3,30.53,15.13,0,64.11
336.5859375,24.2,24.6,50.1,83.3,30.53,15.13,0,64.11
336.59375,21,22.65,50.1,83.3,30.53,15.13,0,64.11
336.6015625,19.2,21.55,50.1,83.3,30.53,15.13,0,64.11
336.609375,13,17.05,50.1,83.3,30.53,15.13,0,64.11
336.6171875,10.45,14.85,50.1,83.3,30.53,15.13,0,64.11
336.625,7.45,12.1,50.1,83.3,30.53,15.13,0,64.11
336.6328125,6.95,12.3,50.1,83.3,30.53,15.13,0,64.11
336.640625,7.7,13.05,50.1,83.3,30.53,15.13,0,64.11
336.6484375,11.6,16.7,50.1,83.3,30.53,15.13,0,64.11
336.65625,17.15,21.65,50.1,83.3,30.53,15.13,0,64.11
336.6640625,20.4,25.05,50.1,83.3,30.53,15.13,0,64.11
336.671875,22.65,26.5,50.1,83.3,30.53,15.13,0,64.11
336.6796875,21.45,25.2,50.1,83.3,30.53,15.13,0,64.11
336.6875,21.9,24.65,50.1,83.3,30.53,15.13,0,64.11
336.6953125,19.05,21.7,50.1,83.3,30.53,15.13,0,64.11
336.703125,20.4,22.2,50.1,83.3,30.53,15.13,0,64.11
336.7109375,19.15,20.85,50.1,83.3,30.53,15.13,0,64.11
336.71875,19.75,21.05,50.1,83.3,30.53,15.13,0,64.11
336.7265625,18.3,18.85,50.1,83.3,30.53,15.13,0,64.11
336.734375,20.5,19.7,50.1,83.3,30.53,15.13,0,64.11
336.7421875,19.55,18.15,50.1,83.3,30.53,15.13,0,64.11
336.75,20.9,19,50.1,83.3,30.53,15.13,0,64.11
336.7578125,22,18.95,50.1,83.3,30.53,15.13,0,64.11
336.765625,21.2,18.9,50.1,83.3,30.53,15.13,0,64.11
336.7734375,21.7,19.1,50.1,83.3,30.53,15.13,0,64.11
336.78125,24.85,20.75,50.1,83.3,30.53,15.13,0,64.11
336.7890625,28.3,22.85,50.1,83.3,30.53,15.13,0,64.11
336.796875,29.85,23.8,50.1,83.3,30.53,15.13,0,64.11
336.8046875,32,23.7,50.1,83.3,30.53,15.13,0,64.11
336.8125,27.65,19.9,50.1,83.3,30.53,15.13,0,64.11
336.8203125,24.55,17.8,50.1,83.3,30.53,15.13,0,64.11
336.828125,18.5,13.9,50.1,83.3,30.53,15.13,0,64.11
336.8359375,15.75,13.05,50.1,83.3,30.53,15.13,0,64.11
336.84375,12.4,11.85,50.1,83.3,30.53,15.13,0,64.11
336.8515625,13.75,14.35,50.1,83.3,30.53,15.13,0,64.11
336.859375,12.3,15.35,50.1,83.3,30.53,15.13,0,64.11
336.8671875,14.95,18.75,50.1,83.3,30.53,15.13,0,64.11
336.875,19,21.05,50.1,83.3,30.53,15.13,0,64.11
336.8828125,25.1,25.1,50.1,83.3,30.53,15.13,0,64.11
336.890625,27.65,27.75,50.1,83.3,30.53,15.13,0,64.11
336.8984375,25,27.25,50.1,83.3,30.53,15.13,0,64.11
336.90625,20.75,24.1,50.1,83.3,30.53,15.13,0,64.11
336.9140625,15.4,21.25,50.1,83.3,30.53,15.13,0,64.11
336.921875,11.25,19.65,50.1,83.3,30.53,15.13,0,64.11
336.9296875,5.8,17.15,50.1,83.3,30.53,15.13,0,64.11
336.9375,7.05,19.35,50.1,83.3,30.53,15.13,0,64.11
336.9453125,9.7,20.35,50.1,83.3,30.53,15.13,0,64.11
336.953125,17.35,22.95,50.1,83.3,30.53,15.13,0,64.11
336.9609375,23.6,25.5,50.1,83.3,30.53,15.13,0,64.11
336.96875,34.95,31.7,50.1,83.3,30.53,15.13,0,64.11
336.9765625,39.2,31.85,50.1,83.3,30.53,15.13,0,64.11
336.984375,38.8,32.05,50.1,83.3,30.53,15.13,0,64.11
336.9921875,35.55,30.4,50.1,83.3,30.53,15.13,0,64.11
337,35.45,30.3,50.1,83.3,30.53,15.13,0,64.11
337.0078125,30.8,27.05,50.1,83.3,30.53,15.13,0,64.11
337.015625,26.8,25.75,50.1,83.3,30.53,15.13,0,64.11
337.0234375,24.8,25.45,50.1,83.3,30.53,15.13,0,64.11
337.03125,23.05,24.5,50.1,83.3,30.53,15.13,0,64.11
337.0390625,25.4,24.75,50.1,83.3,30.53,15.13,0,64.11
337.046875,28.75,25.6,50.1,83.3,30.53,15.13,0,64.11
337.0546875,32.75,26.5,50.1,83.3,30.53,15.13,0,64.11
337.0625,32.05,25,50.1,83.3,30.53,15.13,0,64.11
337.0703125,33.5,26.4,50.1,83.3,30.53,15.13,0,64.11
337.078125,32.65,25.7,50.1,83.3,30.53,15.13,0,64.11
337.0859375,35.25,26.9,50.1,83.3,30.53,15.13,0,64.11
337.09375,34.85,26.6,50.1,83.3,30.53,15.13,0,64.11
337.1015625,37.45,28.25,50.1,83.3,30.53,15.13,0,64.11
337.109375,36.05,26.65,50.1,83.3,30.53,15.13,0,64.11
337.1171875,33.55,26.25,50.1,83.3,30.53,15.13,0,64.11
337.125,30.65,24.85,50.1,83.3,30.53,15.13,0,64.11
337.1328125,35.15,28.2,50.1,83.3,30.53,15.13,0,64.11
337.140625,38.35,30.2,50.1,83.3,30.53,15.13,0,64.11
337.1484375,36.8,29.35,50.1,83.3,30.53,15.13,0,64.11
337.15625,33.35,27.15,48.7,84.6,30.29,15.06,0,64.13
337.1640625,29.75,25.2,48.7,84.6,30.29,15.06,0,64.13
337.171875,30.95,26.6,48.7,84.6,30.29,15.06,0,64.13
337.1796875,33.6,28.6,48.7,84.6,30.29,15.06,0,64.13
337.1875,35.8,29,48.7,84.6,30.29,15.06,0,64.13
337.1953125,32,25.85,48.7,84.6,30.29,15.06,0,64.13
337.203125,31.3,26.7,48.7,84.6,30.29,15.06,0,64.13
337.2109375,26.8,24.5,48.7,84.6,30.29,15.06,0,64.13
337.21875,24.05,24.1,48.7,84.6,30.29,15.06,0,64.13
337.2265625,19.7,22.55,48.7,84.6,30.29,15.06,0,64.13
337.234375,20.9,23.95,48.7,84.6,30.29,15.06,0,64.13
337.2421875,21.2,23.15,48.7,84.6,30.29,15.06,0,64.13
337.25,24.05,24.3,48.7,84.6,30.29,15.06,0,64.13
337.2578125,25.9,23.9,48.7,84.6,30.29,15.06,0,64.13
337.265625,28.6,26.4,48.7,84.6,30.29,15.06,0,64.13
337.2734375,32.4,30.85,48.7,84.6,30.29,15.06,0,64.13
337.28125,36.45,34.75,48.7,84.6,30.29,15.06,0,64.13
337.2890625,39.85,36.45,48.7,84.6,30.29,15.06,0,64.13
337.296875,41.25,38.35,48.7,84.6,30.29,15.06,0,64.13
337.3046875,44.1,42.1,48.7,84.6,30.29,15.06,0,64.13
337.3125,43.85,42.8,48.7,84.6,30.29,15.06,0,64.13
337.3203125,48,44.15,48.7,84.6,30.29,15.06,0,64.13
337.328125,49.35,42.85,48.7,84.6,30.29,15.06,0,64.13
337.3359375,50.4,43.95,48.7,84.6,30.29,15.06,0,64.13
337.34375,47.25,43,48.7,84.6,30.29,15.06,0,64.13
337.3515625,47.3,43.85,48.7,84.6,30.29,15.06,0,64.13
337.359375,46.6,43.1,48.7,84.6,30.29,15.06,0,64.13
337.3671875,50.6,45.95,48.7,84.6,30.29,15.06,0,64.13
337.375,53.95,47.15,48.7,84.6,30.29,15.06,0,64.13
337.3828125,56.65,48.25,48.7,84.6,30.29,15.06,0,64.13
337.390625,57.3,46.85,48.7,84.6,30.29,15.06,0,64.13
337.3984375,58.85,46.75,48.7,84.6,30.29,15.06,0,64.13
337.40625,60.75,48,48.7,84.6,30.29,15.06,0,64.13
337.4140625,59.3,47.1,48.7,84.6,30.29,15.06,0,64.13
337.421875,58.8,45.7,48.7,84.6,30.29,15.06,0,64.13
337.4296875,57.75,43.95,48.7,84.6,30.29,15.06,0,64.13
337.4375,57.6,44.5,48.7,84.6,30.29,15.06,0,64.13
337.4453125,53.15,43.45,48.7,84.6,30.29,15.06,0,64.13
337.453125,54.25,46.8,48.7,84.6,30.29,15.06,0,64.13
337.4609375,55,48.3,48.7,84.6,30.29,15.06,0,64.13
337.46875,58.5,50.75,48.7,84.6,30.29,15.06,0,64.13
337.4765625,56.9,47.55,48.7,84.6,30.29,15.06,0,64.13
337.484375,58.2,45.65,48.7,84.6,30.29,15.06,0,64.13
337.4921875,57.95,42.9,48.7,84.6,30.29,15.06,0,64.13
337.5,57.25,42.75,48.7,84.6,30.29,15.06,0,64.13
337.5078125,55,42.3,48.7,84.6,30.29,15.06,0,64.13
337.515625,56.65,44.4,48.7,84.6,30.29,15.06,0,64.13
337.5234375,58.35,45.75,48.7,84.6,30.29,15.06,0,64.13
337.53125,54.65,45.7,48.7,84.6,30.29,15.06,0,64.13
337.5390625,47.05,41.8,48.7,84.6,30.29,15.06,0,64.13
337.546875,38.6,33.95,48.7,84.6,30.29,15.06,0,64.13
337.5546875,38.3,29.45,48.7,84.6,30.29,15.06,0,64.13
337.5625,40,27.2,48.7,84.6,30.29,15.06,0,64.13
337.5703125,46,29.35,48.7,84.6,30.29,15.06,0,64.13
337.578125,49.3,31.3,48.7,84.6,30.29,15.06,0,64.13
337.5859375,52.3,34,48.7,84.6,30.29,15.06,0,64.13
337.59375,47.65,30.25,48.7,84.6,30.29,15.06,0,64.13
337.6015625,43.35,27.4,48.7,84.6,30.29,15.06,0,64.13
337.609375,37.85,23.25,48.7,84.6,30.29,15.06,0,64.13
337.6171875,39.4,24.1,48.7,84.6,30.29,15.06,0,64.13
337.625,41.6,24.8,48.7,84.6,30.29,15.06,0,64.13
337.6328125,45.45,26.6,48.7,84.6,30.29,15.06,0,64.13
337.640625,48.7,27.95,48.7,84.6,30.29,15.06,0,64.13
337.6484375,50.55,30.1,48.7,84.6,30.29,15.06,0,64.13
337.65625,49.85,30.55,48.7,84.6,30.29,15.06,0,64.13
337.6640625,48.2,30.65,48.7,84.6,30.29,15.06,0,64.13
337.671875,46.35,31.15,48.7,84.6,30.29,15.06,0,64.13
337.6796875,41.75,29.55,48.7,84.6,30.29,15.06,0,64.13
337.6875,41.5,29.5,48.7,84.6,30.29,15.06,0,64.13
337.6953125,40.3,27.5,48.7,84.6,30.29,15.06,0,64.13
337.703125,43.3,28.05,48.7,84.6,30.29,15.06,0,64.13
337.7109375,46.85,28.65,48.7,84.6,30.29,15.06,0,64.13
337.71875,51.55,31,48.7,84.6,30.29,15.06,0,64.13
337.7265625,46.75,28.25,48.7,84.6,30.29,15.06,0,64.13
337.734375,40.15,26.85,48.7,84.6,30.29,15.06,0,64.13
337.7421875,30.5,22.4,48.7,84.6,30.29,15.06,0,64.13
337.75,25.35,20.25,48.7,84.6,30.29,15.06,0,64.13
337.7578125,23.85,19.3,48.7,84.6,30.29,15.06,0,64.13
337.765625,25.15,21.15,48.7,84.6,30.29,15.06,0,64.13
337.7734375,23.7,21.4,48.7,84.6,30.29,15.06,0,64.13
337.78125,19.45,20.85,48.7,84.6,30.29,15.06,0,64.13
337.7890625,15.45,20.3,48.7,84.6,30.29,15.06,0,64.13
337.796875,11.95,20.1,48.7,84.6,30.29,15.06,0,64.13
337.8046875,14.8,21.6,48.7,84.6,30.29,15.06,0,64.13
337.8125,16.6,21.55,48.7,84.6,30.29,15.06,0,64.13
337.8203125,19.4,22.4,48.7,84.6,30.29,15.06,0,64.13
337.828125,19.1,20.95,48.7,84.6,30.29,15.06,0,64.13
337.8359375,21.7,22.4,48.7,84.6,30.29,15.06,0,64.13
337.84375,19.4,22.45,48.7,84.6,30.29,15.06,0,64.13
337.8515625,19.45,25.1,48.7,84.6,30.29,15.06,0,64.13
337.859375,16.15,24.05,48.7,84.6,30.29,15.06,0,64.13
337.8671875,15.85,24.8,48.7,84.6,30.29,15.06,0,64.13
337.875,17.55,25.6,48.7,84.6,30.29,15.06,0,64.13
337.8828125,24.55,29.75,48.7,84.6,30.29,15.06,0,64.13
337.890625,29.5,31.15,48.7,84.6,30.29,15.06,0,64.13
337.8984375,34.45,33.75,48.7,84.6,30.29,15.06,0,64.13
337.90625,39.7,36.8,48.7,84.6,30.29,15.06,0,64.13
337.9140625,40.75,37.3,48.7,84.6,30.29,15.06,0,64.13
337.921875,36.85,34.85,48.7,84.6,30.29,15.06,0,64.13
337.9296875,31.85,32.1,48.7,84.6,30.29,15.06,0,64.13
337.9375,35.35,34.1,48.7,84.6,30.29,15.06,0,64.13
337.9453125,37.8,34.85,48.7,84.6,30.29,15.06,0,64.13
337.953125,39.15,35.35,48.7,84.6,30.29,15.06,0,64.13
337.9609375,35.85,33.25,48.7,84.6,30.29,15.06,0,64.13
337.96875,36.8,35.8,48.7,84.6,30.29,15.06,0,64.13
337.9765625,36.65,35.55,48.7,84.6,30.29,15.06,0,64.13
337.984375,41.55,36.1,48.7,84.6,30.29,15.06,0,64.13
337.9921875,44.1,35,48.7,84.6,30.29,15.06,0,64.13
338,46.2,35.7,48.7,84.6,30.29,15.06,0,64.13
338.0078125,47.3,35.8,48.7,84.6,30.29,15.06,0,64.13
338.015625,51.25,40,48.7,84.6,30.29,15.06,0,64.13
338.0234375,54.1,42.9,48.7,84.6,30.29,15.06,0,64.13
338.03125,54.75,44.05,48.7,84.6,30.29,15.06,0,64.13
338.0390625,53.35,42.6,48.7,84.6,30.29,15.06,0,64.13
338.046875,47.35,36.95,48.7,84.6,30.29,15.06,0,64.13
338.0546875,43.3,32.05,48.7,84.6,30.29,15.06,0,64.13
338.0625,40.75,29.35,48.7,84.6,30.29,15.06,0,64.13
338.0703125,43.5,31.35,48.7,84.6,30.29,15.06,0,64.13
338.078125,43.8,33.05,48.7,84.6,30.29,15.06,0,64.13
338.0859375,45.85,36.85,48.7,84.6,30.29,15.06,0,64.13
338.09375,42.25,35.65,48.7,84.6,30.29,15.06,0,64.13
338.1015625,40,35,48.7,84.6,30.29,15.06,0,64.13
338.109375,35.85,31.65,48.7,84.6,30.29,15.06,0,64.13
338.1171875,37.35,32.75,48.7,84.6,30.29,15.06,0,64.13
338.125,38.35,34.3,48.7,84.6,30.29,15.06,0,64.13
338.1328125,38.05,35.9,48.7,84.6,30.29,15.06,0,64.13
338.140625,35.85,34.45,48.7,84.6,30.29,15.06,0,64.13
338.1484375,37.65,34.85,48.7,84.6,30.29,15.06,0,64.13
338.15625,41.6,35.2,48.2,85.9,29.75,15.22,0,63.88
338.1640625,44.95,35.4,48.2,85.9,29.75,15.22,0,63.88
338.171875,49.8,36.7,48.2,85.9,29.75,15.22,0,63.88
338.1796875,51.15,36.3,48.2,85.9,29.75,15.22,0,63.88
338.1875,53.2,37.55,48.2,85.9,29.75,15.22,0,63.88
338.1953125,53.5,38.15,48.2,85.9,29.75,15.22,0,63.88
338.203125,56.5,40.8,48.2,85.9,29.75,15.22,0,63.88
338.2109375,57.2,41.3,48.2,85.9,29.75,15.22,0,63.88
338.21875,59.8,43.25,48.2,85.9,29.75,15.22,0,63.88
338.2265625,55.15,42,48.2,85.9,29.75,15.22,0,63.88
338.234375,54.5,44.6,48.2,85.9,29.75,15.22,0,63.88
338.2421875,54.1,45,48.2,85.9,29.75,15.22,0,63.88
338.25,52.3,44.5,48.2,85.9,29.75,15.22,0,63.88
338.2578125,45.3,41.8,48.2,85.9,29.75,15.22,0,63.88
338.265625,40.7,41.25,48.2,85.9,29.75,15.22,0,63.88
338.2734375,38,40.4,48.2,85.9,29.75,15.22,0,63.88
338.28125,39.85,40.6,48.2,85.9,29.75,15.22,0,63.88
338.2890625,44.55,39.8,48.2,85.9,29.75,15.22,0,63.88
338.296875,48.1,39.5,48.2,85.9,29.75,15.22,0,63.88
338.3046875,54.75,43.4,48.2,85.9,29.75,15.22,0,63.88
338.3125,55.8,44.85,48.2,85.9,29.75,15.22,0,63.88
338.3203125,51.75,44.75,48.2,85.9,29.75,15.22,0,63.88
338.328125,45.75,43.2,48.2,85.9,29.75,15.22,0,63.88
338.3359375,48.15,45.35,48.2,85.9,29.75,15.22,0,63.88
338.34375,48.7,43.9,48.2,85.9,29.75,15.22,0,63.88
338.3515625,49.25,42.4,48.2,85.9,29.75,15.22,0,63.88
338.359375,44.8,37.2,48.2,85.9,29.75,15.22,0,63.88
338.3671875,43,35.35,48.2,85.9,29.75,15.22,0,63.88
338.375,39.1,32.45,48.2,85.9,29.75,15.22,0,63.88
338.3828125,36.95,31.6,48.2,85.9,29.75,15.22,0,63.88
338.390625,38.3,32.65,48.2,85.9,29.75,15.22,0,63.88
338.3984375,43.65,36.4,48.2,85.9,29.75,15.22,0,63.88
338.40625,47.4,38.6,48.2,85.9,29.75,15.22,0,63.88
338.4140625,47.55,39.2,48.2,85.9,29.75,15.22,0,63.88
338.421875,46.55,36.95,48.2,85.9,29.75,15.22,0,63.88
338.4296875,41.7,32,48.2,85.9,29.75,15.22,0,63.88
338.4375,39.6,30.5,48.2,85.9,29.75,15.22,0,63.88
338.4453125,35.25,27.6,48.2,85.9,29.75,15.22,0,63.88
338.453125,34.45,27.45,48.2,85.9,29.75,15.22,0,63.88
338.4609375,35.8,28.05,48.2,85.9,29.75,15.22,0,63.88
338.46875,48.05,33.6,48.2,85.9,29.75,15.22,0,63.88
338.4765625,56.7,36.75,48.2,85.9,29.75,15.22,0,63.88
338.484375,60.05,39.2,48.2,85.9,29.75,15.22,0,63.88
338.4921875,53.95,36.25,48.2,85.9,29.75,15.22,0,63.88
338.5,47.95,35.55,48.2,85.9,29.75,15.22,0,63.88
338.5078125,38.9,32.35,48.2,85.9,29.75,15.22,0,63.88
338.515625,31.85,29,48.2,85.9,29.75,15.22,0,63.88
338.5234375,28.2,26.6,48.2,85.9,29.75,15.22,0,63.88
338.53125,29.3,27.55,48.2,85.9,29.75,15.22,0,63.88
338.5390625,31.25,28.45,48.2,85.9,29.75,15.22,0,63.88
338.546875,30.85,28.85,48.2,85.9,29.75,15.22,0,63.88
338.5546875,29.95,28.75,48.2,85.9,29.75,15.22,0,63.88
338.5625,25.35,25.2,48.2,85.9,29.75,15.22,0,63.88
338.5703125,22.9,22.55,48.2,85.9,29.75,15.22,0,63.88
338.578125,19.25,19,48.2,85.9,29.75,15.22,0,63.88
338.5859375,22.15,19.2,48.2,85.9,29.75,15.22,0,63.88
338.59375,24.7,18.15,48.2,85.9,29.75,15.22,0,63.88
338.6015625,28.1,20,48.2,85.9,29.75,15.22,0,63.88
338.609375,27.8,20.1,48.2,85.9,29.75,15.22,0,63.88
338.6171875,29.45,22.85,48.2,85.9,29.75,15.22,0,63.88
338.625,27.45,22.85,48.2,85.9,29.75,15.22,0,63.88
338.6328125,26.9,23.6,48.2,85.9,29.75,15.22,0,63.88
338.640625,28.9,23.4,48.2,85.9,29.75,15.22,0,63.88
338.6484375,31.9,23.3,48.2,85.9,29.75,15.22,0,63.88
338.65625,33.9,22.5,48.2,85.9,29.75,15.22,0,63.88
338.6640625,35.6,23.35,48.2,85.9,29.75,15.22,0,63.88
338.671875,37.7,25.95,48.2,85.9,29.75,15.22,0,63.88
338.6796875,34.65,27.1,48.2,85.9,29.75,15.22,0,63.88
338.6875,35.95,29.65,48.2,85.9,29.75,15.22,0,63.88
338.6953125,37.95,30.4,48.2,85.9,29.75,15.22,0,63.88
338.703125,40.65,31.05,48.2,85.9,29.75,15.22,0,63.88
338.7109375,34.7,25.8,48.2,85.9,29.75,15.22,0,63.88
338.71875,29.3,21.95,48.2,85.9,29.75,15.22,0,63.88
338.7265625,21.9,17.8,48.2,85.9,29.75,15.22,0,63.88
338.734375,20.3,17.7,48.2,85.9,29.75,15.22,0,63.88
338.7421875,19.1,16.15,48.2,85.9,29.75,15.22,0,63.88
338.75,24.4,19,48.2,85.9,29.75,15.22,0,63.88
338.7578125,30,20.95,48.2,85.9,29.75,15.22,0,63.88
338.765625,35.6,23.9,48.2,85.9,29.75,15.22,0,63.88
338.7734375,36.35,23.2,48.2,85.9,29.75,15.22,0,63.88
338.78125,34,21.6,48.2,85.9,29.75,15.22,0,63.88
338.7890625,31.05,20.7,48.2,85.9,29.75,15.22,0,63.88
338.796875,27.5,20.3,48.2,85.9,29.75,15.22,0,63.88
338.8046875,25,19.65,48.2,85.9,29.75,15.22,0,63.88
338.8125,22.85,18.6,48.2,85.9,29.75,15.22,0,63.88
338.8203125,25.7,20.35,48.2,85.9,29.75,15.22,0,63.88
338.828125,25.9,20.5,48.2,85.9,29.75,15.22,0,63.88
338.8359375,27.65,22.7,48.2,85.9,29.75,15.22,0,63.88
338.84375,27.3,22.65,48.2,85.9,29.75,15.22,0,63.88
338.8515625,29.7,25.05,48.2,85.9,29.75,15.22,0,63.88
338.859375,29.6,25.2,48.2,85.9,29.75,15.22,0,63.88
338.8671875,33.35,28.25,48.2,85.9,29.75,15.22,0,63.88
338.875,35.7,29.45,48.2,85.9,29.75,15.22,0,63.88
338.8828125,38.45,30.5,48.2,85.9,29.75,15.22,0,63.88
338.890625,38.55,29.1,48.2,85.9,29.75,15.22,0,63.88
338.8984375,39.4,29.1,48.2,85.9,29.75,15.22,0,63.88
338.90625,40.65,28.6,48.2,85.9,29.75,15.22,0,63.88
338.9140625,39.6,27.15,48.2,85.9,29.75,15.22,0,63.88
338.921875,40.15,26.45,48.2,85.9,29.75,15.22,0,63.88
338.9296875,39.9,25.25,48.2,85.9,29.75,15.22,0,63.88
338.9375,39.55,26.25,48.2,85.9,29.75,15.22,0,63.88
338.9453125,36.95,26.85,48.2,85.9,29.75,15.22,0,63.88
338.953125,38.8,29.3,48.2,85.9,29.75,15.22,0,63.88
338.9609375,34.65,27.55,48.2,85.9,29.75,15.22,0,63.88
338.96875,29.3,25.1,48.2,85.9,29.75,15.22,0,63.88
338.9765625,19.95,17.95,48.2,85.9,29.75,15.22,0,63.88
338.984375,16.2,16.2,48.2,85.9,29.75,15.22,0,63.88
338.9921875,16.6,17.45,48.2,85.9,29.75,15.22,0,63.88
339,22.65,21.6,48.2,85.9,29.75,15.22,0,63.88
339.0078125,25.25,21.4,48.2,85.9,29.75,15.22,0,63.88
339.015625,27.7,22.15,48.2,85.9,29.75,15.22,0,63.88
339.0234375,28.15,22,48.2,85.9,29.75,15.22,0,63.88
339.03125,27.45,21.35,48.2,85.9,29.75,15.22,0,63.88
339.0390625,27.25,20.9,48.2,85.9,29.75,15.22,0,63.88
339.046875,24.65,19.9,48.2,85.9,29.75,15.22,0,63.88
339.0546875,19.75,18.8,48.2,85.9,29.75,15.22,0,63.88
339.0625,11.2,16.85,48.2,85.9,29.75,15.22,0,63.88
339.0703125,8,18.35,48.2,85.9,29.75,15.22,0,63.88
339.078125,8.3,19.55,48.2,85.9,29.75,15.22,0,63.88
339.0859375,17.35,25,48.2,85.9,29.75,15.22,0,63.88
339.09375,23.5,27.85,48.2,85.9,29.75,15.22,0,63.88
339.1015625,29.9,31.65,48.2,85.9,29.75,15.22,0,63.88
339.109375,31.2,33.35,48.2,85.9,29.75,15.22,0,63.88
339.1171875,32.1,37.6,48.2,85.9,29.75,15.22,0,63.88
339.125,25.75,36.3,48.2,85.9,29.75,15.22,0,63.88
339.1328125,18,33.6,48.2,85.9,29.75,15.22,0,63.88
339.140625,9.65,29.15,48.2,85.9,29.75,15.22,0,63.88
339.1484375,7.2,27.4,48.2,85.9,29.75,15.22,0,63.88
339.15625,9.55,27.6,47.7,87.2,29.61,15.25,0,63.77
339.1640625,10.9,28.35,47.7,87.2,29.61,15.25,0,63.77
339.171875,12.25,28.9,47.7,87.2,29.61,15.25,0,63.77
339.1796875,12.85,28.45,47.7,87.2,29.61,15.25,0,63.77
339.1875,12.5,28.7,47.7,87.2,29.61,15.25,0,63.77
339.1953125,4.15,24.85,47.7,87.2,29.61,15.25,0,63.77
339.203125,-0.6,22.8,47.7,87.2,29.61,15.25,0,63.77
339.2109375,-3.8,20.5,47.7,87.2,29.61,15.25,0,63.77
339.21875,-0.3,22.05,47.7,87.2,29.61,15.25,0,63.77
339.2265625,5.25,23.65,47.7,87.2,29.61,15.25,0,63.77
339.234375,15.75,29.45,47.7,87.2,29.61,15.25,0,63.77
339.2421875,19.1,30.2,47.7,87.2,29.61,15.25,0,63.77
339.25,20.7,30.25,47.7,87.2,29.61,15.25,0,63.77
339.2578125,17.95,28.9,47.7,87.2,29.61,15.25,0,63.77
339.265625,14.6,28.75,47.7,87.2,29.61,15.25,0,63.77
339.2734375,13.65,27.65,47.7,87.2,29.61,15.25,0,63.77
339.28125,15.75,28.3,47.7,87.2,29.61,15.25,0,63.77
339.2890625,16.9,28.25,47.7,87.2,29.61,15.25,0,63.77
339.296875,17.05,29,47.7,87.2,29.61,15.25,0,63.77
339.3046875,16.85,30.35,47.7,87.2,29.61,15.25,0,63.77
339.3125,12.45,27.7,47.7,87.2,29.61,15.25,0,63.77
339.3203125,13.2,27.25,47.7,87.2,29.61,15.25,0,63.77
339.328125,14.95,27.4,47.7,87.2,29.61,15.25,0,63.77
339.3359375,20.5,30.1,47.7,87.2,29.61,15.25,0,63.77
339.34375,23.95,31.6,47.7,87.2,29.61,15.25,0,63.77
339.3515625,29.2,35.5,47.7,87.2,29.61,15.25,0,63.77
339.359375,29.75,35.6,47.7,87.2,29.61,15.25,0,63.77
339.3671875,32.5,38.3,47.7,87.2,29.61,15.25,0,63.77
339.375,31.95,37.9,47.7,87.2,29.61,15.25,0,63.77
339.3828125,30.95,37.3,47.7,87.2,29.61,15.25,0,63.77
339.390625,28.3,35.3,47.7,87.2,29.61,15.25,0,63.77
339.3984375,27.9,33.65,47.7,87.2,29.61,15.25,0,63.77
339.40625,29.75,31.15,47.7,87.2,29.61,15.25,0,63.77
339.4140625,31.85,31.4,47.7,87.2,29.61,15.25,0,63.77
339.421875,34.75,33.65,47.7,87.2,29.61,15.25,0,63.77
339.4296875,34,34.15,47.7,87.2,29.61,15.25,0,63.77
339.4375,33.25,34.7,47.7,87.2,29.61,15.25,0,63.77
339.4453125,29.05,33.05,47.7,87.2,29.61,15.25,0,63.77
339.453125,27.55,33.5,47.7,87.2,29.61,15.25,0,63.77
339.4609375,25.7,33.35,47.7,87.2,29.61,15.25,0,63.77
339.46875,31.35,37.4,47.7,87.2,29.61,15.25,0,63.77
339.4765625,34.95,39.35,47.7,87.2,29.61,15.25,0,63.77
339.484375,37.4,40.65,47.7,87.2,29.61,15.25,0,63.77
339.4921875,34,37.05,47.7,87.2,29.61,15.25,0,63.77
339.5,32.65,36.05,47.7,87.2,29.61,15.25,0,63.77
339.5078125,30.95,34.4,47.7,87.2,29.61,15.25,0,63.77
339.515625,33.85,37,47.7,87.2,29.61,15.25,0,63.77
339.5234375,39.5,41.25,47.7,87.2,29.61,15.25,0,63.77
339.53125,45.05,45.55,47.7,87.2,29.61,15.25,0,63.77
339.5390625,48.9,49.15,47.7,87.2,29.61,15.25,0,63.77
339.546875,50.35,51.5,47.7,87.2,29.61,15.25,0,63.77
339.5546875,52.5,52.25,47.7,87.2,29.61,15.25,0,63.77
339.5625,49.65,50.1,47.7,87.2,29.61,15.25,0,63.77
339.5703125,47.2,47.45,47.7,87.2,29.61,15.25,0,63.77
339.578125,42.5,40.85,47.7,87.2,29.61,15.25,0,63.77
339.5859375,41.25,37.25,47.7,87.2,29.61,15.25,0,63.77
339.59375,35.4,32.85,47.7,87.2,29.61,15.25,0,63.77
339.6015625,33.4,32.15,47.7,87.2,29.61,15.25,0,63.77
339.609375,32.85,32.55,47.7,87.2,29.61,15.25,0,63.77
339.6171875,36,35.85,47.7,87.2,29.61,15.25,0,63.77
339.625,35.5,36.15,47.7,87.2,29.61,15.25,0,63.77
339.6328125,38.25,40,47.7,87.2,29.61,15.25,0,63.77
339.640625,40.3,42.45,47.7,87.2,29.61,15.25,0,63.77
339.6484375,42.55,44.75,47.7,87.2,29.61,15.25,0,63.77
339.65625,44.95,46.05,47.7,87.2,29.61,15.25,0,63.77
339.6640625,46.05,45.8,47.7,87.2,29.61,15.25,0,63.77
339.671875,47.05,45.25,47.7,87.2,29.61,15.25,0,63.77
339.6796875,50.9,46.15,47.7,87.2,29.61,15.25,0,63.77
339.6875,56.65,47.4,47.7,87.2,29.61,15.25,0,63.77
339.6953125,54.6,45.05,47.7,87.2,29.61,15.25,0,63.77
339.703125,55.2,46.05,47.7,87.2,29.61,15.25,0,63.77
339.7109375,57.35,46.95,47.7,87.2,29.61,15.25,0,63.77
339.71875,62.25,50.2,47.7,87.2,29.61,15.25,0,63.77
339.7265625,63.6,50.9,47.7,87.2,29.61,15.25,0,63.77
339.734375,68.2,54.75,47.7,87.2,29.61,15.25,0,63.77
339.7421875,71.85,57.7,47.7,87.2,29.61,15.25,0,63.77
339.75,78.4,61.8,47.7,87.2,29.61,15.25,0,63.77
339.7578125,77.7,60.2,47.7,87.2,29.61,15.25,0,63.77
339.765625,70.15,55.5,47.7,87.2,29.61,15.25,0,63.77
339.7734375,62.55,48.95,47.7,87.2,29.61,15.25,0,63.77
339.78125,60.4,46.15,47.7,87.2,29.61,15.25,0,63.77
339.7890625,60.55,46.4,47.7,87.2,29.61,15.25,0,63.77
339.796875,59.15,47.65,47.7,87.2,29.61,15.25,0,63.77
339.8046875,59.45,50.2,47.7,87.2,29.61,15.25,0,63.77
339.8125,56.45,49.6,47.7,87.2,29.61,15.25,0,63.77
339.8203125,56.15,48.8,47.7,87.2,29.61,15.25,0,63.77
339.828125,52.15,45.7,47.7,87.2,29.61,15.25,0,63.77
339.8359375,49.75,43.45,47.7,87.2,29.61,15.25,0,63.77
339.84375,46.55,39.85,47.7,87.2,29.61,15.25,0,63.77
339.8515625,48.05,40.95,47.7,87.2,29.61,15.25,0,63.77
339.859375,44.6,37.6,47.7,87.2,29.61,15.25,0,63.77
339.8671875,46.2,36.45,47.7,87.2,29.61,15.25,0,63.77
339.875,48.3,37.4,47.7,87.2,29.61,15.25,0,63.77
339.8828125,49.45,38.95,47.7,87.2,29.61,15.25,0,63.77
339.890625,45.7,36.1,47.7,87.2,29.61,15.25,0,63.77
339.8984375,43.2,35.05,47.7,87.2,29.61,15.25,0,63.77
339.90625,40.2,32.7,47.7,87.2,29.61,15.25,0,63.77
339.9140625,36.45,30,47.7,87.2,29.61,15.25,0,63.77
339.921875,32.2,28.2,47.7,87.2,29.61,15.25,0,63.77
339.9296875,27.7,26.05,47.7,87.2,29.61,15.25,0,63.77
339.9375,27.35,25.1,47.7,87.2,29.61,15.25,0,63.77
339.9453125,23.3,22.4,47.7,87.2,29.61,15.25,0,63.77
339.953125,21.35,22.05,47.7,87.2,29.61,15.25,0,63.77
339.9609375,19.4,20.55,47.7,87.2,29.61,15.25,0,63.77
339.96875,20.95,19.75,47.7,87.2,29.61,15.25,0,63.77
339.9765625,19.9,15.8,47.7,87.2,29.61,15.25,0,63.77
339.984375,22.1,15.8,47.7,87.2,29.61,15.25,0,63.77
339.9921875,16.95,11.8,47.7,87.2,29.61,15.25,0,63.77
340,8.1,7.9,47.7,87.2,29.61,15.25,0,63.77
340.0078125,-2.55,4.2,47.7,87.2,29.61,15.25,0,63.77
340.015625,-7.95,4.15,47.7,87.2,29.61,15.25,0,63.77
340.0234375,-10.1,4.15,47.7,87.2,29.61,15.25,0,63.77
340.03125,-8.55,5.95,47.7,87.2,29.61,15.25,0,63.77
340.0390625,-3.4,8.1,47.7,87.2,29.61,15.25,0,63.77
340.046875,0.2,8.15,47.7,87.2,29.61,15.25,0,63.77
340.0546875,1.5,5.35,47.7,87.2,29.61,15.25,0,63.77
340.0625,-0.85,1.6,47.7,87.2,29.61,15.25,0,63.77
340.0703125,-4.2,0.45,47.7,87.2,29.61,15.25,0,63.77
340.078125,-13.3,-2.85,47.7,87.2,29.61,15.25,0,63.77
340.0859375,-13.5,-0.55,47.7,87.2,29.61,15.25,0,63.77
340.09375,-11.65,1.7,47.7,87.2,29.61,15.25,0,63.77
340.1015625,-11.25,1.85,47.7,87.2,29.61,15.25,0,63.77
340.109375,-14.8,-0.95,47.7,87.2,29.61,15.25,0,63.77
340.1171875,-10.75,2.35,47.7,87.2,29.61,15.25,0,63.77
340.125,-5.9,4.6,47.7,87.2,29.61,15.25,0,63.77
340.1328125,0.25,8.3,47.7,87.2,29.61,15.25,0,63.77
340.140625,1.15,8.95,47.7,87.2,29.61,15.25,0,63.77
340.1484375,-1.45,7.8,47.7,87.2,29.61,15.25,0,63.77
340.15625,-2.7,6.8,48,88.5,29.21,15.25,0,63.73
340.1640625,0.25,8.65,48,88.5,29.21,15.25,0,63.73
340.171875,6.65,11.8,48,88.5,29.21,15.25,0,63.73
340.1796875,10.7,15.05,48,88.5,29.21,15.25,0,63.73
340.1875,15.3,17.65,48,88.5,29.21,15.25,0,63.73
340.1953125,17.4,16.7,48,88.5,29.21,15.25,0,63.73
340.203125,17.9,16.65,48,88.5,29.21,15.25,0,63.73
340.2109375,13.5,15.85,48,88.5,29.21,15.25,0,63.73
340.21875,13.7,18.05,48,88.5,29.21,15.25,0,63.73
340.2265625,10.65,16.55,48,88.5,29.21,15.25,0,63.73
340.234375,12.1,17.75,48,88.5,29.21,15.25,0,63.73
340.2421875,11,17.05,48,88.5,29.21,15.25,0,63.73
340.25,7.6,16.65,48,88.5,29.21,15.25,0,63.73
340.2578125,2.3,13.15,48,88.5,29.21,15.25,0,63.73
340.265625,3.2,11.1,48,88.5,29.21,15.25,0,63.73
340.2734375,7.85,10.3,48,88.5,29.21,15.25,0,63.73
340.28125,17.75,14.95,48,88.5,29.21,15.25,0,63.73
340.2890625,24.5,18.95,48,88.5,29.21,15.25,0,63.73
340.296875,21.5,18.55,48,88.5,29.21,15.25,0,63.73
340.3046875,19.2,18.85,48,88.5,29.21,15.25,0,63.73
340.3125,17.95,18.55,48,88.5,29.21,15.25,0,63.73
340.3203125,17.65,17.65,48,88.5,29.21,15.25,0,63.73
340.328125,14.55,14.95,48,88.5,29.21,15.25,0,63.73
340.3359375,15.85,17.55,48,88.5,29.21,15.25,0,63.73
340.34375,18.1,19.65,48,88.5,29.21,15.25,0,63.73
340.3515625,28.55,24.7,48,88.5,29.21,15.25,0,63.73
340.359375,35.3,25.7,48,88.5,29.21,15.25,0,63.73
340.3671875,39,26.7,48,88.5,29.21,15.25,0,63.73
340.375,36.6,24.65,48,88.5,29.21,15.25,0,63.73
340.3828125,36.95,26.3,48,88.5,29.21,15.25,0,63.73
340.390625,36,26.4,48,88.5,29.21,15.25,0,63.73
340.3984375,35.15,26.85,48,88.5,29.21,15.25,0,63.73
340.40625,31.85,25.65,48,88.5,29.21,15.25,0,63.73
340.4140625,25.45,24,48,88.5,29.21,15.25,0,63.73
340.421875,18.6,22.95,48,88.5,29.21,15.25,0,63.73
340.4296875,14.9,23.85,48,88.5,29.21,15.25,0,63.73
340.4375,15.6,25.35,48,88.5,29.21,15.25,0,63.73
340.4453125,14,23.6,48,88.5,29.21,15.25,0,63.73
340.453125,18.2,24,48,88.5,29.21,15.25,0,63.73
340.4609375,22.15,22.75,48,88.5,29.21,15.25,0,63.73
340.46875,28.75,24.95,48,88.5,29.21,15.25,0,63.73
340.4765625,30.15,26,48,88.5,29.21,15.25,0,63.73
340.484375,31.15,27.5,48,88.5,29.21,15.25,0,63.73
340.4921875,26.55,24.95,48,88.5,29.21,15.25,0,63.73
340.5,23.6,23.85,48,88.5,29.21,15.25,0,63.73
340.5078125,20.5,20.6,48,88.5,29.21,15.25,0,63.73
340.515625,21,20.05,48,88.5,29.21,15.25,0,63.73
340.5234375,20.15,18.7,48,88.5,29.21,15.25,0,63.73
340.53125,18.2,17.05,48,88.5,29.21,15.25,0,63.73
340.5390625,16.85,16.2,48,88.5,29.21,15.25,0,63.73
340.546875,16,16.35,48,88.5,29.21,15.25,0,63.73
340.5546875,15.85,15.3,48,88.5,29.21,15.25,0,63.73
340.5625,12.7,10.6,48,88.5,29.21,15.25,0,63.73
340.5703125,15.15,9.1,48,88.5,29.21,15.25,0,63.73
340.578125,21.7,11.15,48,88.5,29.21,15.25,0,63.73
340.5859375,32.65,17.75,48,88.5,29.21,15.25,0,63.73
340.59375,34.05,18.3,48,88.5,29.21,15.25,0,63.73
340.6015625,32.55,17.65,48,88.5,29.21,15.25,0,63.73
340.609375,25.5,13.1,48,88.5,29.21,15.25,0,63.73
340.6171875,18.55,9.65,48,88.5,29.21,15.25,0,63.73
340.625,10.2,5.45,48,88.5,29.21,15.25,0,63.73
340.6328125,10.65,6.6,48,88.5,29.21,15.25,0,63.73
340.640625,14.35,7.25,48,88.5,29.21,15.25,0,63.73
340.6484375,22.15,11.3,48,88.5,29.21,15.25,0,63.73
340.65625,31.8,16.1,48,88.5,29.21,15.25,0,63.73
340.6640625,38.85,19.3,48,88.5,29.21,15.25,0,63.73
340.671875,43.25,22.05,48,88.5,29.21,15.25,0,63.73
340.6796875,44.8,24.55,48,88.5,29.21,15.25,0,63.73
340.6875,44.6,25.15,48,88.5,29.21,15.25,0,63.73
340.6953125,38,22.1,48,88.5,29.21,15.25,0,63.73
340.703125,35.2,21.75,48,88.5,29.21,15.25,0,63.73
340.7109375,32,19.95,48,88.5,29.21,15.25,0,63.73
340.71875,34.95,21.65,48,88.5,29.21,15.25,0,63.73
340.7265625,39.6,23.55,48,88.5,29.21,15.25,0,63.73
340.734375,51.1,29.3,48,88.5,29.21,15.25,0,63.73
340.7421875,56.8,31.8,48,88.5,29.21,15.25,0,63.73
340.75,56.3,33.2,48,88.5,29.21,15.25,0,63.73
340.7578125,49,30.95,48,88.5,29.21,15.25,0,63.73
340.765625,43.5,30.6,48,88.5,29.21,15.25,0,63.73
340.7734375,39.7,30.2,48,88.5,29.21,15.25,0,63.73
340.78125,37.45,30.2,48,88.5,29.21,15.25,0,63.73
340.7890625,35.35,29.25,48,88.5,29.21,15.25,0,63.73
340.796875,33.45,28,48,88.5,29.21,15.25,0,63.73
340.8046875,34.15,28.1,48,88.5,29.21,15.25,0,63.73
340.8125,29.8,26.95,48,88.5,29.21,15.25,0,63.73
340.8203125,26.85,27.2,48,88.5,29.21,15.25,0,63.73
340.828125,22.3,25.3,48,88.5,29.21,15.25,0,63.73
340.8359375,23.05,26.3,48,88.5,29.21,15.25,0,63.73
340.84375,24.8,27.15,48,88.5,29.21,15.25,0,63.73
340.8515625,29.85,30.05,48,88.5,29.21,15.25,0,63.73
340.859375,30.65,29.7,48,88.5,29.21,15.25,0,63.73
340.8671875,34.8,32.25,48,88.5,29.21,15.25,0,63.73
340.875,34.6,32.05,48,88.5,29.21,15.25,0,63.73
340.8828125,34.8,32.8,48,88.5,29.21,15.25,0,63.73
340.890625,34.55,31.4,48,88.5,29.21,15.25,0,63.73
340.8984375,33.9,30.25,48,88.5,29.21,15.25,0,63.73
340.90625,32.5,28.45,48,88.5,29.21,15.25,0,63.73
340.9140625,31.95,28.8,48,88.5,29.21,15.25,0,63.73
340.921875,30.75,29.2,48,88.5,29.21,15.25,0,63.73
340.9296875,30.2,29.95,48,88.5,29.21,15.25,0,63.73
340.9375,33.5,32.5,48,88.5,29.21,15.25,0,63.73
340.9453125,33.55,33.05,48,88.5,29.21,15.25,0,63.73
340.953125,35.85,34.2,48,88.5,29.21,15.25,0,63.73
340.9609375,34.65,32.25,48,88.5,29.21,15.25,0,63.73
340.96875,35.45,31.95,48,88.5,29.21,15.25,0,63.73
340.9765625,33.85,31.1,48,88.5,29.21,15.25,0,63.73
340.984375,32.4,32.65,48,88.5,29.21,15.25,0,63.73
340.9921875,27.95,32.1,48,88.5,29.21,15.25,0,63.73
341,30.45,35.4,48,88.5,29.21,15.25,0,63.73
341.0078125,31.95,35.45,48,88.5,29.21,15.25,0,63.73
341.015625,33.25,32.95,48,88.5,29.21,15.25,0,63.73
341.0234375,34.85,30.75,48,88.5,29.21,15.25,0,63.73
341.03125,33.5,30.6,48,88.5,29.21,15.25,0,63.73
341.0390625,28.4,29.85,48,88.5,29.21,15.25,0,63.73
341.046875,25.8,29.75,48,88.5,29.21,15.25,0,63.73
341.0546875,26.25,30.1,48,88.5,29.21,15.25,0,63.73
341.0625,24.9,29.05,48,88.5,29.21,15.25,0,63.73
341.0703125,28.1,29.55,48,88.5,29.21,15.25,0,63.73
341.078125,27.65,27.8,48,88.5,29.21,15.25,0,63.73
341.0859375,26,28.15,48,88.5,29.21,15.25,0,63.73
341.09375,23.7,28.25,48,88.5,29.21,15.25,0,63.73
341.1015625,26.55,31.55,48,88.5,29.21,15.25,0,63.73
341.109375,25.8,30.35,48,88.5,29.21,15.25,0,63.73
341.1171875,28.9,30.15,48,88.5,29.21,15.25,0,63.73
341.125,30.8,29.05,48,88.5,29.21,15.25,0,63.73
341.1328125,30.1,29.05,48,88.5,29.21,15.25,0,63.73
341.140625,26.95,26.6,48,88.5,29.21,15.25,0,63.73
341.1484375,32.05,29.4,48,88.5,29.21,15.25,0,63.73
341.15625,37.1,33.45,49.1,89.7,28.8,15.13,0,63.69
341.1640625,36.4,35.05,49.1,89.7,28.8,15.13,0,63.69
341.171875,34.5,35.15,49.1,89.7,28.8,15.13,0,63.69
341.1796875,30.1,34.35,49.1,89.7,28.8,15.13,0,63.69
341.1875,29.2,35.2,49.1,89.7,28.8,15.13,0,63.69
341.1953125,31.05,36.15,49.1,89.7,28.8,15.13,0,63.69
341.203125,34.45,36.35,49.1,89.7,28.8,15.13,0,63.69
341.2109375,32.3,31.8,49.1,89.7,28.8,15.13,0,63.69
341.21875,33.7,30.3,49.1,89.7,28.8,15.13,0,63.69
341.2265625,31.6,27.45,49.1,89.7,28.8,15.13,0,63.69
341.234375,34.4,30.4,49.1,89.7,28.8,15.13,0,63.69
341.2421875,36.35,34,49.1,89.7,28.8,15.13,0,63.69
341.25,41.5,38.7,49.1,89.7,28.8,15.13,0,63.69
341.2578125,46.15,40.25,49.1,89.7,28.8,15.13,0,63.69
341.265625,49.9,41.9,49.1,89.7,28.8,15.13,0,63.69
341.2734375,44.85,38.45,49.1,89.7,28.8,15.13,0,63.69
341.28125,41.2,36.6,49.1,89.7,28.8,15.13,0,63.69
341.2890625,41.05,36.45,49.1,89.7,28.8,15.13,0,63.69
341.296875,39.6,35.8,49.1,89.7,28.8,15.13,0,63.69
341.3046875,41.45,37.4,49.1,89.7,28.8,15.13,0,63.69
341.3125,46.5,40.2,49.1,89.7,28.8,15.13,0,63.69
341.3203125,50.95,40.85,49.1,89.7,28.8,15.13,0,63.69
341.328125,47.5,36.45,49.1,89.7,28.8,15.13,0,63.69
341.3359375,44.8,33.4,49.1,89.7,28.8,15.13,0,63.69
341.34375,38.65,28.2,49.1,89.7,28.8,15.13,0,63.69
341.3515625,38.7,27.3,49.1,89.7,28.8,15.13,0,63.69
341.359375,41.15,28,49.1,89.7,28.8,15.13,0,63.69
341.3671875,47.9,34.25,49.1,89.7,28.8,15.13,0,63.69
341.375,53.85,40.55,49.1,89.7,28.8,15.13,0,63.69
341.3828125,62,47.45,49.1,89.7,28.8,15.13,0,63.69
341.390625,62.65,48.05,49.1,89.7,28.8,15.13,0,63.69
341.3984375,58.6,46.3,49.1,89.7,28.8,15.13,0,63.69
341.40625,52.7,43,49.1,89.7,28.8,15.13,0,63.69
341.4140625,48.05,39.95,49.1,89.7,28.8,15.13,0,63.69
341.421875,50.45,39.75,49.1,89.7,28.8,15.13,0,63.69
341.4296875,58.3,43.25,49.1,89.7,28.8,15.13,0,63.69
341.4375,67.2,47.95,49.1,89.7,28.8,15.13,0,63.69
341.4453125,69.95,50.45,49.1,89.7,28.8,15.13,0,63.69
341.453125,73.8,55.6,49.1,89.7,28.8,15.13,0,63.69
341.4609375,71.1,55.9,49.1,89.7,28.8,15.13,0,63.69
341.46875,67,53.85,49.1,89.7,28.8,15.13,0,63.69
341.4765625,65,51.4,49.1,89.7,28.8,15.13,0,63.69
341.484375,73.15,55.45,49.1,89.7,28.8,15.13,0,63.69
341.4921875,74.15,56.6,49.1,89.7,28.8,15.13,0,63.69
341.5,69.9,56.3,49.1,89.7,28.8,15.13,0,63.69
341.5078125,61.7,51.1,49.1,89.7,28.8,15.13,0,63.69
341.515625,54.45,45.65,49.1,89.7,28.8,15.13,0,63.69
341.5234375,49.55,39.55,49.1,89.7,28.8,15.13,0,63.69
341.53125,53.35,39.35,49.1,89.7,28.8,15.13,0,63.69
341.5390625,60.25,42.2,49.1,89.7,28.8,15.13,0,63.69
341.546875,65.05,44.85,49.1,89.7,28.8,15.13,0,63.69
341.5546875,68.7,48,49.1,89.7,28.8,15.13,0,63.69
341.5625,68.2,49.65,49.1,89.7,28.8,15.13,0,63.69
341.5703125,71.55,52.35,49.1,89.7,28.8,15.13,0,63.69
341.578125,73.95,53.85,49.1,89.7,28.8,15.13,0,63.69
341.5859375,77.55,56.3,49.1,89.7,28.8,15.13,0,63.69
341.59375,74.5,54.3,49.1,89.7,28.8,15.13,0,63.69
341.6015625,70.8,53.9,49.1,89.7,28.8,15.13,0,63.69
341.609375,64.45,51.9,49.1,89.7,28.8,15.13,0,63.69
341.6171875,63.3,51.9,49.1,89.7,28.8,15.13,0,63.69
341.625,60,48.45,49.1,89.7,28.8,15.13,0,63.69
341.6328125,61.7,47.9,49.1,89.7,28.8,15.13,0,63.69
341.640625,65.25,48.6,49.1,89.7,28.8,15.13,0,63.69
341.6484375,70.15,52.55,49.1,89.7,28.8,15.13,0,63.69
341.65625,73.75,55.65,49.1,89.7,28.8,15.13,0,63.69
341.6640625,75.3,58.05,49.1,89.7,28.8,15.13,0,63.69
341.671875,71.5,56.95,49.1,89.7,28.8,15.13,0,63.69
341.6796875,64.25,53.35,49.1,89.7,28.8,15.13,0,63.69
341.6875,62.05,52.7,49.1,89.7,28.8,15.13,0,63.69
341.6953125,60,51.05,49.1,89.7,28.8,15.13,0,63.69
341.703125,60.9,49.7,49.1,89.7,28.8,15.13,0,63.69
341.7109375,60,47.4,49.1,89.7,28.8,15.13,0,63.69
341.71875,64.45,48.85,49.1,89.7,28.8,15.13,0,63.69
341.7265625,65.5,46.95,49.1,89.7,28.8,15.13,0,63.69
341.734375,68.7,48.15,49.1,89.7,28.8,15.13,0,63.69
341.7421875,70.35,49.85,49.1,89.7,28.8,15.13,0,63.69
341.75,74.85,54.45,49.1,89.7,28.8,15.13,0,63.69
341.7578125,72.7,54.75,49.1,89.7,28.8,15.13,0,63.69
341.765625,69.25,56.5,49.1,89.7,28.8,15.13,0,63.69
341.7734375,66.6,57.6,49.1,89.7,28.8,15.13,0,63.69
341.78125,68.7,60.3,49.1,89.7,28.8,15.13,0,63.69
341.7890625,68.55,61.15,49.1,89.7,28.8,15.13,0,63.69
341.796875,66.6,59.8,49.1,89.7,28.8,15.13,0,63.69
341.8046875,68.45,56.55,49.1,89.7,28.8,15.13,0,63.69
341.8125,66.1,52.6,49.1,89.7,28.8,15.13,0,63.69
341.8203125,63.05,51.75,49.1,89.7,28.8,15.13,0,63.69
341.828125,60.6,50.9,49.1,89.7,28.8,15.13,0,63.69
341.8359375,60.55,50.95,49.1,89.7,28.8,15.13,0,63.69
341.84375,55.6,47.7,49.1,89.7,28.8,15.13,0,63.69
341.8515625,59.1,49.9,49.1,89.7,28.8,15.13,0,63.69
341.859375,65.4,53.35,49.1,89.7,28.8,15.13,0,63.69
341.8671875,74,57.5,49.1,89.7,28.8,15.13,0,63.69
341.875,77.9,57.45,49.1,89.7,28.8,15.13,0,63.69
341.8828125,79.05,57.75,49.1,89.7,28.8,15.13,0,63.69
341.890625,73.85,54.65,49.1,89.7,28.8,15.13,0,63.69
341.8984375,69.95,53.6,49.1,89.7,28.8,15.13,0,63.69
341.90625,69.05,55.2,49.1,89.7,28.8,15.13,0,63.69
341.9140625,70.25,58.15,49.1,89.7,28.8,15.13,0,63.69
341.921875,74,61.2,49.1,89.7,28.8,15.13,0,63.69
341.9296875,74.3,62.7,49.1,89.7,28.8,15.13,0,63.69
341.9375,72.8,63.05,49.1,89.7,28.8,15.13,0,63.69
341.9453125,67.95,60.1,49.1,89.7,28.8,15.13,0,63.69
341.953125,65.85,59.4,49.1,89.7,28.8,15.13,0,63.69
341.9609375,60.65,58.3,49.1,89.7,28.8,15.13,0,63.69
341.96875,61,61.05,49.1,89.7,28.8,15.13,0,63.69
341.9765625,59,60.5,49.1,89.7,28.8,15.13,0,63.69
341.984375,59.7,61.15,49.1,89.7,28.8,15.13,0,63.69
341.9921875,55.2,57.55,49.1,89.7,28.8,15.13,0,63.69
342,50.65,54.6,49.1,89.7,28.8,15.13,0,63.69
342.0078125,45.65,50.8,49.1,89.7,28.8,15.13,0,63.69
342.015625,44.25,50.4,49.1,89.7,28.8,15.13,0,63.69
342.0234375,40.25,48.35,49.1,89.7,28.8,15.13,0,63.69
342.03125,36.65,47.2,49.1,89.7,28.8,15.13,0,63.69
342.0390625,32.45,44,49.1,89.7,28.8,15.13,0,63.69
342.046875,26.4,38.95,49.1,89.7,28.8,15.13,0,63.69
342.0546875,22.85,34.2,49.1,89.7,28.8,15.13,0,63.69
342.0625,18.55,29.4,49.1,89.7,28.8,15.13,0,63.69
342.0703125,16.45,26.9,49.1,89.7,28.8,15.13,0,63.69
342.078125,11.4,24.45,49.1,89.7,28.8,15.13,0,63.69
342.0859375,7.2,24.15,49.1,89.7,28.8,15.13,0,63.69
342.09375,5.75,24,49.1,89.7,28.8,15.13,0,63.69
342.1015625,13.2,29.15,49.1,89.7,28.8,15.13,0,63.69
342.109375,16.75,30.95,49.1,89.7,28.8,15.13,0,63.69
342.1171875,19.4,31.1,49.1,89.7,28.8,15.13,0,63.69
342.125,16.2,28.2,49.1,89.7,28.8,15.13,0,63.69
342.1328125,11.65,26.8,49.1,89.7,28.8,15.13,0,63.69
342.140625,7.3,23.55,49.1,89.7,28.8,15.13,0,63.69
342.1484375,4.9,21.4,49.1,89.7,28.8,15.13,0,63.69
342.15625,3.05,19.8,49.7,91,28.83,15.25,0,63.49
342.1640625,6.25,21.3,49.7,91,28.83,15.25,0,63.49
342.171875,12.9,24.65,49.7,91,28.83,15.25,0,63.49
342.1796875,15,25.55,49.7,91,28.83,15.25,0,63.49
342.1875,13.45,24.85,49.7,91,28.83,15.25,0,63.49
342.1953125,3.7,20.7,49.7,91,28.83,15.25,0,63.49
342.203125,-3.35,18.6,49.7,91,28.83,15.25,0,63.49
342.2109375,-7.8,17,49.7,91,28.83,15.25,0,63.49
342.21875,-1.35,21.15,49.7,91,28.83,15.25,0,63.49
342.2265625,5,22.8,49.7,91,28.83,15.25,0,63.49
342.234375,8.05,22.95,49.7,91,28.83,15.25,0,63.49
342.2421875,3,17.25,49.7,91,28.83,15.25,0,63.49
342.25,5.6,16.25,49.7,91,28.83,15.25,0,63.49
342.2578125,9.1,17.2,49.7,91,28.83,15.25,0,63.49
342.265625,12.55,21.1,49.7,91,28.83,15.25,0,63.49
342.2734375,14.85,23.85,49.7,91,28.83,15.25,0,63.49
342.28125,14.25,25.55,49.7,91,28.83,15.25,0,63.49
342.2890625,12,24,49.7,91,28.83,15.25,0,63.49
342.296875,13.55,22.55,49.7,91,28.83,15.25,0,63.49
342.3046875,13.95,21,49.7,91,28.83,15.25,0,63.49
342.3125,9.55,17.2,49.7,91,28.83,15.25,0,63.49
342.3203125,10.15,17.4,49.7,91,28.83,15.25,0,63.49
342.328125,10.95,19.45,49.7,91,28.83,15.25,0,63.49
342.3359375,14.45,23.15,49.7,91,28.83,15.25,0,63.49
342.34375,16.3,24.05,49.7,91,28.83,15.25,0,63.49
342.3515625,18.35,25.35,49.7,91,28.83,15.25,0,63.49
342.359375,15.5,22.3,49.7,91,28.83,15.25,0,63.49
342.3671875,17,22.45,49.7,91,28.83,15.25,0,63.49
342.375,16.1,21.75,49.7,91,28.83,15.25,0,63.49
342.3828125,15.7,21.75,49.7,91,28.83,15.25,0,63.49
342.390625,13.95,20.2,49.7,91,28.83,15.25,0,63.49
342.3984375,14.65,22,49.7,91,28.83,15.25,0,63.49
342.40625,15.35,23.4,49.7,91,28.83,15.25,0,63.49
342.4140625,14.3,25,49.7,91,28.83,15.25,0,63.49
342.421875,14.05,26.95,49.7,91,28.83,15.25,0,63.49
342.4296875,14.45,27.7,49.7,91,28.83,15.25,0,63.49
342.4375,16.45,28.3,49.7,91,28.83,15.25,0,63.49
342.4453125,15.1,28,49.7,91,28.83,15.25,0,63.49
342.453125,14.4,27.7,49.7,91,28.83,15.25,0,63.49
342.4609375,10.05,24.35,49.7,91,28.83,15.25,0,63.49
342.46875,10.35,23.9,49.7,91,28.83,15.25,0,63.49
342.4765625,8.5,21.7,49.7,91,28.83,15.25,0,63.49
342.484375,10.15,21.85,49.7,91,28.83,15.25,0,63.49
342.4921875,12,21.75,49.7,91,28.83,15.25,0,63.49
342.5,17.7,25.2,49.7,91,28.83,15.25,0,63.49
342.5078125,18.4,25.9,49.7,91,28.83,15.25,0,63.49
342.515625,17.1,26.35,49.7,91,28.83,15.25,0,63.49
342.5234375,13.85,24.9,49.7,91,28.83,15.25,0,63.49
342.53125,11.5,23.3,49.7,91,28.83,15.25,0,63.49
342.5390625,8.45,19.8,49.7,91,28.83,15.25,0,63.49
342.546875,3.05,16,49.7,91,28.83,15.25,0,63.49
342.5546875,3.45,15.6,49.7,91,28.83,15.25,0,63.49
342.5625,7.55,18.1,49.7,91,28.83,15.25,0,63.49
342.5703125,18.8,26.2,49.7,91,28.83,15.25,0,63.49
342.578125,26.45,31.7,49.7,91,28.83,15.25,0,63.49
342.5859375,31.1,34.35,49.7,91,28.83,15.25,0,63.49
342.59375,27.7,32.25,49.7,91,28.83,15.25,0,63.49
342.6015625,24.65,31.45,49.7,91,28.83,15.25,0,63.49
342.609375,18.05,27.4,49.7,91,28.83,15.25,0,63.49
342.6171875,18.2,27.85,49.7,91,28.83,15.25,0,63.49
342.625,16.3,26.25,49.7,91,28.83,15.25,0,63.49
342.6328125,13.7,24.9,49.7,91,28.83,15.25,0,63.49
342.640625,10.35,22.35,49.7,91,28.83,15.25,0,63.49
342.6484375,10.85,23.05,49.7,91,28.83,15.25,0,63.49
342.65625,11.5,22.95,49.7,91,28.83,15.25,0,63.49
342.6640625,11.9,23.95,49.7,91,28.83,15.25,0,63.49
342.671875,8.15,23.05,49.7,91,28.83,15.25,0,63.49
342.6796875,6.8,22.85,49.7,91,28.83,15.25,0,63.49
342.6875,13.6,25.4,49.7,91,28.83,15.25,0,63.49
342.6953125,16.9,25.55,49.7,91,28.83,15.25,0,63.49
342.703125,21.2,26.4,49.7,91,28.83,15.25,0,63.49
342.7109375,22.2,25.5,49.7,91,28.83,15.25,0,63.49
342.71875,19.15,23.95,49.7,91,28.83,15.25,0,63.49
342.7265625,12.5,19.95,49.7,91,28.83,15.25,0,63.49
342.734375,13.7,21.1,49.7,91,28.83,15.25,0,63.49
342.7421875,16.75,21.95,49.7,91,28.83,15.25,0,63.49
342.75,24.5,25.8,49.7,91,28.83,15.25,0,63.49
342.7578125,25.9,25.45,49.7,91,28.83,15.25,0,63.49
342.765625,25.45,25.25,49.7,91,28.83,15.25,0,63.49
342.7734375,22.85,23.6,49.7,91,28.83,15.25,0,63.49
342.78125,15.55,20.6,49.7,91,28.83,15.25,0,63.49
342.7890625,8.95,16.95,49.7,91,28.83,15.25,0,63.49
342.796875,7.6,16.5,49.7,91,28.83,15.25,0,63.49
342.8046875,9.85,17.8,49.7,91,28.83,15.25,0,63.49
342.8125,12.85,18.7,49.7,91,28.83,15.25,0,63.49
342.8203125,17.35,20.5,49.7,91,28.83,15.25,0,63.49
342.828125,13.75,18.75,49.7,91,28.83,15.25,0,63.49
342.8359375,12.75,18.5,49.7,91,28.83,15.25,0,63.49
342.84375,12.7,16.8,49.7,91,28.83,15.25,0,63.49
342.8515625,18.3,19.35,49.7,91,28.83,15.25,0,63.49
342.859375,21.4,20.3,49.7,91,28.83,15.25,0,63.49
342.8671875,25.45,22.8,49.7,91,28.83,15.25,0,63.49
342.875,24.9,22.5,49.7,91,28.83,15.25,0,63.49
342.8828125,23.9,23.35,49.7,91,28.83,15.25,0,63.49
342.890625,14.45,18.65,49.7,91,28.83,15.25,0,63.49
342.8984375,4.75,13.2,49.7,91,28.83,15.25,0,63.49
342.90625,-0.15,7.9,49.7,91,28.83,15.25,0,63.49
342.9140625,0.65,4.95,49.7,91,28.83,15.25,0,63.49
342.921875,3.85,3.6,49.7,91,28.83,15.25,0,63.49
342.9296875,9.25,4.25,49.7,91,28.83,15.25,0,63.49
342.9375,16.15,5.85,49.7,91,28.83,15.25,0,63.49
342.9453125,18.85,6.65,49.7,91,28.83,15.25,0,63.49
342.953125,23.35,9.25,49.7,91,28.83,15.25,0,63.49
342.9609375,24,8.5,49.7,91,28.83,15.25,0,63.49
342.96875,19.15,6.35,49.7,91,28.83,15.25,0,63.49
342.9765625,8.45,1,49.7,91,28.83,15.25,0,63.49
342.984375,8.5,1.85,49.7,91,28.83,15.25,0,63.49
342.9921875,10.8,4,49.7,91,28.83,15.25,0,63.49
343,12.45,6.6,49.7,91,28.83,15.25,0,63.49
343.0078125,10.6,5.25,49.7,91,28.83,15.25,0,63.49
343.015625,11.55,6.3,49.7,91,28.83,15.25,0,63.49
343.0234375,12.8,6.85,49.7,91,28.83,15.25,0,63.49
343.03125,12.75,7.3,49.7,91,28.83,15.25,0,63.49
343.0390625,8.15,4.95,49.7,91,28.83,15.25,0,63.49
343.046875,2.8,2.15,49.7,91,28.83,15.25,0,63.49
343.0546875,1.35,2.15,49.7,91,28.83,15.25,0,63.49
343.0625,-0.9,3.25,49.7,91,28.83,15.25,0,63.49
343.0703125,0.75,6,49.7,91,28.83,15.25,0,63.49
343.078125,4.1,8.25,49.7,91,28.83,15.25,0,63.49
343.0859375,14.15,14.05,49.7,91,28.83,15.25,0,63.49
343.09375,19.2,15.25,49.7,91,28.83,15.25,0,63.49
343.1015625,20.9,14.5,49.7,91,28.83,15.25,0,63.49
343.109375,15.55,10.35,49.7,91,28.83,15.25,0,63.49
343.1171875,13.95,10.15,49.7,91,28.83,15.25,0,63.49
343.125,9.85,7.95,49.7,91,28.83,15.25,0,63.49
343.1328125,9.1,8.85,49.7,91,28.83,15.25,0,63.49
343.140625,7.75,9.3,49.7,91,28.83,15.25,0,63.49
343.1484375,5.85,10,49.7,91,28.83,15.25,0,63.49
343.15625,4.25,8.65,50.2,91.7,29.39,15.37,0,63.32
343.1640625,9.1,10.75,50.2,91.7,29.39,15.37,0,63.32
343.171875,14.5,13.45,50.2,91.7,29.39,15.37,0,63.32
343.1796875,16.5,12.95,50.2,91.7,29.39,15.37,0,63.32
343.1875,20.5,12.45,50.2,91.7,29.39,15.37,0,63.32
343.1953125,19.7,11.9,50.2,91.7,29.39,15.37,0,63.32
343.203125,16.4,13,50.2,91.7,29.39,15.37,0,63.32
343.2109375,9.15,12,50.2,91.7,29.39,15.37,0,63.32
343.21875,4.4,12.25,50.2,91.7,29.39,15.37,0,63.32
343.2265625,-1.9,9.3,50.2,91.7,29.39,15.37,0,63.32
343.234375,-0.65,10.2,50.2,91.7,29.39,15.37,0,63.32
343.2421875,1.2,11.45,50.2,91.7,29.39,15.37,0,63.32
343.25,8.6,16.25,50.2,91.7,29.39,15.37,0,63.32
343.2578125,13.2,17.75,50.2,91.7,29.39,15.37,0,63.32
343.265625,16.2,19.6,50.2,91.7,29.39,15.37,0,63.32
343.2734375,17.1,19.6,50.2,91.7,29.39,15.37,0,63.32
343.28125,19.45,21.6,50.2,91.7,29.39,15.37,0,63.32
343.2890625,21.15,24.05,50.2,91.7,29.39,15.37,0,63.32
343.296875,21.8,26.2,50.2,91.7,29.39,15.37,0,63.32
343.3046875,22.7,26.7,50.2,91.7,29.39,15.37,0,63.32
343.3125,20.75,25.5,50.2,91.7,29.39,15.37,0,63.32
343.3203125,20.65,26.9,50.2,91.7,29.39,15.37,0,63.32
343.328125,17.7,26.5,50.2,91.7,29.39,15.37,0,63.32
343.3359375,17.25,26.7,50.2,91.7,29.39,15.37,0,63.32
343.34375,14.8,24.2,50.2,91.7,29.39,15.37,0,63.32
343.3515625,18.95,24.15,50.2,91.7,29.39,15.37,0,63.32
343.359375,20.5,21.35,50.2,91.7,29.39,15.37,0,63.32
343.3671875,20.7,20,50.2,91.7,29.39,15.37,0,63.32
343.375,17.1,16.8,50.2,91.7,29.39,15.37,0,63.32
343.3828125,19.95,18.9,50.2,91.7,29.39,15.37,0,63.32
343.390625,22.05,21.2,50.2,91.7,29.39,15.37,0,63.32
343.3984375,24.35,24.1,50.2,91.7,29.39,15.37,0,63.32
343.40625,26,24.95,50.2,91.7,29.39,15.37,0,63.32
343.4140625,25.1,23.75,50.2,91.7,29.39,15.37,0,63.32
343.421875,22.85,20.6,50.2,91.7,29.39,15.37,0,63.32
343.4296875,20.25,17.9,50.2,91.7,29.39,15.37,0,63.32
343.4375,18,16.9,50.2,91.7,29.39,15.37,0,63.32
343.4453125,13.35,15.6,50.2,91.7,29.39,15.37,0,63.32
343.453125,13.5,16.7,50.2,91.7,29.39,15.37,0,63.32
343.4609375,15.35,17.25,50.2,91.7,29.39,15.37,0,63.32
343.46875,22.55,20.1,50.2,91.7,29.39,15.37,0,63.32
343.4765625,21.7,17.15,50.2,91.7,29.39,15.37,0,63.32
343.484375,17,13.4,50.2,91.7,29.39,15.37,0,63.32
343.4921875,11.75,9.9,50.2,91.7,29.39,15.37,0,63.32
343.5,12.9,11.35,50.2,91.7,29.39,15.37,0,63.32
343.5078125,12,11.15,50.2,91.7,29.39,15.37,0,63.32
343.515625,16.45,14.1,50.2,91.7,29.39,15.37,0,63.32
343.5234375,23.55,17.2,50.2,91.7,29.39,15.37,0,63.32
343.53125,27.2,19.6,50.2,91.7,29.39,15.37,0,63.32
343.5390625,26.7,19.35,50.2,91.7,29.39,15.37,0,63.32
343.546875,22.75,17.65,50.2,91.7,29.39,15.37,0,63.32
343.5546875,19.7,16.5,50.2,91.7,29.39,15.37,0,63.32
343.5625,19.65,17.4,50.2,91.7,29.39,15.37,0,63.32
343.5703125,25.8,21.45,50.2,91.7,29.39,15.37,0,63.32
343.578125,26.45,22.3,50.2,91.7,29.39,15.37,0,63.32
343.5859375,25.95,23.65,50.2,91.7,29.39,15.37,0,63.32
343.59375,18.25,22.15,50.2,91.7,29.39,15.37,0,63.32
343.6015625,11.5,21.45,50.2,91.7,29.39,15.37,0,63.32
343.609375,6.35,19.7,50.2,91.7,29.39,15.37,0,63.32
343.6171875,11.3,23.2,50.2,91.7,29.39,15.37,0,63.32
343.625,15.5,24.55,50.2,91.7,29.39,15.37,0,63.32
343.6328125,19.95,27.65,50.2,91.7,29.39,15.37,0,63.32
343.640625,23.65,30.2,50.2,91.7,29.39,15.37,0,63.32
343.6484375,31.05,34.4,50.2,91.7,29.39,15.37,0,63.32
343.65625,36.3,35.55,50.2,91.7,29.39,15.37,0,63.32
343.6640625,36.55,34,50.2,91.7,29.39,15.37,0,63.32
343.671875,33,31.1,50.2,91.7,29.39,15.37,0,63.32
343.6796875,29.9,29.75,50.2,91.7,29.39,15.37,0,63.32
343.6875,32.9,30.85,50.2,91.7,29.39,15.37,0,63.32
343.6953125,36.2,32,50.2,91.7,29.39,15.37,0,63.32
343.703125,37.1,33.1,50.2,91.7,29.39,15.37,0,63.32
343.7109375,31.7,29.3,50.2,91.7,29.39,15.37,0,63.32
343.71875,33.6,29.95,50.2,91.7,29.39,15.37,0,63.32
343.7265625,35.3,31.5,50.2,91.7,29.39,15.37,0,63.32
343.734375,41.7,36.25,50.2,91.7,29.39,15.37,0,63.32
343.7421875,49.15,40.95,50.2,91.7,29.39,15.37,0,63.32
343.75,57.9,46.65,50.2,91.7,29.39,15.37,0,63.32
343.7578125,57.2,44.55,50.2,91.7,29.39,15.37,0,63.32
343.765625,52.9,41.8,50.2,91.7,29.39,15.37,0,63.32
343.7734375,44.95,37.85,50.2,91.7,29.39,15.37,0,63.32
343.78125,38.85,35.4,50.2,91.7,29.39,15.37,0,63.32
343.7890625,36.1,34.5,50.2,91.7,29.39,15.37,0,63.32
343.796875,35.95,34.85,50.2,91.7,29.39,15.37,0,63.32
343.8046875,35.6,33.85,50.2,91.7,29.39,15.37,0,63.32
343.8125,31.75,31.7,50.2,91.7,29.39,15.37,0,63.32
343.8203125,32.7,32.25,50.2,91.7,29.39,15.37,0,63.32
343.828125,36.85,33.9,50.2,91.7,29.39,15.37,0,63.32
343.8359375,45.55,37.8,50.2,91.7,29.39,15.37,0,63.32
343.84375,47.95,36.95,50.2,91.7,29.39,15.37,0,63.32
343.8515625,47,35.7,50.2,91.7,29.39,15.37,0,63.32
343.859375,40.5,31.15,50.2,91.7,29.39,15.37,0,63.32
343.8671875,38.4,29,50.2,91.7,29.39,15.37,0,63.32
343.875,37.55,27.9,50.2,91.7,29.39,15.37,0,63.32
343.8828125,41.55,31.45,50.2,91.7,29.39,15.37,0,63.32
343.890625,44.7,33.05,50.2,91.7,29.39,15.37,0,63.32
343.8984375,49.2,36.65,50.2,91.7,29.39,15.37,0,63.32
343.90625,53.55,39.6,50.2,91.7,29.39,15.37,0,63.32
343.9140625,57.2,42.9,50.2,91.7,29.39,15.37,0,63.32
343.921875,60.55,46.3,50.2,91.7,29.39,15.37,0,63.32
343.9296875,63.1,48.05,50.2,91.7,29.39,15.37,0,63.32
343.9375,64.55,47.7,50.2,91.7,29.39,15.37,0,63.32
343.9453125,64.3,46.7,50.2,91.7,29.39,15.37,0,63.32
343.953125,66.45,47.5,50.2,91.7,29.39,15.37,0,63.32
343.9609375,62.35,44.1,50.2,91.7,29.39,15.37,0,63.32
343.96875,63.95,45.6,50.2,91.7,29.39,15.37,0,63.32
343.9765625,66.8,48.05,50.2,91.7,29.39,15.37,0,63.32
343.984375,71.4,51.65,50.2,91.7,29.39,15.37,0,63.32
343.9921875,69.7,50.4,50.2,91.7,29.39,15.37,0,63.32
344,70.05,51.45,50.2,91.7,29.39,15.37,0,63.32
344.0078125,69.75,52.4,50.2,91.7,29.39,15.37,0,63.32
344.015625,77.9,57.85,50.2,91.7,29.39,15.37,0,63.32
344.0234375,85.7,61.3,50.2,91.7,29.39,15.37,0,63.32
344.03125,85.25,62,50.2,91.7,29.39,15.37,0,63.32
344.0390625,76.7,57.7,50.2,91.7,29.39,15.37,0,63.32
344.046875,67.25,51.2,50.2,91.7,29.39,15.37,0,63.32
344.0546875,63.75,46.85,50.2,91.7,29.39,15.37,0,63.32
344.0625,65.65,47.25,50.2,91.7,29.39,15.37,0,63.32
344.0703125,71.9,51.95,50.2,91.7,29.39,15.37,0,63.32
344.078125,74.1,54.4,50.2,91.7,29.39,15.37,0,63.32
344.0859375,75.55,56.7,50.2,91.7,29.39,15.37,0,63.32
344.09375,73.15,56.55,50.2,91.7,29.39,15.37,0,63.32
344.1015625,75.1,58.5,50.2,91.7,29.39,15.37,0,63.32
344.109375,75.75,58.2,50.2,91.7,29.39,15.37,0,63.32
344.1171875,76.9,58.5,50.2,91.7,29.39,15.37,0,63.32
344.125,74,55.05,50.2,91.7,29.39,15.37,0,63.32
344.1328125,72.95,54.15,50.2,91.7,29.39,15.37,0,63.32
344.140625,68.2,52.1,50.2,91.7,29.39,15.37,0,63.32
344.1484375,65.8,52.3,50.2,91.7,29.39,15.37,0,63.32
344.15625,65.45,53.45,49.1,92.9,29.6,15.26,0,63.45
344.1640625,65.7,55.35,49.1,92.9,29.6,15.26,0,63.45
344.171875,66.2,55.2,49.1,92.9,29.6,15.26,0,63.45
344.1796875,67,55.8,49.1,92.9,29.6,15.26,0,63.45
344.1875,68.05,58.2,49.1,92.9,29.6,15.26,0,63.45
344.1953125,65.05,57.85,49.1,92.9,29.6,15.26,0,63.45
344.203125,65.7,59,49.1,92.9,29.6,15.26,0,63.45
344.2109375,65.1,58.95,49.1,92.9,29.6,15.26,0,63.45
344.21875,65.7,58.65,49.1,92.9,29.6,15.26,0,63.45
344.2265625,63.25,56.1,49.1,92.9,29.6,15.26,0,63.45
344.234375,63.35,57.25,49.1,92.9,29.6,15.26,0,63.45
344.2421875,59.6,55.55,49.1,92.9,29.6,15.26,0,63.45
344.25,60.7,56.3,49.1,92.9,29.6,15.26,0,63.45
344.2578125,61.65,55.75,49.1,92.9,29.6,15.26,0,63.45
344.265625,62.25,55.8,49.1,92.9,29.6,15.26,0,63.45
344.2734375,59.95,54.5,49.1,92.9,29.6,15.26,0,63.45
344.28125,57.8,54.45,49.1,92.9,29.6,15.26,0,63.45
344.2890625,56.25,54.65,49.1,92.9,29.6,15.26,0,63.45
344.296875,57.5,56.5,49.1,92.9,29.6,15.26,0,63.45
344.3046875,60.35,58,49.1,92.9,29.6,15.26,0,63.45
344.3125,57.6,56.05,49.1,92.9,29.6,15.26,0,63.45
344.3203125,55.4,54.4,49.1,92.9,29.6,15.26,0,63.45
344.328125,53.8,52.9,49.1,92.9,29.6,15.26,0,63.45
344.3359375,56.45,55.4,49.1,92.9,29.6,15.26,0,63.45
344.34375,53.65,54.8,49.1,92.9,29.6,15.26,0,63.45
344.3515625,52.6,52.55,49.1,92.9,29.6,15.26,0,63.45
344.359375,50.55,47.15,49.1,92.9,29.6,15.26,0,63.45
344.3671875,51.35,46.3,49.1,92.9,29.6,15.26,0,63.45
344.375,48.8,44.45,49.1,92.9,29.6,15.26,0,63.45
344.3828125,47.85,45.35,49.1,92.9,29.6,15.26,0,63.45
344.390625,47.3,45.85,49.1,92.9,29.6,15.26,0,63.45
344.3984375,50.9,48.3,49.1,92.9,29.6,15.26,0,63.45
344.40625,48.7,46.65,49.1,92.9,29.6,15.26,0,63.45
344.4140625,43.85,44.75,49.1,92.9,29.6,15.26,0,63.45
344.421875,44.75,45.4,49.1,92.9,29.6,15.26,0,63.45
344.4296875,45.3,46.3,49.1,92.9,29.6,15.26,0,63.45
344.4375,45.2,46.5,49.1,92.9,29.6,15.26,0,63.45
344.4453125,45.85,47.25,49.1,92.9,29.6,15.26,0,63.45
344.453125,50,50.4,49.1,92.9,29.6,15.26,0,63.45
344.4609375,48.55,48.4,49.1,92.9,29.6,15.26,0,63.45
344.46875,51.65,47.95,49.1,92.9,29.6,15.26,0,63.45
344.4765625,50.95,45.75,49.1,92.9,29.6,15.26,0,63.45
344.484375,50.75,45.65,49.1,92.9,29.6,15.26,0,63.45
344.4921875,50.2,45.75,49.1,92.9,29.6,15.26,0,63.45
344.5,54.85,50.3,49.1,92.9,29.6,15.26,0,63.45
344.5078125,54.55,49.85,49.1,92.9,29.6,15.26,0,63.45
344.515625,53.6,48.25,49.1,92.9,29.6,15.26,0,63.45
344.5234375,50.65,45.05,49.1,92.9,29.6,15.26,0,63.45
344.53125,48,42.85,49.1,92.9,29.6,15.26,0,63.45
344.5390625,43.35,40.15,49.1,92.9,29.6,15.26,0,63.45
344.546875,38,38.85,49.1,92.9,29.6,15.26,0,63.45
344.5546875,37.6,39.75,49.1,92.9,29.6,15.26,0,63.45
344.5625,39,40.25,49.1,92.9,29.6,15.26,0,63.45
344.5703125,42.45,40.4,49.1,92.9,29.6,15.26,0,63.45
344.578125,42.75,38.1,49.1,92.9,29.6,15.26,0,63.45
344.5859375,45.65,39.45,49.1,92.9,29.6,15.26,0,63.45
344.59375,46.5,40.15,49.1,92.9,29.6,15.26,0,63.45
344.6015625,51.1,43.65,49.1,92.9,29.6,15.26,0,63.45
344.609375,50.05,42.75,49.1,92.9,29.6,15.26,0,63.45
344.6171875,50.15,42.15,49.1,92.9,29.6,15.26,0,63.45
344.625,49.35,40.25,49.1,92.9,29.6,15.26,0,63.45
344.6328125,52,42.7,49.1,92.9,29.6,15.26,0,63.45
344.640625,51.65,42.15,49.1,92.9,29.6,15.26,0,63.45
344.6484375,52.05,42.5,49.1,92.9,29.6,15.26,0,63.45
344.65625,51.3,42.4,49.1,92.9,29.6,15.26,0,63.45
344.6640625,46,40.85,49.1,92.9,29.6,15.26,0,63.45
344.671875,34.5,34.6,49.1,92.9,29.6,15.26,0,63.45
344.6796875,25.25,27.85,49.1,92.9,29.6,15.26,0,63.45
344.6875,26.05,25.1,49.1,92.9,29.6,15.26,0,63.45
344.6953125,30.15,24.95,49.1,92.9,29.6,15.26,0,63.45
344.703125,37,28.85,49.1,92.9,29.6,15.26,0,63.45
344.7109375,39,31.15,49.1,92.9,29.6,15.26,0,63.45
344.71875,42.4,34.9,49.1,92.9,29.6,15.26,0,63.45
344.7265625,43.1,35.5,49.1,92.9,29.6,15.26,0,63.45
344.734375,43.95,36.05,49.1,92.9,29.6,15.26,0,63.45
344.7421875,39.65,33.3,49.1,92.9,29.6,15.26,0,63.45
344.75,35.45,31.15,49.1,92.9,29.6,15.26,0,63.45
344.7578125,23.75,24.4,49.1,92.9,29.6,15.26,0,63.45
344.765625,13.4,20.5,49.1,92.9,29.6,15.26,0,63.45
344.7734375,11.9,20.2,49.1,92.9,29.6,15.26,0,63.45
344.78125,17.05,23.6,49.1,92.9,29.6,15.26,0,63.45
344.7890625,23.3,27.25,49.1,92.9,29.6,15.26,0,63.45
344.796875,30.15,30.45,49.1,92.9,29.6,15.26,0,63.45
344.8046875,37.4,33.2,49.1,92.9,29.6,15.26,0,63.45
344.8125,41.65,34.9,49.1,92.9,29.6,15.26,0,63.45
344.8203125,46.15,36.85,49.1,92.9,29.6,15.26,0,63.45
344.828125,46.65,36.6,49.1,92.9,29.6,15.26,0,63.45
344.8359375,49.45,38.65,49.1,92.9,29.6,15.26,0,63.45
344.84375,48.9,37.7,49.1,92.9,29.6,15.26,0,63.45
344.8515625,48.6,37.9,49.1,92.9,29.6,15.26,0,63.45
344.859375,42.65,35.55,49.1,92.9,29.6,15.26,0,63.45
344.8671875,37.9,34.2,49.1,92.9,29.6,15.26,0,63.45
344.875,30.5,30.55,49.1,92.9,29.6,15.26,0,63.45
344.8828125,30.1,31.2,49.1,92.9,29.6,15.26,0,63.45
344.890625,33.1,31.7,49.1,92.9,29.6,15.26,0,63.45
344.8984375,35.65,33.25,49.1,92.9,29.6,15.26,0,63.45
344.90625,34.55,31.6,49.1,92.9,29.6,15.26,0,63.45
344.9140625,34.25,29.3,49.1,92.9,29.6,15.26,0,63.45
344.921875,34.5,26.7,49.1,92.9,29.6,15.26,0,63.45
344.9296875,34.15,24.7,49.1,92.9,29.6,15.26,0,63.45
344.9375,37.1,25.4,49.1,92.9,29.6,15.26,0,63.45
344.9453125,37.95,27.55,49.1,92.9,29.6,15.26,0,63.45
344.953125,37.9,30.45,49.1,92.9,29.6,15.26,0,63.45
344.9609375,31.9,28.85,49.1,92.9,29.6,15.26,0,63.45
344.96875,28.8,27.8,49.1,92.9,29.6,15.26,0,63.45
344.9765625,24.5,24.3,49.1,92.9,29.6,15.26,0,63.45
344.984375,26.15,22.45,49.1,92.9,29.6,15.26,0,63.45
344.9921875,27.15,20.4,49.1,92.9,29.6,15.26,0,63.45
345,30,21.7,49.1,92.9,29.6,15.26,0,63.45
345.0078125,24.15,19.4,49.1,92.9,29.6,15.26,0,63.45
345.015625,15.75,17.45,49.1,92.9,29.6,15.26,0,63.45
345.0234375,8.25,14.1,49.1,92.9,29.6,15.26,0,63.45
345.03125,4.8,10.7,49.1,92.9,29.6,15.26,0,63.45
345.0390625,2.8,7.6,49.1,92.9,29.6,15.26,0,63.45
345.046875,3.6,9.1,49.1,92.9,29.6,15.26,0,63.45
345.0546875,7.1,12.95,49.1,92.9,29.6,15.26,0,63.45
345.0625,8.85,13.75,49.1,92.9,29.6,15.26,0,63.45
345.0703125,14.75,14.5,49.1,92.9,29.6,15.26,0,63.45
345.078125,19.95,15.1,49.1,92.9,29.6,15.26,0,63.45
345.0859375,23.8,16.05,49.1,92.9,29.6,15.26,0,63.45
345.09375,23.7,15.4,49.1,92.9,29.6,15.26,0,63.45
345.1015625,27.55,20.1,49.1,92.9,29.6,15.26,0,63.45
345.109375,28.95,22.1,49.1,92.9,29.6,15.26,0,63.45
345.1171875,33.1,24.95,49.1,92.9,29.6,15.26,0,63.45
345.125,30.8,24.15,49.1,92.9,29.6,15.26,0,63.45
345.1328125,27,23.8,49.1,92.9,29.6,15.26,0,63.45
345.140625,22.35,20.65,49.1,92.9,29.6,15.26,0,63.45
345.1484375,19.8,18.9,49.1,92.9,29.6,15.26,0,63.45
345.15625,20.1,18.55,49.4,94.2,29.99,15.35,0,63.34
345.1640625,22.4,20.05,49.4,94.2,29.99,15.35,0,63.34
345.171875,16.05,16.05,49.4,94.2,29.99,15.35,0,63.34
345.1796875,5.75,10.6,49.4,94.2,29.99,15.35,0,63.34
345.1875,7.65,11.95,49.4,94.2,29.99,15.35,0,63.34
345.1953125,9.15,11.5,49.4,94.2,29.99,15.35,0,63.34
345.203125,7.5,10,49.4,94.2,29.99,15.35,0,63.34
345.2109375,0.8,7.8,49.4,94.2,29.99,15.35,0,63.34
345.21875,-2.35,7.75,49.4,94.2,29.99,15.35,0,63.34
345.2265625,-4.8,5.9,49.4,94.2,29.99,15.35,0,63.34
345.234375,1.75,9.3,49.4,94.2,29.99,15.35,0,63.34
345.2421875,3.85,9.6,49.4,94.2,29.99,15.35,0,63.34
345.25,4.75,11.95,49.4,94.2,29.99,15.35,0,63.34
345.2578125,0.55,12.65,49.4,94.2,29.99,15.35,0,63.34
345.265625,-3.8,12.35,49.4,94.2,29.99,15.35,0,63.34
345.2734375,-8.95,8.3,49.4,94.2,29.99,15.35,0,63.34
345.28125,-11.65,5.95,49.4,94.2,29.99,15.35,0,63.34
345.2890625,-12.65,3.4,49.4,94.2,29.99,15.35,0,63.34
345.296875,-11.1,2.9,49.4,94.2,29.99,15.35,0,63.34
345.3046875,-6.35,5.25,49.4,94.2,29.99,15.35,0,63.34
345.3125,-4.55,6.75,49.4,94.2,29.99,15.35,0,63.34
345.3203125,-4.2,7.65,49.4,94.2,29.99,15.35,0,63.34
345.328125,-7.95,7.45,49.4,94.2,29.99,15.35,0,63.34
345.3359375,-6.5,11,49.4,94.2,29.99,15.35,0,63.34
345.34375,-0.95,15.15,49.4,94.2,29.99,15.35,0,63.34
345.3515625,10.7,21.55,49.4,94.2,29.99,15.35,0,63.34
345.359375,14.85,21.8,49.4,94.2,29.99,15.35,0,63.34
345.3671875,19.05,22.25,49.4,94.2,29.99,15.35,0,63.34
345.375,18.65,19.55,49.4,94.2,29.99,15.35,0,63.34
345.3828125,15.7,17.5,49.4,94.2,29.99,15.35,0,63.34
345.390625,9.35,14,49.4,94.2,29.99,15.35,0,63.34
345.3984375,9.4,15.35,49.4,94.2,29.99,15.35,0,63.34
345.40625,10.3,16.45,49.4,94.2,29.99,15.35,0,63.34
345.4140625,10.7,17.6,49.4,94.2,29.99,15.35,0,63.34
345.421875,8.75,17.35,49.4,94.2,29.99,15.35,0,63.34
345.4296875,4.3,16.45,49.4,94.2,29.99,15.35,0,63.34
345.4375,3.8,18,49.4,94.2,29.99,15.35,0,63.34
345.4453125,6.05,19.5,49.4,94.2,29.99,15.35,0,63.34
345.453125,12.8,21.75,49.4,94.2,29.99,15.35,0,63.34
345.4609375,17.9,23.6,49.4,94.2,29.99,15.35,0,63.34
345.46875,22.8,27.3,49.4,94.2,29.99,15.35,0,63.34
345.4765625,21.5,26.05,49.4,94.2,29.99,15.35,0,63.34
345.484375,22.6,25.65,49.4,94.2,29.99,15.35,0,63.34
345.4921875,19.05,22.7,49.4,94.2,29.99,15.35,0,63.34
345.5,17.15,22.45,49.4,94.2,29.99,15.35,0,63.34
345.5078125,15.9,21.7,49.4,94.2,29.99,15.35,0,63.34
345.515625,18.8,23.9,49.4,94.2,29.99,15.35,0,63.34
345.5234375,21.7,25.25,49.4,94.2,29.99,15.35,0,63.34
345.53125,26.8,27.2,49.4,94.2,29.99,15.35,0,63.34
345.5390625,30.4,27.55,49.4,94.2,29.99,15.35,0,63.34
345.546875,33.8,29.35,49.4,94.2,29.99,15.35,0,63.34
345.5546875,37.8,31.3,49.4,94.2,29.99,15.35,0,63.34
345.5625,34,28.05,49.4,94.2,29.99,15.35,0,63.34
345.5703125,24.05,21.9,49.4,94.2,29.99,15.35,0,63.34
345.578125,13.4,16,49.4,94.2,29.99,15.35,0,63.34
345.5859375,8.8,14.1,49.4,94.2,29.99,15.35,0,63.34
345.59375,1.4,10.95,49.4,94.2,29.99,15.35,0,63.34
345.6015625,0.85,12.4,49.4,94.2,29.99,15.35,0,63.34
345.609375,3.15,11.85,49.4,94.2,29.99,15.35,0,63.34
345.6171875,9.4,11.9,49.4,94.2,29.99,15.35,0,63.34
345.625,12.1,10.45,49.4,94.2,29.99,15.35,0,63.34
345.6328125,17.35,12.8,49.4,94.2,29.99,15.35,0,63.34
345.640625,19.15,13.3,49.4,94.2,29.99,15.35,0,63.34
345.6484375,17.45,13.6,49.4,94.2,29.99,15.35,0,63.34
345.65625,9,10.1,49.4,94.2,29.99,15.35,0,63.34
345.6640625,-0.1,7.8,49.4,94.2,29.99,15.35,0,63.34
345.671875,-5.45,7.95,49.4,94.2,29.99,15.35,0,63.34
345.6796875,-5.9,9.25,49.4,94.2,29.99,15.35,0,63.34
345.6875,-0.15,12.65,49.4,94.2,29.99,15.35,0,63.34
345.6953125,4.45,15.25,49.4,94.2,29.99,15.35,0,63.34
345.703125,9.9,17.5,49.4,94.2,29.99,15.35,0,63.34
345.7109375,9.95,16.5,49.4,94.2,29.99,15.35,0,63.34
345.71875,10.65,18.15,49.4,94.2,29.99,15.35,0,63.34
345.7265625,8.15,17.1,49.4,94.2,29.99,15.35,0,63.34
345.734375,9.55,17.65,49.4,94.2,29.99,15.35,0,63.34
345.7421875,9.15,17.6,49.4,94.2,29.99,15.35,0,63.34
345.75,14.3,22.2,49.4,94.2,29.99,15.35,0,63.34
345.7578125,18.1,23.7,49.4,94.2,29.99,15.35,0,63.34
345.765625,22.7,25.7,49.4,94.2,29.99,15.35,0,63.34
345.7734375,24.05,26.1,49.4,94.2,29.99,15.35,0,63.34
345.78125,21.35,25.5,49.4,94.2,29.99,15.35,0,63.34
345.7890625,16.25,21.55,49.4,94.2,29.99,15.35,0,63.34
345.796875,13.8,19.1,49.4,94.2,29.99,15.35,0,63.34
345.8046875,14.5,20,49.4,94.2,29.99,15.35,0,63.34
345.8125,12.5,20.2,49.4,94.2,29.99,15.35,0,63.34
345.8203125,12.55,20.1,49.4,94.2,29.99,15.35,0,63.34
345.828125,11.6,19.2,49.4,94.2,29.99,15.35,0,63.34
345.8359375,14.85,21.8,49.4,94.2,29.99,15.35,0,63.34
345.84375,15.05,21.45,49.4,94.2,29.99,15.35,0,63.34
345.8515625,15.5,20.05,49.4,94.2,29.99,15.35,0,63.34
345.859375,11.7,16.8,49.4,94.2,29.99,15.35,0,63.34
345.8671875,12.85,18.6,49.4,94.2,29.99,15.35,0,63.34
345.875,15.8,20.15,49.4,94.2,29.99,15.35,0,63.34
345.8828125,24.45,25.15,49.4,94.2,29.99,15.35,0,63.34
345.890625,27.55,25.95,49.4,94.2,29.99,15.35,0,63.34
345.8984375,27.7,25.3,49.4,94.2,29.99,15.35,0,63.34
345.90625,26.5,24.7,49.4,94.2,29.99,15.35,0,63.34
345.9140625,24.35,24.9,49.4,94.2,29.99,15.35,0,63.34
345.921875,23.35,24.35,49.4,94.2,29.99,15.35,0,63.34
345.9296875,22.05,23.95,49.4,94.2,29.99,15.35,0,63.34
345.9375,20.7,22.75,49.4,94.2,29.99,15.35,0,63.34
345.9453125,20.25,20.5,49.4,94.2,29.99,15.35,0,63.34
345.953125,26.25,23.25,49.4,94.2,29.99,15.35,0,63.34
345.9609375,27.65,23.7,49.4,94.2,29.99,15.35,0,63.34
345.96875,29.7,25.6,49.4,94.2,29.99,15.35,0,63.34
345.9765625,28.95,26.55,49.4,94.2,29.99,15.35,0,63.34
345.984375,28.65,29,49.4,94.2,29.99,15.35,0,63.34
345.9921875,26.65,28.9,49.4,94.2,29.99,15.35,0,63.34
346,29.4,31.6,49.4,94.2,29.99,15.35,0,63.34
346.0078125,28.2,30.1,49.4,94.2,29.99,15.35,0,63.34
346.015625,26.2,29.65,49.4,94.2,29.99,15.35,0,63.34
346.0234375,23.2,28.85,49.4,94.2,29.99,15.35,0,63.34
346.03125,21.15,29.1,49.4,94.2,29.99,15.35,0,63.34
346.0390625,20.45,29.6,49.4,94.2,29.99,15.35,0,63.34
346.046875,19.75,30.65,49.4,94.2,29.99,15.35,0,63.34
346.0546875,19.5,30.35,49.4,94.2,29.99,15.35,0,63.34
346.0625,17.75,29.75,49.4,94.2,29.99,15.35,0,63.34
346.0703125,21.5,33.3,49.4,94.2,29.99,15.35,0,63.34
346.078125,24.25,36.05,49.4,94.2,29.99,15.35,0,63.34
346.0859375,30.7,39.25,49.4,94.2,29.99,15.35,0,63.34
346.09375,32.3,38.4,49.4,94.2,29.99,15.35,0,63.34
346.1015625,34.65,39.15,49.4,94.2,29.99,15.35,0,63.34
346.109375,33.4,37.2,49.4,94.2,29.99,15.35,0,63.34
346.1171875,35.65,38.45,49.4,94.2,29.99,15.35,0,63.34
346.125,36.4,39.15,49.4,94.2,29.99,15.35,0,63.34
346.1328125,40.6,41.6,49.4,94.2,29.99,15.35,0,63.34
346.140625,40.65,41.25,49.4,94.2,29.99,15.35,0,63.34
346.1484375,37.8,40.35,49.4,94.2,29.99,15.35,0,63.34
346.15625,32.25,36.9,48.7,95.5,30.28,15.42,0,63.43
346.1640625,31,36.65,48.7,95.5,30.28,15.42,0,63.43
346.171875,34.55,38.55,48.7,95.5,30.28,15.42,0,63.43
346.1796875,38.35,39.35,48.7,95.5,30.28,15.42,0,63.43
346.1875,39.95,39.65,48.7,95.5,30.28,15.42,0,63.43
346.1953125,39.8,38.8,48.7,95.5,30.28,15.42,0,63.43
346.203125,43,39.7,48.7,95.5,30.28,15.42,0,63.43
346.2109375,42.9,38.25,48.7,95.5,30.28,15.42,0,63.43
346.21875,46,38.9,48.7,95.5,30.28,15.42,0,63.43
346.2265625,43.85,37.45,48.7,95.5,30.28,15.42,0,63.43
346.234375,39.55,38.15,48.7,95.5,30.28,15.42,0,63.43
346.2421875,36.6,37.9,48.7,95.5,30.28,15.42,0,63.43
346.25,40.45,42.05,48.7,95.5,30.28,15.42,0,63.43
346.2578125,40.75,42.9,48.7,95.5,30.28,15.42,0,63.43
346.265625,45.05,43.85,48.7,95.5,30.28,15.42,0,63.43
346.2734375,46.3,41,48.7,95.5,30.28,15.42,0,63.43
346.28125,40.3,35.8,48.7,95.5,30.28,15.42,0,63.43
346.2890625,35.1,30.9,48.7,95.5,30.28,15.42,0,63.43
346.296875,33.2,30.25,48.7,95.5,30.28,15.42,0,63.43
346.3046875,33,31.65,48.7,95.5,30.28,15.42,0,63.43
346.3125,34.35,33.45,48.7,95.5,30.28,15.42,0,63.43
346.3203125,36.3,35.3,48.7,95.5,30.28,15.42,0,63.43
346.328125,28.25,30.85,48.7,95.5,30.28,15.42,0,63.43
346.3359375,21.7,25.8,48.7,95.5,30.28,15.42,0,63.43
346.34375,17.55,21.4,48.7,95.5,30.28,15.42,0,63.43
346.3515625,24.3,23,48.7,95.5,30.28,15.42,0,63.43
346.359375,30.6,23.8,48.7,95.5,30.28,15.42,0,63.43
346.3671875,35.95,26.65,48.7,95.5,30.28,15.42,0,63.43
346.375,36.35,27.95,48.7,95.5,30.28,15.42,0,63.43
346.3828125,36.05,30.15,48.7,95.5,30.28,15.42,0,63.43
346.390625,29.5,28.9,48.7,95.5,30.28,15.42,0,63.43
346.3984375,27.35,30.6,48.7,95.5,30.28,15.42,0,63.43
346.40625,28.4,31.2,48.7,95.5,30.28,15.42,0,63.43
346.4140625,31,32,48.7,95.5,30.28,15.42,0,63.43
346.421875,33.8,33.3,48.7,95.5,30.28,15.42,0,63.43
346.4296875,34.6,34.6,48.7,95.5,30.28,15.42,0,63.43
346.4375,37.05,35.95,48.7,95.5,30.28,15.42,0,63.43
346.4453125,38.85,35.75,48.7,95.5,30.28,15.42,0,63.43
346.453125,39.65,35.3,48.7,95.5,30.28,15.42,0,63.43
346.4609375,37.3,33.2,48.7,95.5,30.28,15.42,0,63.43
346.46875,39.2,34.15,48.7,95.5,30.28,15.42,0,63.43
346.4765625,37.25,33.25,48.7,95.5,30.28,15.42,0,63.43
346.484375,37.8,34.5,48.7,95.5,30.28,15.42,0,63.43
346.4921875,36.4,33.7,48.7,95.5,30.28,15.42,0,63.43
346.5,36.45,34.5,48.7,95.5,30.28,15.42,0,63.43
346.5078125,34.4,32.25,48.7,95.5,30.28,15.42,0,63.43
346.515625,35.6,32.15,48.7,95.5,30.28,15.42,0,63.43
346.5234375,34.95,31.25,48.7,95.5,30.28,15.42,0,63.43
346.53125,35.2,31.2,48.7,95.5,30.28,15.42,0,63.43
346.5390625,35.4,30.4,48.7,95.5,30.28,15.42,0,63.43
346.546875,32.5,29.5,48.7,95.5,30.28,15.42,0,63.43
346.5546875,27.45,27.4,48.7,95.5,30.28,15.42,0,63.43
346.5625,22.6,25.1,48.7,95.5,30.28,15.42,0,63.43
346.5703125,23.65,25.45,48.7,95.5,30.28,15.42,0,63.43
346.578125,24.7,25.9,48.7,95.5,30.28,15.42,0,63.43
346.5859375,29.2,28.6,48.7,95.5,30.28,15.42,0,63.43
346.59375,29.6,28.05,48.7,95.5,30.28,15.42,0,63.43
346.6015625,33.9,28.7,48.7,95.5,30.28,15.42,0,63.43
346.609375,38.85,28.8,48.7,95.5,30.28,15.42,0,63.43
346.6171875,44.8,32.25,48.7,95.5,30.28,15.42,0,63.43
346.625,40.2,31.85,48.7,95.5,30.28,15.42,0,63.43
346.6328125,37.15,34.3,48.7,95.5,30.28,15.42,0,63.43
346.640625,34.75,35.2,48.7,95.5,30.28,15.42,0,63.43
346.6484375,32.9,35.25,48.7,95.5,30.28,15.42,0,63.43
346.65625,30.15,31.75,48.7,95.5,30.28,15.42,0,63.43
346.6640625,31,29.5,48.7,95.5,30.28,15.42,0,63.43
346.671875,33.15,28.65,48.7,95.5,30.28,15.42,0,63.43
346.6796875,35,30,48.7,95.5,30.28,15.42,0,63.43
346.6875,37.95,32.05,48.7,95.5,30.28,15.42,0,63.43
346.6953125,36.15,31,48.7,95.5,30.28,15.42,0,63.43
346.703125,34.5,30.85,48.7,95.5,30.28,15.42,0,63.43
346.7109375,33.5,30.45,48.7,95.5,30.28,15.42,0,63.43
346.71875,34.55,30.65,48.7,95.5,30.28,15.42,0,63.43
346.7265625,30.1,27.05,48.7,95.5,30.28,15.42,0,63.43
346.734375,30.8,26.75,48.7,95.5,30.28,15.42,0,63.43
346.7421875,31.5,25.7,48.7,95.5,30.28,15.42,0,63.43
346.75,33.35,26.9,48.7,95.5,30.28,15.42,0,63.43
346.7578125,29.2,24.3,48.7,95.5,30.28,15.42,0,63.43
346.765625,25.8,22.9,48.7,95.5,30.28,15.42,0,63.43
346.7734375,24.3,22.55,48.7,95.5,30.28,15.42,0,63.43
346.78125,26.5,24.95,48.7,95.5,30.28,15.42,0,63.43
346.7890625,28.25,25.4,48.7,95.5,30.28,15.42,0,63.43
346.796875,30.25,26.05,48.7,95.5,30.28,15.42,0,63.43
346.8046875,34.55,28.4,48.7,95.5,30.28,15.42,0,63.43
346.8125,37.6,30.25,48.7,95.5,30.28,15.42,0,63.43
346.8203125,43.1,33.15,48.7,95.5,30.28,15.42,0,63.43
346.828125,44.85,34.4,48.7,95.5,30.28,15.42,0,63.43
346.8359375,48.05,36.85,48.7,95.5,30.28,15.42,0,63.43
346.84375,46.95,35.35,48.7,95.5,30.28,15.42,0,63.43
346.8515625,47.85,35.7,48.7,95.5,30.28,15.42,0,63.43
346.859375,44.7,34.35,48.7,95.5,30.28,15.42,0,63.43
346.8671875,47.35,38.55,48.7,95.5,30.28,15.42,0,63.43
346.875,49.2,40.55,48.7,95.5,30.28,15.42,0,63.43
346.8828125,52.8,42.85,48.7,95.5,30.28,15.42,0,63.43
346.890625,54.55,42.9,48.7,95.5,30.28,15.42,0,63.43
346.8984375,62.1,46.7,48.7,95.5,30.28,15.42,0,63.43
346.90625,64.9,47.45,48.7,95.5,30.28,15.42,0,63.43
346.9140625,59.55,44.95,48.7,95.5,30.28,15.42,0,63.43
346.921875,51.7,40.35,48.7,95.5,30.28,15.42,0,63.43
346.9296875,46.9,38.2,48.7,95.5,30.28,15.42,0,63.43
346.9375,47.4,39.25,48.7,95.5,30.28,15.42,0,63.43
346.9453125,49.2,39.25,48.7,95.5,30.28,15.42,0,63.43
346.953125,53.55,40,48.7,95.5,30.28,15.42,0,63.43
346.9609375,56.8,40,48.7,95.5,30.28,15.42,0,63.43
346.96875,63.5,42.9,48.7,95.5,30.28,15.42,0,63.43
346.9765625,62.8,42.35,48.7,95.5,30.28,15.42,0,63.43
346.984375,60.6,42.7,48.7,95.5,30.28,15.42,0,63.43
346.9921875,56.35,40.45,48.7,95.5,30.28,15.42,0,63.43
347,56.15,40.3,48.7,95.5,30.28,15.42,0,63.43
347.0078125,56.1,38.6,48.7,95.5,30.28,15.42,0,63.43
347.015625,58.05,38.7,48.7,95.5,30.28,15.42,0,63.43
347.0234375,56.35,36.65,48.7,95.5,30.28,15.42,0,63.43
347.03125,52.2,34.45,48.7,95.5,30.28,15.42,0,63.43
347.0390625,47.05,32.3,48.7,95.5,30.28,15.42,0,63.43
347.046875,45,32.75,48.7,95.5,30.28,15.42,0,63.43
347.0546875,48.25,35.05,48.7,95.5,30.28,15.42,0,63.43
347.0625,49.95,35.9,48.7,95.5,30.28,15.42,0,63.43
347.0703125,52.3,37.65,48.7,95.5,30.28,15.42,0,63.43
347.078125,48.6,36.1,48.7,95.5,30.28,15.42,0,63.43
347.0859375,48.95,36.35,48.7,95.5,30.28,15.42,0,63.43
347.09375,51.05,35.85,48.7,95.5,30.28,15.42,0,63.43
347.1015625,57.75,38,48.7,95.5,30.28,15.42,0,63.43
347.109375,60.1,37.05,48.7,95.5,30.28,15.42,0,63.43
347.1171875,64.1,39.1,48.7,95.5,30.28,15.42,0,63.43
347.125,62.55,38.75,48.7,95.5,30.28,15.42,0,63.43
347.1328125,61.2,40.55,48.7,95.5,30.28,15.42,0,63.43
347.140625,55.75,39.2,48.7,95.5,30.28,15.42,0,63.43
347.1484375,52.15,38.25,48.7,95.5,30.28,15.42,0,63.43
347.15625,51.15,36.4,48.8,96.8,30.56,15.56,0,63.21
347.1640625,52.3,36.35,48.8,96.8,30.56,15.56,0,63.21
347.171875,54.2,35.8,48.8,96.8,30.56,15.56,0,63.21
347.1796875,57.4,35,48.8,96.8,30.56,15.56,0,63.21
347.1875,61.45,35.65,48.8,96.8,30.56,15.56,0,63.21
347.1953125,58.85,34.6,48.8,96.8,30.56,15.56,0,63.21
347.203125,55.3,33.05,48.8,96.8,30.56,15.56,0,63.21
347.2109375,47.6,28.25,48.8,96.8,30.56,15.56,0,63.21
347.21875,44.15,25.95,48.8,96.8,30.56,15.56,0,63.21
347.2265625,40.7,23.25,48.8,96.8,30.56,15.56,0,63.21
347.234375,42.5,23.4,48.8,96.8,30.56,15.56,0,63.21
347.2421875,41.5,21.55,48.8,96.8,30.56,15.56,0,63.21
347.25,42.2,22.55,48.8,96.8,30.56,15.56,0,63.21
347.2578125,42.6,22.9,48.8,96.8,30.56,15.56,0,63.21
347.265625,47.85,25.75,48.8,96.8,30.56,15.56,0,63.21
347.2734375,50.85,26.65,48.8,96.8,30.56,15.56,0,63.21
347.28125,53.7,29,48.8,96.8,30.56,15.56,0,63.21
347.2890625,57.2,31.5,48.8,96.8,30.56,15.56,0,63.21
347.296875,60.35,33.55,48.8,96.8,30.56,15.56,0,63.21
347.3046875,61,35.1,48.8,96.8,30.56,15.56,0,63.21
347.3125,57,34.5,48.8,96.8,30.56,15.56,0,63.21
347.3203125,55.75,33.3,48.8,96.8,30.56,15.56,0,63.21
347.328125,55.95,32,48.8,96.8,30.56,15.56,0,63.21
347.3359375,61,35,48.8,96.8,30.56,15.56,0,63.21
347.34375,58.8,34,48.8,96.8,30.56,15.56,0,63.21
347.3515625,53.85,33.6,48.8,96.8,30.56,15.56,0,63.21
347.359375,44.85,29.5,48.8,96.8,30.56,15.56,0,63.21
347.3671875,41.7,27.5,48.8,96.8,30.56,15.56,0,63.21
347.375,39.45,24.95,48.8,96.8,30.56,15.56,0,63.21
347.3828125,42.9,25.5,48.8,96.8,30.56,15.56,0,63.21
347.390625,42.9,22.8,48.8,96.8,30.56,15.56,0,63.21
347.3984375,44.8,23.2,48.8,96.8,30.56,15.56,0,63.21
347.40625,50.9,25.2,48.8,96.8,30.56,15.56,0,63.21
347.4140625,55.6,27.9,48.8,96.8,30.56,15.56,0,63.21
347.421875,52.15,28.8,48.8,96.8,30.56,15.56,0,63.21
347.4296875,46.4,28,48.8,96.8,30.56,15.56,0,63.21
347.4375,43.55,27.1,48.8,96.8,30.56,15.56,0,63.21
347.4453125,40.8,25.15,48.8,96.8,30.56,15.56,0,63.21
347.453125,42.8,24.4,48.8,96.8,30.56,15.56,0,63.21
347.4609375,41.25,21.05,48.8,96.8,30.56,15.56,0,63.21
347.46875,42.25,20.55,48.8,96.8,30.56,15.56,0,63.21
347.4765625,45.75,20.65,48.8,96.8,30.56,15.56,0,63.21
347.484375,53.95,25.15,48.8,96.8,30.56,15.56,0,63.21
347.4921875,55.25,25.5,48.8,96.8,30.56,15.56,0,63.21
347.5,55.5,27.1,48.8,96.8,30.56,15.56,0,63.21
347.5078125,49.95,25.1,48.8,96.8,30.56,15.56,0,63.21
347.515625,45.1,23.9,48.8,96.8,30.56,15.56,0,63.21
347.5234375,41.85,23.7,48.8,96.8,30.56,15.56,0,63.21
347.53125,42.15,26.7,48.8,96.8,30.56,15.56,0,63.21
347.5390625,45.2,27.7,48.8,96.8,30.56,15.56,0,63.21
347.546875,49.15,28.55,48.8,96.8,30.56,15.56,0,63.21
347.5546875,51.55,28.25,48.8,96.8,30.56,15.56,0,63.21
347.5625,53.15,27.2,48.8,96.8,30.56,15.56,0,63.21
347.5703125,56.65,28.5,48.8,96.8,30.56,15.56,0,63.21
347.578125,52.4,27.5,48.8,96.8,30.56,15.56,0,63.21
347.5859375,50.05,27.1,48.8,96.8,30.56,15.56,0,63.21
347.59375,47.85,25.05,48.8,96.8,30.56,15.56,0,63.21
347.6015625,45.95,22.9,48.8,96.8,30.56,15.56,0,63.21
347.609375,39.4,18,48.8,96.8,30.56,15.56,0,63.21
347.6171875,37.75,16.75,48.8,96.8,30.56,15.56,0,63.21
347.625,33.65,13.5,48.8,96.8,30.56,15.56,0,63.21
347.6328125,35.15,14.5,48.8,96.8,30.56,15.56,0,63.21
347.640625,37.15,15.1,48.8,96.8,30.56,15.56,0,63.21
347.6484375,35.85,14,48.8,96.8,30.56,15.56,0,63.21
347.65625,32.65,12,48.8,96.8,30.56,15.56,0,63.21
347.6640625,32.8,11.95,48.8,96.8,30.56,15.56,0,63.21
347.671875,31.55,10.45,48.8,96.8,30.56,15.56,0,63.21
347.6796875,30.15,9.4,48.8,96.8,30.56,15.56,0,63.21
347.6875,33,10.1,48.8,96.8,30.56,15.56,0,63.21
347.6953125,31.7,8.75,48.8,96.8,30.56,15.56,0,63.21
347.703125,29.7,8.9,48.8,96.8,30.56,15.56,0,63.21
347.7109375,25.2,7.1,48.8,96.8,30.56,15.56,0,63.21
347.71875,24.1,8.4,48.8,96.8,30.56,15.56,0,63.21
347.7265625,20.45,8.15,48.8,96.8,30.56,15.56,0,63.21
347.734375,19.8,8.8,48.8,96.8,30.56,15.56,0,63.21
347.7421875,16.7,7,48.8,96.8,30.56,15.56,0,63.21
347.75,16.6,8.75,48.8,96.8,30.56,15.56,0,63.21
347.7578125,14.75,8.45,48.8,96.8,30.56,15.56,0,63.21
347.765625,13.75,8.4,48.8,96.8,30.56,15.56,0,63.21
347.7734375,9.45,5.45,48.8,96.8,30.56,15.56,0,63.21
347.78125,4.05,3.2,48.8,96.8,30.56,15.56,0,63.21
347.7890625,0.1,1.45,48.8,96.8,30.56,15.56,0,63.21
347.796875,-0.35,2.05,48.8,96.8,30.56,15.56,0,63.21
347.8046875,0.2,2.6,48.8,96.8,30.56,15.56,0,63.21
347.8125,-1.7,1.45,48.8,96.8,30.56,15.56,0,63.21
347.8203125,1.75,1.8,48.8,96.8,30.56,15.56,0,63.21
347.828125,3.3,1.15,48.8,96.8,30.56,15.56,0,63.21
347.8359375,5.25,2.8,48.8,96.8,30.56,15.56,0,63.21
347.84375,5.05,3.55,48.8,96.8,30.56,15.56,0,63.21
347.8515625,9.3,7.2,48.8,96.8,30.56,15.56,0,63.21
347.859375,8.55,7.65,48.8,96.8,30.56,15.56,0,63.21
347.8671875,10.2,9.5,48.8,96.8,30.56,15.56,0,63.21
347.875,6.4,5.8,48.8,96.8,30.56,15.56,0,63.21
347.8828125,3.7,3.7,48.8,96.8,30.56,15.56,0,63.21
347.890625,1.15,2.05,48.8,96.8,30.56,15.56,0,63.21
347.8984375,3.85,3.65,48.8,96.8,30.56,15.56,0,63.21
347.90625,7.9,4.15,48.8,96.8,30.56,15.56,0,63.21
347.9140625,13.9,6.6,48.8,96.8,30.56,15.56,0,63.21
347.921875,17.25,8.25,48.8,96.8,30.56,15.56,0,63.21
347.9296875,16.65,8.1,48.8,96.8,30.56,15.56,0,63.21
347.9375,15.15,7.55,48.8,96.8,30.56,15.56,0,63.21
347.9453125,12.6,6.85,48.8,96.8,30.56,15.56,0,63.21
347.953125,14.35,8.5,48.8,96.8,30.56,15.56,0,63.21
347.9609375,14.35,8.25,48.8,96.8,30.56,15.56,0,63.21
347.96875,17.4,10.1,48.8,96.8,30.56,15.56,0,63.21
347.9765625,18.9,9.6,48.8,96.8,30.56,15.56,0,63.21
347.984375,22.05,10.2,48.8,96.8,30.56,15.56,0,63.21
347.9921875,20.75,8.4,48.8,96.8,30.56,15.56,0,63.21
348,22,9.35,48.8,96.8,30.56,15.56,0,63.21
348.0078125,20.7,8.55,48.8,96.8,30.56,15.56,0,63.21
348.015625,21.2,9.9,48.8,96.8,30.56,15.56,0,63.21
348.0234375,21.85,10.05,48.8,96.8,30.56,15.56,0,63.21
348.03125,24.25,12.15,48.8,96.8,30.56,15.56,0,63.21
348.0390625,28.3,15.7,48.8,96.8,30.56,15.56,0,63.21
348.046875,32,18.7,48.8,96.8,30.56,15.56,0,63.21
348.0546875,37.15,21.2,48.8,96.8,30.56,15.56,0,63.21
348.0625,43.75,23.85,48.8,96.8,30.56,15.56,0,63.21
348.0703125,50.95,26.25,48.8,96.8,30.56,15.56,0,63.21
348.078125,50.55,24.9,48.8,96.8,30.56,15.56,0,63.21
348.0859375,51.15,26.2,48.8,96.8,30.56,15.56,0,63.21
348.09375,48.9,25.6,48.8,96.8,30.56,15.56,0,63.21
348.1015625,49.6,26.25,48.8,96.8,30.56,15.56,0,63.21
348.109375,46.4,23.55,48.8,96.8,30.56,15.56,0,63.21
348.1171875,46.25,23.1,48.8,96.8,30.56,15.56,0,63.21
348.125,42.9,19.95,48.8,96.8,30.56,15.56,0,63.21
348.1328125,44.1,20.25,48.8,96.8,30.56,15.56,0,63.21
348.140625,46,20.25,48.8,96.8,30.56,15.56,0,63.21
348.1484375,47.05,21.1,48.8,96.8,30.56,15.56,0,63.21
348.15625,41.2,18.2,50.4,98.1,30.2,15.69,0,63.24
348.1640625,37.25,16.1,50.4,98.1,30.2,15.69,0,63.24
348.171875,38.15,15.45,50.4,98.1,30.2,15.69,0,63.24
348.1796875,38.4,14.75,50.4,98.1,30.2,15.69,0,63.24
348.1875,37.6,14.15,50.4,98.1,30.2,15.69,0,63.24
348.1953125,33.95,12.85,50.4,98.1,30.2,15.69,0,63.24
348.203125,34.35,14.75,50.4,98.1,30.2,15.69,0,63.24
348.2109375,35,15.2,50.4,98.1,30.2,15.69,0,63.24
348.21875,38.3,17.15,50.4,98.1,30.2,15.69,0,63.24
348.2265625,35.7,15.8,50.4,98.1,30.2,15.69,0,63.24
348.234375,35.05,16.75,50.4,98.1,30.2,15.69,0,63.24
348.2421875,32.45,16.95,50.4,98.1,30.2,15.69,0,63.24
348.25,32.55,18.85,50.4,98.1,30.2,15.69,0,63.24
348.2578125,29,15.7,50.4,98.1,30.2,15.69,0,63.24
348.265625,29.1,14.1,50.4,98.1,30.2,15.69,0,63.24
348.2734375,36.9,14.8,50.4,98.1,30.2,15.69,0,63.24
348.28125,50.65,19.6,50.4,98.1,30.2,15.69,0,63.24
348.2890625,56.95,22.55,50.4,98.1,30.2,15.69,0,63.24
348.296875,50.4,21.35,50.4,98.1,30.2,15.69,0,63.24
348.3046875,40.35,17.5,50.4,98.1,30.2,15.69,0,63.24
348.3125,32.55,13,50.4,98.1,30.2,15.69,0,63.24
348.3203125,31.65,10.8,50.4,98.1,30.2,15.69,0,63.24
348.328125,32.25,9.95,50.4,98.1,30.2,15.69,0,63.24
348.3359375,39.75,14.9,50.4,98.1,30.2,15.69,0,63.24
348.34375,44.05,17.8,50.4,98.1,30.2,15.69,0,63.24
348.3515625,47.3,20.35,50.4,98.1,30.2,15.69,0,63.24
348.359375,44,18.1,50.4,98.1,30.2,15.69,0,63.24
348.3671875,43.15,17.6,50.4,98.1,30.2,15.69,0,63.24
348.375,40,16.5,50.4,98.1,30.2,15.69,0,63.24
348.3828125,40.55,19.25,50.4,98.1,30.2,15.69,0,63.24
348.390625,41.5,20.25,50.4,98.1,30.2,15.69,0,63.24
348.3984375,45.2,22.95,50.4,98.1,30.2,15.69,0,63.24
348.40625,46.15,23.7,50.4,98.1,30.2,15.69,0,63.24
348.4140625,45.55,23.9,50.4,98.1,30.2,15.69,0,63.24
348.421875,41.9,22.25,50.4,98.1,30.2,15.69,0,63.24
348.4296875,35.65,19.5,50.4,98.1,30.2,15.69,0,63.24
348.4375,35.3,19.35,50.4,98.1,30.2,15.69,0,63.24
348.4453125,36.3,20.1,50.4,98.1,30.2,15.69,0,63.24
348.453125,38.8,23.15,50.4,98.1,30.2,15.69,0,63.24
348.4609375,40.1,25.05,50.4,98.1,30.2,15.69,0,63.24
348.46875,44.9,28.75,50.4,98.1,30.2,15.69,0,63.24
348.4765625,43.3,27.1,50.4,98.1,30.2,15.69,0,63.24
348.484375,42.95,26.3,50.4,98.1,30.2,15.69,0,63.24
348.4921875,43.85,25.75,50.4,98.1,30.2,15.69,0,63.24
348.5,47.6,27.4,50.4,98.1,30.2,15.69,0,63.24
348.5078125,44.1,23.85,50.4,98.1,30.2,15.69,0,63.24
348.515625,39.3,21.6,50.4,98.1,30.2,15.69,0,63.24
348.5234375,34.9,19.7,50.4,98.1,30.2,15.69,0,63.24
348.53125,30.3,18.6,50.4,98.1,30.2,15.69,0,63.24
348.5390625,25.7,17,50.4,98.1,30.2,15.69,0,63.24
348.546875,24.6,17.6,50.4,98.1,30.2,15.69,0,63.24
348.5546875,26.35,18.75,50.4,98.1,30.2,15.69,0,63.24
348.5625,26.3,17.9,50.4,98.1,30.2,15.69,0,63.24
348.5703125,29.65,18.25,50.4,98.1,30.2,15.69,0,63.24
348.578125,30.45,17.2,50.4,98.1,30.2,15.69,0,63.24
348.5859375,33.8,18.55,50.4,98.1,30.2,15.69,0,63.24
348.59375,33.65,17.75,50.4,98.1,30.2,15.69,0,63.24
348.6015625,34.65,19.2,50.4,98.1,30.2,15.69,0,63.24
348.609375,30.15,18.1,50.4,98.1,30.2,15.69,0,63.24
348.6171875,26.2,16.85,50.4,98.1,30.2,15.69,0,63.24
348.625,17,10.85,50.4,98.1,30.2,15.69,0,63.24
348.6328125,11.8,9.45,50.4,98.1,30.2,15.69,0,63.24
348.640625,6.85,7.85,50.4,98.1,30.2,15.69,0,63.24
348.6484375,6.1,6.7,50.4,98.1,30.2,15.69,0,63.24
348.65625,8.15,5.85,50.4,98.1,30.2,15.69,0,63.24
348.6640625,12.1,7.4,50.4,98.1,30.2,15.69,0,63.24
348.671875,15.7,9.1,50.4,98.1,30.2,15.69,0,63.24
348.6796875,19.15,12.1,50.4,98.1,30.2,15.69,0,63.24
348.6875,21.95,14.9,50.4,98.1,30.2,15.69,0,63.24
348.6953125,19.85,13.3,50.4,98.1,30.2,15.69,0,63.24
348.703125,18.1,12.25,50.4,98.1,30.2,15.69,0,63.24
348.7109375,11.95,8.45,50.4,98.1,30.2,15.69,0,63.24
348.71875,9.7,5.4,50.4,98.1,30.2,15.69,0,63.24
348.7265625,11.05,3.5,50.4,98.1,30.2,15.69,0,63.24
348.734375,21.45,9.55,50.4,98.1,30.2,15.69,0,63.24
348.7421875,26.95,13.65,50.4,98.1,30.2,15.69,0,63.24
348.75,31.2,18.55,50.4,98.1,30.2,15.69,0,63.24
348.7578125,31.85,20.6,50.4,98.1,30.2,15.69,0,63.24
348.765625,31.75,21.85,50.4,98.1,30.2,15.69,0,63.24
348.7734375,24.3,17.6,50.4,98.1,30.2,15.69,0,63.24
348.78125,16.15,13.4,50.4,98.1,30.2,15.69,0,63.24
348.7890625,12.6,10.8,50.4,98.1,30.2,15.69,0,63.24
348.796875,14.9,11.65,50.4,98.1,30.2,15.69,0,63.24
348.8046875,19.65,13.55,50.4,98.1,30.2,15.69,0,63.24
348.8125,19.7,12.95,50.4,98.1,30.2,15.69,0,63.24
348.8203125,16.35,10.8,50.4,98.1,30.2,15.69,0,63.24
348.828125,7.85,6.35,50.4,98.1,30.2,15.69,0,63.24
348.8359375,1.8,4.05,50.4,98.1,30.2,15.69,0,63.24
348.84375,-4.65,1.05,50.4,98.1,30.2,15.69,0,63.24
348.8515625,-5.55,1.85,50.4,98.1,30.2,15.69,0,63.24
348.859375,-10.5,-0.3,50.4,98.1,30.2,15.69,0,63.24
348.8671875,-14.75,-2.1,50.4,98.1,30.2,15.69,0,63.24
348.875,-19.35,-5.5,50.4,98.1,30.2,15.69,0,63.24
348.8828125,-19.95,-5.25,50.4,98.1,30.2,15.69,0,63.24
348.890625,-22.45,-6.65,50.4,98.1,30.2,15.69,0,63.24
348.8984375,-22.3,-6.5,50.4,98.1,30.2,15.69,0,63.24
348.90625,-23.15,-7.6,50.4,98.1,30.2,15.69,0,63.24
348.9140625,-26.6,-9.45,50.4,98.1,30.2,15.69,0,63.24
348.921875,-29.6,-10.95,50.4,98.1,30.2,15.69,0,63.24
348.9296875,-30.25,-11.15,50.4,98.1,30.2,15.69,0,63.24
348.9375,-26.4,-9.4,50.4,98.1,30.2,15.69,0,63.24
348.9453125,-21.15,-6.6,50.4,98.1,30.2,15.69,0,63.24
348.953125,-15.3,-1.65,50.4,98.1,30.2,15.69,0,63.24
348.9609375,-17.4,-1.45,50.4,98.1,30.2,15.69,0,63.24
348.96875,-18.95,-0.35,50.4,98.1,30.2,15.69,0,63.24
348.9765625,-23.6,-2.75,50.4,98.1,30.2,15.69,0,63.24
348.984375,-24,-4.15,50.4,98.1,30.2,15.69,0,63.24
348.9921875,-23.25,-6.1,50.4,98.1,30.2,15.69,0,63.24
349,-18.25,-3.2,50.4,98.1,30.2,15.69,0,63.24
349.0078125,-17.95,-2.55,50.4,98.1,30.2,15.69,0,63.24
349.015625,-17.35,0.2,50.4,98.1,30.2,15.69,0,63.24
349.0234375,-21.65,-0.9,50.4,98.1,30.2,15.69,0,63.24
349.03125,-28.8,-4.9,50.4,98.1,30.2,15.69,0,63.24
349.0390625,-35.6,-10.3,50.4,98.1,30.2,15.69,0,63.24
349.046875,-38.65,-12.6,50.4,98.1,30.2,15.69,0,63.24
349.0546875,-38.2,-12.35,50.4,98.1,30.2,15.69,0,63.24
349.0625,-39.05,-11.75,50.4,98.1,30.2,15.69,0,63.24
349.0703125,-35.15,-9.1,50.4,98.1,30.2,15.69,0,63.24
349.078125,-31.25,-7.05,50.4,98.1,30.2,15.69,0,63.24
349.0859375,-28.1,-5.55,50.4,98.1,30.2,15.69,0,63.24
349.09375,-32.65,-9.2,50.4,98.1,30.2,15.69,0,63.24
349.1015625,-34.3,-9.05,50.4,98.1,30.2,15.69,0,63.24
349.109375,-34.8,-7.55,50.4,98.1,30.2,15.69,0,63.24
349.1171875,-27.75,-2.25,50.4,98.1,30.2,15.69,0,63.24
349.125,-24.7,-1.4,50.4,98.1,30.2,15.69,0,63.24
349.1328125,-20,0.7,50.4,98.1,30.2,15.69,0,63.24
349.140625,-14.8,1.95,50.4,98.1,30.2,15.69,0,63.24
349.1484375,-10.3,3.95,50.4,98.1,30.2,15.69,0,63.24
349.15625,-12.15,2.7,51.6,99.4,29.97,15.69,0,63.25
349.1640625,-13.1,3.15,51.6,99.4,29.97,15.69,0,63.25
349.171875,-11.45,3.9,51.6,99.4,29.97,15.69,0,63.25
349.1796875,-8.7,4.6,51.6,99.4,29.97,15.69,0,63.25
349.1875,-4.3,5.45,51.6,99.4,29.97,15.69,0,63.25
349.1953125,-4,5.15,51.6,99.4,29.97,15.69,0,63.25
349.203125,-2.25,7.4,51.6,99.4,29.97,15.69,0,63.25
349.2109375,-2.05,8.25,51.6,99.4,29.97,15.69,0,63.25
349.21875,0.5,10.4,51.6,99.4,29.97,15.69,0,63.25
349.2265625,-2.3,9.8,51.6,99.4,29.97,15.69,0,63.25
349.234375,-4.2,10.2,51.6,99.4,29.97,15.69,0,63.25
349.2421875,-6.15,8.75,51.6,99.4,29.97,15.69,0,63.25
349.25,-3.45,10.85,51.6,99.4,29.97,15.69,0,63.25
349.2578125,-6.55,9.2,51.6,99.4,29.97,15.69,0,63.25
349.265625,-7.2,8.8,51.6,99.4,29.97,15.69,0,63.25
349.2734375,-3.35,11,51.6,99.4,29.97,15.69,0,63.25
349.28125,2.35,14.3,51.6,99.4,29.97,15.69,0,63.25
349.2890625,6.95,15.05,51.6,99.4,29.97,15.69,0,63.25
349.296875,7.35,13.85,51.6,99.4,29.97,15.69,0,63.25
349.3046875,4.2,10.95,51.6,99.4,29.97,15.69,0,63.25
349.3125,2.3,8.9,51.6,99.4,29.97,15.69,0,63.25
349.3203125,7.6,12.3,51.6,99.4,29.97,15.69,0,63.25
349.328125,9.3,14.7,51.6,99.4,29.97,15.69,0,63.25
349.3359375,14.1,18.95,51.6,99.4,29.97,15.69,0,63.25
349.34375,15.45,19.8,51.6,99.4,29.97,15.69,0,63.25
349.3515625,15.7,20,51.6,99.4,29.97,15.69,0,63.25
349.359375,12.25,18.55,51.6,99.4,29.97,15.69,0,63.25
349.3671875,17,22.45,51.6,99.4,29.97,15.69,0,63.25
349.375,21,25.35,51.6,99.4,29.97,15.69,0,63.25
349.3828125,25,30.6,51.6,99.4,29.97,15.69,0,63.25
349.390625,26.85,32.35,51.6,99.4,29.97,15.69,0,63.25
349.3984375,32.95,33.55,51.6,99.4,29.97,15.69,0,63.25
349.40625,37.7,33.65,51.6,99.4,29.97,15.69,0,63.25
349.4140625,39.6,34.25,51.6,99.4,29.97,15.69,0,63.25
349.421875,39.8,33.1,51.6,99.4,29.97,15.69,0,63.25
349.4296875,37.4,31.25,51.6,99.4,29.97,15.69,0,63.25
349.4375,34.55,30.3,51.6,99.4,29.97,15.69,0,63.25
349.4453125,30.7,29.95,51.6,99.4,29.97,15.69,0,63.25
349.453125,30.45,32.85,51.6,99.4,29.97,15.69,0,63.25
349.4609375,27.9,32,51.6,99.4,29.97,15.69,0,63.25
349.46875,27.15,30.25,51.6,99.4,29.97,15.69,0,63.25
349.4765625,25.5,27.9,51.6,99.4,29.97,15.69,0,63.25
349.484375,29.25,30,51.6,99.4,29.97,15.69,0,63.25
349.4921875,28.85,28.5,51.6,99.4,29.97,15.69,0,63.25
349.5,29.5,29,51.6,99.4,29.97,15.69,0,63.25
349.5078125,26.7,27.4,51.6,99.4,29.97,15.69,0,63.25
349.515625,25.65,27.65,51.6,99.4,29.97,15.69,0,63.25
349.5234375,28.7,28.25,51.6,99.4,29.97,15.69,0,63.25
349.53125,36.8,30.9,51.6,99.4,29.97,15.69,0,63.25
349.5390625,44,31.8,51.6,99.4,29.97,15.69,0,63.25
349.546875,51.5,33.45,51.6,99.4,29.97,15.69,0,63.25
349.5546875,57.5,35.65,51.6,99.4,29.97,15.69,0,63.25
349.5625,53.55,34.45,51.6,99.4,29.97,15.69,0,63.25
349.5703125,48.05,32.4,51.6,99.4,29.97,15.69,0,63.25
349.578125,40.55,28.85,51.6,99.4,29.97,15.69,0,63.25
349.5859375,37.65,27.9,51.6,99.4,29.97,15.69,0,63.25
349.59375,36,27.55,51.6,99.4,29.97,15.69,0,63.25
349.6015625,37.2,29.75,51.6,99.4,29.97,15.69,0,63.25
349.609375,34.1,28.25,51.6,99.4,29.97,15.69,0,63.25
349.6171875,34,29.15,51.6,99.4,29.97,15.69,0,63.25
349.625,30.3,28.5,51.6,99.4,29.97,15.69,0,63.25
349.6328125,29.9,29.95,51.6,99.4,29.97,15.69,0,63.25
349.640625,26.35,28.15,51.6,99.4,29.97,15.69,0,63.25
349.6484375,19.6,26.25,51.6,99.4,29.97,15.69,0,63.25
349.65625,12.7,24.2,51.6,99.4,29.97,15.69,0,63.25
349.6640625,9.45,23.8,51.6,99.4,29.97,15.69,0,63.25
349.671875,7.7,22.05,51.6,99.4,29.97,15.69,0,63.25
349.6796875,8.3,20.35,51.6,99.4,29.97,15.69,0,63.25
349.6875,9.05,20,51.6,99.4,29.97,15.69,0,63.25
349.6953125,4.9,18.4,51.6,99.4,29.97,15.69,0,63.25
349.703125,4.4,18.9,51.6,99.4,29.97,15.69,0,63.25
349.7109375,1.35,17.2,51.6,99.4,29.97,15.69,0,63.25
349.71875,-0.05,16.7,51.6,99.4,29.97,15.69,0,63.25
349.7265625,-3.8,13.9,51.6,99.4,29.97,15.69,0,63.25
349.734375,-3.65,14.4,51.6,99.4,29.97,15.69,0,63.25
349.7421875,-3.5,14.2,51.6,99.4,29.97,15.69,0,63.25
349.75,1.45,17.65,51.6,99.4,29.97,15.69,0,63.25
349.7578125,1.2,17.5,51.6,99.4,29.97,15.69,0,63.25
349.765625,1.85,18.15,51.6,99.4,29.97,15.69,0,63.25
349.7734375,1.3,16.6,51.6,99.4,29.97,15.69,0,63.25
349.78125,1.65,17.05,51.6,99.4,29.97,15.69,0,63.25
349.7890625,3.05,18,51.6,99.4,29.97,15.69,0,63.25
349.796875,5.65,19.7,51.6,99.4,29.97,15.69,0,63.25
349.8046875,8.5,19.8,51.6,99.4,29.97,15.69,0,63.25
349.8125,8.55,19.1,51.6,99.4,29.97,15.69,0,63.25
349.8203125,7.8,19.4,51.6,99.4,29.97,15.69,0,63.25
349.828125,4.35,18.25,51.6,99.4,29.97,15.69,0,63.25
349.8359375,7.05,20.25,51.6,99.4,29.97,15.69,0,63.25
349.84375,6.5,20.5,51.6,99.4,29.97,15.69,0,63.25
349.8515625,7.4,21.25,51.6,99.4,29.97,15.69,0,63.25
349.859375,7.2,19.1,51.6,99.4,29.97,15.69,0,63.25
349.8671875,11.2,20.05,51.6,99.4,29.97,15.69,0,63.25
349.875,14,20.25,51.6,99.4,29.97,15.69,0,63.25
349.8828125,20.45,22.55,51.6,99.4,29.97,15.69,0,63.25
349.890625,21.7,21.25,51.6,99.4,29.97,15.69,0,63.25
349.8984375,19,20.15,51.6,99.4,29.97,15.69,0,63.25
349.90625,14.05,18.45,51.6,99.4,29.97,15.69,0,63.25
349.9140625,11.15,17.8,51.6,99.4,29.97,15.69,0,63.25
349.921875,9.8,17.15,51.6,99.4,29.97,15.69,0,63.25
349.9296875,9.2,16.55,51.6,99.4,29.97,15.69,0,63.25
349.9375,11.55,17.65,51.6,99.4,29.97,15.69,0,63.25
349.9453125,13.15,17.9,51.6,99.4,29.97,15.69,0,63.25
349.953125,18.8,20.65,51.6,99.4,29.97,15.69,0,63.25
349.9609375,21.65,21.3,51.6,99.4,29.97,15.69,0,63.25
349.96875,25.55,23.5,51.6,99.4,29.97,15.69,0,63.25
349.9765625,24.85,22.35,51.6,99.4,29.97,15.69,0,63.25
349.984375,26.65,23.5,51.6,99.4,29.97,15.69,0,63.25
349.9921875,25.5,22.15,51.6,99.4,29.97,15.69,0,63.25
350,30.45,24.3,51.6,99.4,29.97,15.69,0,63.25
350.0078125,34.6,25.15,51.6,99.4,29.97,15.69,0,63.25
350.015625,38.65,28.2,51.6,99.4,29.97,15.69,0,63.25
350.0234375,39.45,28.95,51.6,99.4,29.97,15.69,0,63.25
350.03125,40.5,30.65,51.6,99.4,29.97,15.69,0,63.25
350.0390625,40,30.75,51.6,99.4,29.97,15.69,0,63.25
350.046875,37.35,29.8,51.6,99.4,29.97,15.69,0,63.25
350.0546875,34.8,27.75,51.6,99.4,29.97,15.69,0,63.25
350.0625,32.6,25.65,51.6,99.4,29.97,15.69,0,63.25
350.0703125,34.55,25.9,51.6,99.4,29.97,15.69,0,63.25
350.078125,33.5,25.8,51.6,99.4,29.97,15.69,0,63.25
350.0859375,33.2,27.8,51.6,99.4,29.97,15.69,0,63.25
350.09375,31.9,27.35,51.6,99.4,29.97,15.69,0,63.25
350.1015625,32.1,26.9,51.6,99.4,29.97,15.69,0,63.25
350.109375,24.75,22.6,51.6,99.4,29.97,15.69,0,63.25
350.1171875,22.45,21.95,51.6,99.4,29.97,15.69,0,63.25
350.125,22.8,21,51.6,99.4,29.97,15.69,0,63.25
350.1328125,25.4,22.95,51.6,99.4,29.97,15.69,0,63.25
350.140625,27,23.7,51.6,99.4,29.97,15.69,0,63.25
350.1484375,30.9,26.1,51.6,99.4,29.97,15.69,0,63.25
350.15625,34.55,26.55,52.1,100,29.49,15.73,0,63.18
350.1640625,39.85,27.7,52.1,100,29.49,15.73,0,63.18
350.171875,43.85,28.6,52.1,100,29.49,15.73,0,63.18
350.1796875,43.5,28.25,52.1,100,29.49,15.73,0,63.18
350.1875,46.15,29.05,52.1,100,29.49,15.73,0,63.18
350.1953125,46.3,27.85,52.1,100,29.49,15.73,0,63.18
350.203125,42.55,25.65,52.1,100,29.49,15.73,0,63.18
350.2109375,36.1,22.55,52.1,100,29.49,15.73,0,63.18
350.21875,36.25,23.1,52.1,100,29.49,15.73,0,63.18
350.2265625,36.55,22.35,52.1,100,29.49,15.73,0,63.18
350.234375,42.75,25.2,52.1,100,29.49,15.73,0,63.18
350.2421875,46.1,25.05,52.1,100,29.49,15.73,0,63.18
350.25,50.7,25.95,52.1,100,29.49,15.73,0,63.18
350.2578125,51.7,24.7,52.1,100,29.49,15.73,0,63.18
350.265625,53.35,25.8,52.1,100,29.49,15.73,0,63.18
350.2734375,55.65,27.4,52.1,100,29.49,15.73,0,63.18
350.28125,60,31,52.1,100,29.49,15.73,0,63.18
350.2890625,58.75,31.15,52.1,100,29.49,15.73,0,63.18
350.296875,55,30.6,52.1,100,29.49,15.73,0,63.18
350.3046875,49.9,28.4,52.1,100,29.49,15.73,0,63.18
350.3125,43,24.15,52.1,100,29.49,15.73,0,63.18
350.3203125,43.45,23.75,52.1,100,29.49,15.73,0,63.18
350.328125,44.15,23.95,52.1,100,29.49,15.73,0,63.18
350.3359375,47.3,25.85,52.1,100,29.49,15.73,0,63.18
350.34375,51.05,27.4,52.1,100,29.49,15.73,0,63.18
350.3515625,55.3,30.6,52.1,100,29.49,15.73,0,63.18
350.359375,53.25,30.55,52.1,100,29.49,15.73,0,63.18
350.3671875,56.65,33.7,52.1,100,29.49,15.73,0,63.18
350.375,54.8,32.5,52.1,100,29.49,15.73,0,63.18
350.3828125,52,31.35,52.1,100,29.49,15.73,0,63.18
350.390625,49.8,29.7,52.1,100,29.49,15.73,0,63.18
350.3984375,48.7,28.25,52.1,100,29.49,15.73,0,63.18
350.40625,45.2,24.5,52.1,100,29.49,15.73,0,63.18
350.4140625,45.05,23.6,52.1,100,29.49,15.73,0,63.18
350.421875,46.65,24.6,52.1,100,29.49,15.73,0,63.18
350.4296875,48.3,27.25,52.1,100,29.49,15.73,0,63.18
350.4375,51.55,31.65,52.1,100,29.49,15.73,0,63.18
350.4453125,49.8,33.6,52.1,100,29.49,15.73,0,63.18
350.453125,49.35,35.75,52.1,100,29.49,15.73,0,63.18
350.4609375,48.3,35.7,52.1,100,29.49,15.73,0,63.18
350.46875,49.95,36.95,52.1,100,29.49,15.73,0,63.18
350.4765625,46.45,35,52.1,100,29.49,15.73,0,63.18
350.484375,45.2,35.15,52.1,100,29.49,15.73,0,63.18
350.4921875,38.75,31.5,52.1,100,29.49,15.73,0,63.18
350.5,32.8,29.15,52.1,100,29.49,15.73,0,63.18
350.5078125,26.45,25.85,52.1,100,29.49,15.73,0,63.18
350.515625,26.2,26.2,52.1,100,29.49,15.73,0,63.18
350.5234375,24,24.25,52.1,100,29.49,15.73,0,63.18
350.53125,21.3,23.1,52.1,100,29.49,15.73,0,63.18
350.5390625,18.85,22.65,52.1,100,29.49,15.73,0,63.18
350.546875,15.65,22.5,52.1,100,29.49,15.73,0,63.18
350.5546875,13.15,22.1,52.1,100,29.49,15.73,0,63.18
350.5625,10.1,21.95,52.1,100,29.49,15.73,0,63.18
350.5703125,8.8,22.5,52.1,100,29.49,15.73,0,63.18
350.578125,6.1,21,52.1,100,29.49,15.73,0,63.18
350.5859375,7.7,22.7,52.1,100,29.49,15.73,0,63.18
350.59375,7.05,22.75,52.1,100,29.49,15.73,0,63.18
350.6015625,8.55,23.55,52.1,100,29.49,15.73,0,63.18
350.609375,4.2,20.6,52.1,100,29.49,15.73,0,63.18
350.6171875,1.6,19.75,52.1,100,29.49,15.73,0,63.18
350.625,-3.4,16.4,52.1,100,29.49,15.73,0,63.18
350.6328125,-3.3,16.75,52.1,100,29.49,15.73,0,63.18
350.640625,-1.65,17.4,52.1,100,29.49,15.73,0,63.18
350.6484375,0.25,18.85,52.1,100,29.49,15.73,0,63.18
350.65625,-0.1,17.95,52.1,100,29.49,15.73,0,63.18
350.6640625,1.8,18.4,52.1,100,29.49,15.73,0,63.18
350.671875,3.2,18.3,52.1,100,29.49,15.73,0,63.18
350.6796875,1.8,17.3,52.1,100,29.49,15.73,0,63.18
350.6875,4.6,19,52.1,100,29.49,15.73,0,63.18
350.6953125,4.7,19.75,52.1,100,29.49,15.73,0,63.18
350.703125,5,21,52.1,100,29.49,15.73,0,63.18
350.7109375,3.15,20.25,52.1,100,29.49,15.73,0,63.18
350.71875,4,20.25,52.1,100,29.49,15.73,0,63.18
350.7265625,1.45,17,52.1,100,29.49,15.73,0,63.18
350.734375,5,18.4,52.1,100,29.49,15.73,0,63.18
350.7421875,6.75,19.3,52.1,100,29.49,15.73,0,63.18
350.75,10.55,22.75,52.1,100,29.49,15.73,0,63.18
350.7578125,9.05,22.35,52.1,100,29.49,15.73,0,63.18
350.765625,5.65,21.45,52.1,100,29.49,15.73,0,63.18
350.7734375,1.75,19.1,52.1,100,29.49,15.73,0,63.18
350.78125,4.8,21.25,52.1,100,29.49,15.73,0,63.18
350.7890625,10.4,24.95,52.1,100,29.49,15.73,0,63.18
350.796875,12.55,27.75,52.1,100,29.49,15.73,0,63.18
350.8046875,11.9,29.1,52.1,100,29.49,15.73,0,63.18
350.8125,11.6,30.45,52.1,100,29.49,15.73,0,63.18
350.8203125,13.45,32.75,52.1,100,29.49,15.73,0,63.18
350.828125,11.6,31.2,52.1,100,29.49,15.73,0,63.18
350.8359375,14.95,32.3,52.1,100,29.49,15.73,0,63.18
350.84375,16.15,32.55,52.1,100,29.49,15.73,0,63.18
350.8515625,18.75,34,52.1,100,29.49,15.73,0,63.18
350.859375,21.95,34.25,52.1,100,29.49,15.73,0,63.18
350.8671875,29.2,38.8,52.1,100,29.49,15.73,0,63.18
350.875,29.05,39.2,52.1,100,29.49,15.73,0,63.18
350.8828125,26.7,39.65,52.1,100,29.49,15.73,0,63.18
350.890625,22.55,38.3,52.1,100,29.49,15.73,0,63.18
350.8984375,23.2,38.7,52.1,100,29.49,15.73,0,63.18
350.90625,26.7,39.1,52.1,100,29.49,15.73,0,63.18
350.9140625,32.45,42.05,52.1,100,29.49,15.73,0,63.18
350.921875,38.7,44.4,52.1,100,29.49,15.73,0,63.18
350.9296875,38.85,44.55,52.1,100,29.49,15.73,0,63.18
350.9375,36.1,44.05,52.1,100,29.49,15.73,0,63.18
350.9453125,32.85,42.9,52.1,100,29.49,15.73,0,63.18
350.953125,33,43.7,52.1,100,29.49,15.73,0,63.18
350.9609375,29.25,42.15,52.1,100,29.49,15.73,0,63.18
350.96875,30.6,42.95,52.1,100,29.49,15.73,0,63.18
350.9765625,30.3,41.15,52.1,100,29.49,15.73,0,63.18
350.984375,33.65,42.7,52.1,100,29.49,15.73,0,63.18
350.9921875,34.3,43,52.1,100,29.49,15.73,0,63.18
351,34.5,43.45,52.1,100,29.49,15.73,0,63.18
351.0078125,30.15,39.7,52.1,100,29.49,15.73,0,63.18
351.015625,28.75,38.9,52.1,100,29.49,15.73,0,63.18
351.0234375,28.2,37.85,52.1,100,29.49,15.73,0,63.18
351.03125,32.25,40.3,52.1,100,29.49,15.73,0,63.18
351.0390625,34.6,42.55,52.1,100,29.49,15.73,0,63.18
351.046875,32.25,42.35,52.1,100,29.49,15.73,0,63.18
351.0546875,32.5,41.9,52.1,100,29.49,15.73,0,63.18
351.0625,36.5,43.55,52.1,100,29.49,15.73,0,63.18
351.0703125,42.6,46.8,52.1,100,29.49,15.73,0,63.18
351.078125,44,48,52.1,100,29.49,15.73,0,63.18
351.0859375,45,49.2,52.1,100,29.49,15.73,0,63.18
351.09375,41.05,46.1,52.1,100,29.49,15.73,0,63.18
351.1015625,38.65,44.25,52.1,100,29.49,15.73,0,63.18
351.109375,32.95,40.2,52.1,100,29.49,15.73,0,63.18
351.1171875,30.05,38.5,52.1,100,29.49,15.73,0,63.18
351.125,27,35.85,52.1,100,29.49,15.73,0,63.18
351.1328125,28.05,36.45,52.1,100,29.49,15.73,0,63.18
351.140625,26.55,35.8,52.1,100,29.49,15.73,0,63.18
351.1484375,25.9,35.75,52.1,100,29.49,15.73,0,63.18
351.15625,26.9,35.1,53.3,100,29.62,15.78,0,63.14
351.1640625,30.65,36.35,53.3,100,29.62,15.78,0,63.14
351.171875,35.3,38.45,53.3,100,29.62,15.78,0,63.14
351.1796875,37.75,39.85,53.3,100,29.62,15.78,0,63.14
351.1875,39.6,41.35,53.3,100,29.62,15.78,0,63.14
351.1953125,37.7,41.4,53.3,100,29.62,15.78,0,63.14
351.203125,37.55,42.9,53.3,100,29.62,15.78,0,63.14
351.2109375,36.25,42.45,53.3,100,29.62,15.78,0,63.14
351.21875,38,43.35,53.3,100,29.62,15.78,0,63.14
351.2265625,36.55,41.15,53.3,100,29.62,15.78,0,63.14
351.234375,37.9,41.35,53.3,100,29.62,15.78,0,63.14
351.2421875,34.95,39.15,53.3,100,29.62,15.78,0,63.14
351.25,34.3,39.5,53.3,100,29.62,15.78,0,63.14
351.2578125,34.7,38.9,53.3,100,29.62,15.78,0,63.14
351.265625,35.05,38.6,53.3,100,29.62,15.78,0,63.14
351.2734375,30.9,34.3,53.3,100,29.62,15.78,0,63.14
351.28125,29.9,33.3,53.3,100,29.62,15.78,0,63.14
351.2890625,29.4,32.7,53.3,100,29.62,15.78,0,63.14
351.296875,27.5,32.05,53.3,100,29.62,15.78,0,63.14
351.3046875,28.5,33.1,53.3,100,29.62,15.78,0,63.14
351.3125,28.9,33.6,53.3,100,29.62,15.78,0,63.14
351.3203125,32.35,34.5,53.3,100,29.62,15.78,0,63.14
351.328125,33,34.9,53.3,100,29.62,15.78,0,63.14
351.3359375,33.05,36.3,53.3,100,29.62,15.78,0,63.14
351.34375,29.7,34.7,53.3,100,29.62,15.78,0,63.14
351.3515625,33.6,36.55,53.3,100,29.62,15.78,0,63.14
351.359375,35.05,36.95,53.3,100,29.62,15.78,0,63.14
351.3671875,37.55,38.85,53.3,100,29.62,15.78,0,63.14
351.375,37.2,38.15,53.3,100,29.62,15.78,0,63.14
351.3828125,39.8,39.5,53.3,100,29.62,15.78,0,63.14
351.390625,39.05,38.1,53.3,100,29.62,15.78,0,63.14
351.3984375,37.55,36.6,53.3,100,29.62,15.78,0,63.14
351.40625,34.65,34.8,53.3,100,29.62,15.78,0,63.14
351.4140625,31.4,34.7,53.3,100,29.62,15.78,0,63.14
351.421875,28.25,34,53.3,100,29.62,15.78,0,63.14
351.4296875,27.05,34.05,53.3,100,29.62,15.78,0,63.14
351.4375,27.85,35.9,53.3,100,29.62,15.78,0,63.14
351.4453125,24.8,34.75,53.3,100,29.62,15.78,0,63.14
351.453125,24.85,34.4,53.3,100,29.62,15.78,0,63.14
351.4609375,25.3,33.7,53.3,100,29.62,15.78,0,63.14
351.46875,28.25,35.45,53.3,100,29.62,15.78,0,63.14
351.4765625,25.8,34.25,53.3,100,29.62,15.78,0,63.14
351.484375,26.5,35.3,53.3,100,29.62,15.78,0,63.14
351.4921875,27.45,34.9,53.3,100,29.62,15.78,0,63.14
351.5,32.15,38.2,53.3,100,29.62,15.78,0,63.14
351.5078125,33.55,40.35,53.3,100,29.62,15.78,0,63.14
351.515625,37.15,45.35,53.3,100,29.62,15.78,0,63.14
351.5234375,39.1,46.65,53.3,100,29.62,15.78,0,63.14
351.53125,38.8,45.1,53.3,100,29.62,15.78,0,63.14
351.5390625,36.3,41.5,53.3,100,29.62,15.78,0,63.14
351.546875,32.55,38.05,53.3,100,29.62,15.78,0,63.14
351.5546875,29.65,34.35,53.3,100,29.62,15.78,0,63.14
351.5625,26.15,31.3,53.3,100,29.62,15.78,0,63.14
351.5703125,26.3,31.15,53.3,100,29.62,15.78,0,63.14
351.578125,25.6,30.1,53.3,100,29.62,15.78,0,63.14
351.5859375,29.1,32.3,53.3,100,29.62,15.78,0,63.14
351.59375,27.15,32.55,53.3,100,29.62,15.78,0,63.14
351.6015625,25.85,34.1,53.3,100,29.62,15.78,0,63.14
351.609375,23.35,32.65,53.3,100,29.62,15.78,0,63.14
351.6171875,27.55,34.35,53.3,100,29.62,15.78,0,63.14
351.625,31.65,34.5,53.3,100,29.62,15.78,0,63.14
351.6328125,39.15,37.05,53.3,100,29.62,15.78,0,63.14
351.640625,41.9,36.85,53.3,100,29.62,15.78,0,63.14
351.6484375,42.35,36.85,53.3,100,29.62,15.78,0,63.14
351.65625,40.3,35.25,53.3,100,29.62,15.78,0,63.14
351.6640625,40.6,36.3,53.3,100,29.62,15.78,0,63.14
351.671875,44.5,38.3,53.3,100,29.62,15.78,0,63.14
351.6796875,45.9,39.05,53.3,100,29.62,15.78,0,63.14
351.6875,42.85,38.5,53.3,100,29.62,15.78,0,63.14
351.6953125,37.05,35.55,53.3,100,29.62,15.78,0,63.14
351.703125,35.4,34.6,53.3,100,29.62,15.78,0,63.14
351.7109375,31.35,33.8,53.3,100,29.62,15.78,0,63.14
351.71875,32.55,35.55,53.3,100,29.62,15.78,0,63.14
351.7265625,34,34.75,53.3,100,29.62,15.78,0,63.14
351.734375,39.9,37.4,53.3,100,29.62,15.78,0,63.14
351.7421875,42.25,36.55,53.3,100,29.62,15.78,0,63.14
351.75,43.55,35.55,53.3,100,29.62,15.78,0,63.14
351.7578125,39.9,32.7,53.3,100,29.62,15.78,0,63.14
351.765625,40.65,33.15,53.3,100,29.62,15.78,0,63.14
351.7734375,41.3,32.95,53.3,100,29.62,15.78,0,63.14
351.78125,42.6,34.1,53.3,100,29.62,15.78,0,63.14
351.7890625,43.4,34.8,53.3,100,29.62,15.78,0,63.14
351.796875,41.45,35.6,53.3,100,29.62,15.78,0,63.14
351.8046875,37.15,34.1,53.3,100,29.62,15.78,0,63.14
351.8125,32.2,30.6,53.3,100,29.62,15.78,0,63.14
351.8203125,33,30.25,53.3,100,29.62,15.78,0,63.14
351.828125,35.8,30.6,53.3,100,29.62,15.78,0,63.14
351.8359375,41.7,32.5,53.3,100,29.62,15.78,0,63.14
351.84375,41.7,31.45,53.3,100,29.62,15.78,0,63.14
351.8515625,41.8,31.7,53.3,100,29.62,15.78,0,63.14
351.859375,35.6,28,53.3,100,29.62,15.78,0,63.14
351.8671875,31.1,26.5,53.3,100,29.62,15.78,0,63.14
351.875,27.95,25.8,53.3,100,29.62,15.78,0,63.14
351.8828125,30.05,28.5,53.3,100,29.62,15.78,0,63.14
351.890625,32.6,28.2,53.3,100,29.62,15.78,0,63.14
351.8984375,38,28.95,53.3,100,29.62,15.78,0,63.14
351.90625,40,28.75,53.3,100,29.62,15.78,0,63.14
351.9140625,36.9,27.15,53.3,100,29.62,15.78,0,63.14
351.921875,33.85,25.2,53.3,100,29.62,15.78,0,63.14
351.9296875,31.65,24.35,53.3,100,29.62,15.78,0,63.14
351.9375,31.8,24.25,53.3,100,29.62,15.78,0,63.14
351.9453125,29.95,22.75,53.3,100,29.62,15.78,0,63.14
351.953125,31.65,22.9,53.3,100,29.62,15.78,0,63.14
351.9609375,31.5,21.75,53.3,100,29.62,15.78,0,63.14
351.96875,36.1,24.35,53.3,100,29.62,15.78,0,63.14
351.9765625,35.45,24.15,53.3,100,29.62,15.78,0,63.14
351.984375,33.65,24.1,53.3,100,29.62,15.78,0,63.14
351.9921875,30.65,23.4,53.3,100,29.62,15.78,0,63.14
352,35.5,28.05,53.3,100,29.62,15.78,0,63.14
352.0078125,38.85,30.75,53.3,100,29.62,15.78,0,63.14
352.015625,43.2,34.15,53.3,100,29.62,15.78,0,63.14
352.0234375,44.45,35.95,53.3,100,29.62,15.78,0,63.14
352.03125,44.6,38.3,53.3,100,29.62,15.78,0,63.14
352.0390625,43.35,39,53.3,100,29.62,15.78,0,63.14
352.046875,44.1,40.1,53.3,100,29.62,15.78,0,63.14
352.0546875,48.25,43.05,53.3,100,29.62,15.78,0,63.14
352.0625,51.5,45.7,53.3,100,29.62,15.78,0,63.14
352.0703125,55.95,47.95,53.3,100,29.62,15.78,0,63.14
352.078125,58.8,47.85,53.3,100,29.62,15.78,0,63.14
352.0859375,62.85,49.4,53.3,100,29.62,15.78,0,63.14
352.09375,60.75,47.95,53.3,100,29.62,15.78,0,63.14
352.1015625,60.8,49.2,53.3,100,29.62,15.78,0,63.14
352.109375,58.3,49.15,53.3,100,29.62,15.78,0,63.14
352.1171875,58.45,51.15,53.3,100,29.62,15.78,0,63.14
352.125,58.15,49.9,53.3,100,29.62,15.78,0,63.14
352.1328125,61.25,50.85,53.3,100,29.62,15.78,0,63.14
352.140625,61.7,49.8,53.3,100,29.62,15.78,0,63.14
352.1484375,60.2,48.3,53.3,100,29.62,15.78,0,63.14
352.15625,57.4,45.45,53.3,100,29.11,15.8,0,63.21
352.1640625,53.65,43.55,53.3,100,29.11,15.8,0,63.21
352.171875,49.5,40.65,53.3,100,29.11,15.8,0,63.21
352.1796875,44.85,38.35,53.3,100,29.11,15.8,0,63.21
352.1875,42.85,38.15,53.3,100,29.11,15.8,0,63.21
352.1953125,40.25,36.75,53.3,100,29.11,15.8,0,63.21
352.203125,42.6,37.25,53.3,100,29.11,15.8,0,63.21
352.2109375,40,34.7,53.3,100,29.11,15.8,0,63.21
352.21875,38.2,32.9,53.3,100,29.11,15.8,0,63.21
352.2265625,35.35,30.5,53.3,100,29.11,15.8,0,63.21
352.234375,38.15,32.25,53.3,100,29.11,15.8,0,63.21
352.2421875,41.6,32.75,53.3,100,29.11,15.8,0,63.21
352.25,48.8,35.8,53.3,100,29.11,15.8,0,63.21
352.2578125,49.15,34.3,53.3,100,29.11,15.8,0,63.21
352.265625,50.35,34.15,53.3,100,29.11,15.8,0,63.21
352.2734375,54.75,35.8,53.3,100,29.11,15.8,0,63.21
352.28125,60.25,39.25,53.3,100,29.11,15.8,0,63.21
352.2890625,63.05,40.7,53.3,100,29.11,15.8,0,63.21
352.296875,65.85,42.6,53.3,100,29.11,15.8,0,63.21
352.3046875,66.35,42.8,53.3,100,29.11,15.8,0,63.21
352.3125,60,39.3,53.3,100,29.11,15.8,0,63.21
352.3203125,56.4,38.25,53.3,100,29.11,15.8,0,63.21
352.328125,55.35,37.85,53.3,100,29.11,15.8,0,63.21
352.3359375,58.35,39.8,53.3,100,29.11,15.8,0,63.21
352.34375,58.55,40.05,53.3,100,29.11,15.8,0,63.21
352.3515625,63.25,43.4,53.3,100,29.11,15.8,0,63.21
352.359375,63.6,43.05,53.3,100,29.11,15.8,0,63.21
352.3671875,63.9,43.9,53.3,100,29.11,15.8,0,63.21
352.375,63.45,43.75,53.3,100,29.11,15.8,0,63.21
352.3828125,67,46.35,53.3,100,29.11,15.8,0,63.21
352.390625,67.7,45.65,53.3,100,29.11,15.8,0,63.21
352.3984375,69.5,46.55,53.3,100,29.11,15.8,0,63.21
352.40625,70.05,47.55,53.3,100,29.11,15.8,0,63.21
352.4140625,69.8,49.1,53.3,100,29.11,15.8,0,63.21
352.421875,70.85,50.1,53.3,100,29.11,15.8,0,63.21
352.4296875,68.8,49.4,53.3,100,29.11,15.8,0,63.21
352.4375,65.85,47.5,53.3,100,29.11,15.8,0,63.21
352.4453125,63,45.3,53.3,100,29.11,15.8,0,63.21
352.453125,67.15,48.2,53.3,100,29.11,15.8,0,63.21
352.4609375,69.45,51.15,53.3,100,29.11,15.8,0,63.21
352.46875,72.25,54.55,53.3,100,29.11,15.8,0,63.21
352.4765625,68.6,53.4,53.3,100,29.11,15.8,0,63.21
352.484375,65.75,53.3,53.3,100,29.11,15.8,0,63.21
352.4921875,62.5,51.55,53.3,100,29.11,15.8,0,63.21
352.5,65.7,52.8,53.3,100,29.11,15.8,0,63.21
352.5078125,66.35,51.65,53.3,100,29.11,15.8,0,63.21
352.515625,64.85,51.5,53.3,100,29.11,15.8,0,63.21
352.5234375,60.8,49.8,53.3,100,29.11,15.8,0,63.21
352.53125,61.3,50.3,53.3,100,29.11,15.8,0,63.21
352.5390625,62.7,50.1,53.3,100,29.11,15.8,0,63.21
352.546875,60.1,47.7,53.3,100,29.11,15.8,0,63.21
352.5546875,58.3,45.45,53.3,100,29.11,15.8,0,63.21
352.5625,58.15,43.3,53.3,100,29.11,15.8,0,63.21
352.5703125,59.75,43.15,53.3,100,29.11,15.8,0,63.21
352.578125,57.75,42.1,53.3,100,29.11,15.8,0,63.21
352.5859375,56.1,42.8,53.3,100,29.11,15.8,0,63.21
352.59375,48.05,39.25,53.3,100,29.11,15.8,0,63.21
352.6015625,45.25,38.4,53.3,100,29.11,15.8,0,63.21
352.609375,43.8,36.35,53.3,100,29.11,15.8,0,63.21
352.6171875,46.15,36.75,53.3,100,29.11,15.8,0,63.21
352.625,46.65,35.45,53.3,100,29.11,15.8,0,63.21
352.6328125,50.15,37.05,53.3,100,29.11,15.8,0,63.21
352.640625,51.4,37.55,53.3,100,29.11,15.8,0,63.21
352.6484375,55.05,40.5,53.3,100,29.11,15.8,0,63.21
352.65625,58.15,41.9,53.3,100,29.11,15.8,0,63.21
352.6640625,58.8,41.65,53.3,100,29.11,15.8,0,63.21
352.671875,59,40.2,53.3,100,29.11,15.8,0,63.21
352.6796875,56.5,38.8,53.3,100,29.11,15.8,0,63.21
352.6875,55,39.45,53.3,100,29.11,15.8,0,63.21
352.6953125,55.2,40.75,53.3,100,29.11,15.8,0,63.21
352.703125,60.65,44.9,53.3,100,29.11,15.8,0,63.21
352.7109375,62.1,46.7,53.3,100,29.11,15.8,0,63.21
352.71875,65.05,48.75,53.3,100,29.11,15.8,0,63.21
352.7265625,61.35,45.9,53.3,100,29.11,15.8,0,63.21
352.734375,57.1,43.35,53.3,100,29.11,15.8,0,63.21
352.7421875,50.75,38.55,53.3,100,29.11,15.8,0,63.21
352.75,50.35,38.05,53.3,100,29.11,15.8,0,63.21
352.7578125,48.85,37.25,53.3,100,29.11,15.8,0,63.21
352.765625,47.85,38.75,53.3,100,29.11,15.8,0,63.21
352.7734375,47.55,40.1,53.3,100,29.11,15.8,0,63.21
352.78125,51.45,44.15,53.3,100,29.11,15.8,0,63.21
352.7890625,55.3,47.8,53.3,100,29.11,15.8,0,63.21
352.796875,57.5,50.15,53.3,100,29.11,15.8,0,63.21
352.8046875,57.95,50,53.3,100,29.11,15.8,0,63.21
352.8125,52.4,46.55,53.3,100,29.11,15.8,0,63.21
352.8203125,47.6,43.6,53.3,100,29.11,15.8,0,63.21
352.828125,43.25,41.6,53.3,100,29.11,15.8,0,63.21
352.8359375,45.7,45.15,53.3,100,29.11,15.8,0,63.21
352.84375,48.8,48,53.3,100,29.11,15.8,0,63.21
352.8515625,53.65,51.75,53.3,100,29.11,15.8,0,63.21
352.859375,51.2,51.1,53.3,100,29.11,15.8,0,63.21
352.8671875,51.9,52.05,53.3,100,29.11,15.8,0,63.21
352.875,52.35,51.25,53.3,100,29.11,15.8,0,63.21
352.8828125,53.65,52.1,53.3,100,29.11,15.8,0,63.21
352.890625,51.7,50.2,53.3,100,29.11,15.8,0,63.21
352.8984375,49.75,49.2,53.3,100,29.11,15.8,0,63.21
352.90625,44.95,46.7,53.3,100,29.11,15.8,0,63.21
352.9140625,43.65,44.75,53.3,100,29.11,15.8,0,63.21
352.921875,46.65,44.3,53.3,100,29.11,15.8,0,63.21
352.9296875,47.5,44.5,53.3,100,29.11,15.8,0,63.21
352.9375,47.95,45.3,53.3,100,29.11,15.8,0,63.21
352.9453125,45.95,44.05,53.3,100,29.11,15.8,0,63.21
352.953125,44,43.25,53.3,100,29.11,15.8,0,63.21
352.9609375,39.3,40.35,53.3,100,29.11,15.8,0,63.21
352.96875,39.25,41.1,53.3,100,29.11,15.8,0,63.21
352.9765625,38.3,40.85,53.3,100,29.11,15.8,0,63.21
352.984375,41,42.3,53.3,100,29.11,15.8,0,63.21
352.9921875,38.1,39.1,53.3,100,29.11,15.8,0,63.21
353,34.4,37.2,53.3,100,29.11,15.8,0,63.21
353.0078125,29.75,34.9,53.3,100,29.11,15.8,0,63.21
353.015625,29.4,35.65,53.3,100,29.11,15.8,0,63.21
353.0234375,28.6,35,53.3,100,29.11,15.8,0,63.21
353.03125,27.95,35.4,53.3,100,29.11,15.8,0,63.21
353.0390625,26.6,33.85,53.3,100,29.11,15.8,0,63.21
353.046875,26.05,31.5,53.3,100,29.11,15.8,0,63.21
353.0546875,28.2,30.45,53.3,100,29.11,15.8,0,63.21
353.0625,27.65,29.1,53.3,100,29.11,15.8,0,63.21
353.0703125,29,29.2,53.3,100,29.11,15.8,0,63.21
353.078125,27.95,28.05,53.3,100,29.11,15.8,0,63.21
353.0859375,28.65,28.4,53.3,100,29.11,15.8,0,63.21
353.09375,27.75,26.55,53.3,100,29.11,15.8,0,63.21
353.1015625,29.8,27.3,53.3,100,29.11,15.8,0,63.21
353.109375,25.5,24.6,53.3,100,29.11,15.8,0,63.21
353.1171875,23.15,23.1,53.3,100,29.11,15.8,0,63.21
353.125,18.85,19.05,53.3,100,29.11,15.8,0,63.21
353.1328125,19.15,19.55,53.3,100,29.11,15.8,0,63.21
353.140625,18.8,20.05,53.3,100,29.11,15.8,0,63.21
353.1484375,19.45,21.3,53.3,100,29.11,15.8,0,63.21
353.15625,20.8,21.75,53.2,100,28.69,15.85,0,63.38
353.1640625,23.7,23.2,53.2,100,28.69,15.85,0,63.38
353.171875,25.45,23.15,53.2,100,28.69,15.85,0,63.38
353.1796875,22.8,21.1,53.2,100,28.69,15.85,0,63.38
353.1875,16.25,18.6,53.2,100,28.69,15.85,0,63.38
353.1953125,7.4,15.35,53.2,100,28.69,15.85,0,63.38
353.203125,6.5,16.6,53.2,100,28.69,15.85,0,63.38
353.2109375,5.85,15.85,53.2,100,28.69,15.85,0,63.38
353.21875,9.45,16.45,53.2,100,28.69,15.85,0,63.38
353.2265625,10.35,15.6,53.2,100,28.69,15.85,0,63.38
353.234375,12,17.4,53.2,100,28.69,15.85,0,63.38
353.2421875,11.35,17.8,53.2,100,28.69,15.85,0,63.38
353.25,16.25,21.85,53.2,100,28.69,15.85,0,63.38
353.2578125,18.45,22.9,53.2,100,28.69,15.85,0,63.38
353.265625,23.4,25.2,53.2,100,28.69,15.85,0,63.38
353.2734375,29.75,25.65,53.2,100,28.69,15.85,0,63.38
353.28125,33.35,24.45,53.2,100,28.69,15.85,0,63.38
353.2890625,32.65,22.1,53.2,100,28.69,15.85,0,63.38
353.296875,26,18.55,53.2,100,28.69,15.85,0,63.38
353.3046875,17.4,14.9,53.2,100,28.69,15.85,0,63.38
353.3125,7.85,12.5,53.2,100,28.69,15.85,0,63.38
353.3203125,2.7,13.4,53.2,100,28.69,15.85,0,63.38
353.328125,-1.3,13.3,53.2,100,28.69,15.85,0,63.38
353.3359375,2.45,16.75,53.2,100,28.69,15.85,0,63.38
353.34375,2.4,17.65,53.2,100,28.69,15.85,0,63.38
353.3515625,2.9,18.5,53.2,100,28.69,15.85,0,63.38
353.359375,0.2,16.15,53.2,100,28.69,15.85,0,63.38
353.3671875,0.3,16.05,53.2,100,28.69,15.85,0,63.38
353.375,-2.45,13.4,53.2,100,28.69,15.85,0,63.38
353.3828125,-2.4,13.05,53.2,100,28.69,15.85,0,63.38
353.390625,-5.55,11.55,53.2,100,28.69,15.85,0,63.38
353.3984375,-7.25,12.4,53.2,100,28.69,15.85,0,63.38
353.40625,-5.75,14.6,53.2,100,28.69,15.85,0,63.38
353.4140625,-3.55,16.65,53.2,100,28.69,15.85,0,63.38
353.421875,-3.2,16.55,53.2,100,28.69,15.85,0,63.38
353.4296875,-6.25,15.3,53.2,100,28.69,15.85,0,63.38
353.4375,-9.2,13.55,53.2,100,28.69,15.85,0,63.38
353.4453125,-11.6,9.75,53.2,100,28.69,15.85,0,63.38
353.453125,-8.25,10,53.2,100,28.69,15.85,0,63.38
353.4609375,-9.65,10.4,53.2,100,28.69,15.85,0,63.38
353.46875,-8.95,12.65,53.2,100,28.69,15.85,0,63.38
353.4765625,-9.2,12.15,53.2,100,28.69,15.85,0,63.38
353.484375,-6.1,13.1,53.2,100,28.69,15.85,0,63.38
353.4921875,-5.7,11.25,53.2,100,28.69,15.85,0,63.38
353.5,-2.55,12.45,53.2,100,28.69,15.85,0,63.38
353.5078125,-4.05,11.45,53.2,100,28.69,15.85,0,63.38
353.515625,-3.8,11.6,53.2,100,28.69,15.85,0,63.38
353.5234375,-2,11.7,53.2,100,28.69,15.85,0,63.38
353.53125,0.75,14.05,53.2,100,28.69,15.85,0,63.38
353.5390625,2.15,14.55,53.2,100,28.69,15.85,0,63.38
353.546875,3.25,14.75,53.2,100,28.69,15.85,0,63.38
353.5546875,7.4,17,53.2,100,28.69,15.85,0,63.38
353.5625,8.15,17.2,53.2,100,28.69,15.85,0,63.38
353.5703125,8.25,16.4,53.2,100,28.69,15.85,0,63.38
353.578125,3.95,13.6,53.2,100,28.69,15.85,0,63.38
353.5859375,-0.85,11.8,53.2,100,28.69,15.85,0,63.38
353.59375,-10.35,7.6,53.2,100,28.69,15.85,0,63.38
353.6015625,-15.65,5.9,53.2,100,28.69,15.85,0,63.38
353.609375,-23.9,-0.05,53.2,100,28.69,15.85,0,63.38
353.6171875,-25.9,-1.9,53.2,100,28.69,15.85,0,63.38
353.625,-25.05,-1.8,53.2,100,28.69,15.85,0,63.38
353.6328125,-23.3,-0.6,53.2,100,28.69,15.85,0,63.38
353.640625,-24.3,-2.3,53.2,100,28.69,15.85,0,63.38
353.6484375,-19.55,0.15,53.2,100,28.69,15.85,0,63.38
353.65625,-13.6,2.3,53.2,100,28.69,15.85,0,63.38
353.6640625,-9.65,4.2,53.2,100,28.69,15.85,0,63.38
353.671875,-5.85,6.4,53.2,100,28.69,15.85,0,63.38
353.6796875,-5,8.65,53.2,100,28.69,15.85,0,63.38
353.6875,-4.65,11.9,53.2,100,28.69,15.85,0,63.38
353.6953125,-7.35,11.8,53.2,100,28.69,15.85,0,63.38
353.703125,-7.7,11.2,53.2,100,28.69,15.85,0,63.38
353.7109375,-9.75,8.85,53.2,100,28.69,15.85,0,63.38
353.71875,-6.45,8.6,53.2,100,28.69,15.85,0,63.38
353.7265625,-6.95,5.25,53.2,100,28.69,15.85,0,63.38
353.734375,-6.05,5.65,53.2,100,28.69,15.85,0,63.38
353.7421875,-8,4.2,53.2,100,28.69,15.85,0,63.38
353.75,-7.1,5.75,53.2,100,28.69,15.85,0,63.38
353.7578125,-7.7,6.55,53.2,100,28.69,15.85,0,63.38
353.765625,-5.95,8.25,53.2,100,28.69,15.85,0,63.38
353.7734375,-5.05,7.35,53.2,100,28.69,15.85,0,63.38
353.78125,-3.45,7.6,53.2,100,28.69,15.85,0,63.38
353.7890625,-1.25,6.85,53.2,100,28.69,15.85,0,63.38
353.796875,0,6.15,53.2,100,28.69,15.85,0,63.38
353.8046875,1.55,6.95,53.2,100,28.69,15.85,0,63.38
353.8125,2.55,8.6,53.2,100,28.69,15.85,0,63.38
353.8203125,6.15,12.9,53.2,100,28.69,15.85,0,63.38
353.828125,4.1,13.5,53.2,100,28.69,15.85,0,63.38
353.8359375,1.45,12.5,53.2,100,28.69,15.85,0,63.38
353.84375,-5.35,8.85,53.2,100,28.69,15.85,0,63.38
353.8515625,-5.15,10.1,53.2,100,28.69,15.85,0,63.38
353.859375,-5.15,9.2,53.2,100,28.69,15.85,0,63.38
353.8671875,-5.3,8.6,53.2,100,28.69,15.85,0,63.38
353.875,-7.85,6.4,53.2,100,28.69,15.85,0,63.38
353.8828125,-7.55,7.2,53.2,100,28.69,15.85,0,63.38
353.890625,-12.9,3.05,53.2,100,28.69,15.85,0,63.38
353.8984375,-15.75,0,53.2,100,28.69,15.85,0,63.38
353.90625,-12.95,0.15,53.2,100,28.69,15.85,0,63.38
353.9140625,-8.5,1.05,53.2,100,28.69,15.85,0,63.38
353.921875,-4.3,2.15,53.2,100,28.69,15.85,0,63.38
353.9296875,-4.15,2.95,53.2,100,28.69,15.85,0,63.38
353.9375,-5.4,2.85,53.2,100,28.69,15.85,0,63.38
353.9453125,-9.8,0.95,53.2,100,28.69,15.85,0,63.38
353.953125,-13.05,0.8,53.2,100,28.69,15.85,0,63.38
353.9609375,-20.55,-2.75,53.2,100,28.69,15.85,0,63.38
353.96875,-22,-2.65,53.2,100,28.69,15.85,0,63.38
353.9765625,-25.85,-4.95,53.2,100,28.69,15.85,0,63.38
353.984375,-27.05,-6.85,53.2,100,28.69,15.85,0,63.38
353.9921875,-25.4,-8.2,53.2,100,28.69,15.85,0,63.38
354,-14.75,-2.7,53.2,100,28.69,15.85,0,63.38
354.0078125,-6.85,1.35,53.2,100,28.69,15.85,0,63.38
354.015625,0.1,5.6,53.2,100,28.69,15.85,0,63.38
354.0234375,4.85,6.95,53.2,100,28.69,15.85,0,63.38
354.03125,6.1,7,53.2,100,28.69,15.85,0,63.38
354.0390625,2.85,5.35,53.2,100,28.69,15.85,0,63.38
354.046875,-2.6,3.5,53.2,100,28.69,15.85,0,63.38
354.0546875,-9.35,1.75,53.2,100,28.69,15.85,0,63.38
354.0625,-17.8,-1.05,53.2,100,28.69,15.85,0,63.38
354.0703125,-18.4,-0.9,53.2,100,28.69,15.85,0,63.38
354.078125,-20.25,-1.8,53.2,100,28.69,15.85,0,63.38
354.0859375,-21.1,-1.65,53.2,100,28.69,15.85,0,63.38
354.09375,-23.25,-2.85,53.2,100,28.69,15.85,0,63.38
354.1015625,-21.65,-1.25,53.2,100,28.69,15.85,0,63.38
354.109375,-22.25,-1.9,53.2,100,28.69,15.85,0,63.38
354.1171875,-17.2,1.3,53.2,100,28.69,15.85,0,63.38
354.125,-15.8,2.25,53.2,100,28.69,15.85,0,63.38
354.1328125,-13.9,4.4,53.2,100,28.69,15.85,0,63.38
354.140625,-13.6,4.05,53.2,100,28.69,15.85,0,63.38
354.1484375,-12.5,4.05,53.2,100,28.69,15.85,0,63.38
354.15625,-8.8,5.4,52.4,100,28.63,15.79,0,63.47
354.1640625,-5.2,7.85,52.4,100,28.63,15.79,0,63.47
354.171875,-3.85,8.15,52.4,100,28.63,15.79,0,63.47
354.1796875,-4.75,7.7,52.4,100,28.63,15.79,0,63.47
354.1875,-5.45,8.85,52.4,100,28.63,15.79,0,63.47
354.1953125,-9.65,7.5,52.4,100,28.63,15.79,0,63.47
354.203125,-7.75,8.25,52.4,100,28.63,15.79,0,63.47
354.2109375,-6.4,8.6,52.4,100,28.63,15.79,0,63.47
354.21875,-2.45,11.35,52.4,100,28.63,15.79,0,63.47
354.2265625,-4.25,10.85,52.4,100,28.63,15.79,0,63.47
354.234375,-7.8,10.2,52.4,100,28.63,15.79,0,63.47
354.2421875,-14.65,5.3,52.4,100,28.63,15.79,0,63.47
354.25,-14.6,4.9,52.4,100,28.63,15.79,0,63.47
354.2578125,-15.45,5.15,52.4,100,28.63,15.79,0,63.47
354.265625,-13.25,7.45,52.4,100,28.63,15.79,0,63.47
354.2734375,-11.8,7.45,52.4,100,28.63,15.79,0,63.47
354.28125,-10.65,8.45,52.4,100,28.63,15.79,0,63.47
354.2890625,-9.5,9.25,52.4,100,28.63,15.79,0,63.47
354.296875,-8,10.7,52.4,100,28.63,15.79,0,63.47
354.3046875,-2.95,14.15,52.4,100,28.63,15.79,0,63.47
354.3125,2.8,17,52.4,100,28.63,15.79,0,63.47
354.3203125,8.35,19.8,52.4,100,28.63,15.79,0,63.47
354.328125,8.55,19.55,52.4,100,28.63,15.79,0,63.47
354.3359375,9.65,20.55,52.4,100,28.63,15.79,0,63.47
354.34375,7.4,19.65,52.4,100,28.63,15.79,0,63.47
354.3515625,8.85,21.5,52.4,100,28.63,15.79,0,63.47
354.359375,8.65,21.15,52.4,100,28.63,15.79,0,63.47
354.3671875,11.65,24.6,52.4,100,28.63,15.79,0,63.47
354.375,13.25,26.95,52.4,100,28.63,15.79,0,63.47
354.3828125,15.8,29.6,52.4,100,28.63,15.79,0,63.47
354.390625,16.05,29.8,52.4,100,28.63,15.79,0,63.47
354.3984375,18.1,31.75,52.4,100,28.63,15.79,0,63.47
354.40625,20.05,32.55,52.4,100,28.63,15.79,0,63.47
354.4140625,21.35,33.45,52.4,100,28.63,15.79,0,63.47
354.421875,24.85,35.9,52.4,100,28.63,15.79,0,63.47
354.4296875,26.35,38.3,52.4,100,28.63,15.79,0,63.47
354.4375,29.45,41.8,52.4,100,28.63,15.79,0,63.47
354.4453125,30.8,42.75,52.4,100,28.63,15.79,0,63.47
354.453125,33.75,44.85,52.4,100,28.63,15.79,0,63.47
354.4609375,32.15,44.3,52.4,100,28.63,15.79,0,63.47
354.46875,35.4,46.3,52.4,100,28.63,15.79,0,63.47
354.4765625,35.75,46.1,52.4,100,28.63,15.79,0,63.47
354.484375,38.3,48.8,52.4,100,28.63,15.79,0,63.47
354.4921875,40.35,49.75,52.4,100,28.63,15.79,0,63.47
354.5,47.5,54.15,52.4,100,28.63,15.79,0,63.47
354.5078125,51.25,54.55,52.4,100,28.63,15.79,0,63.47
354.515625,55.55,55.85,52.4,100,28.63,15.79,0,63.47
354.5234375,58.35,56.9,52.4,100,28.63,15.79,0,63.47
354.53125,56.9,56.4,52.4,100,28.63,15.79,0,63.47
354.5390625,51.25,52.15,52.4,100,28.63,15.79,0,63.47
354.546875,47.55,49.95,52.4,100,28.63,15.79,0,63.47
354.5546875,49.45,49.95,52.4,100,28.63,15.79,0,63.47
354.5625,48.2,47.55,52.4,100,28.63,15.79,0,63.47
354.5703125,47.3,47.25,52.4,100,28.63,15.79,0,63.47
354.578125,43.8,46,52.4,100,28.63,15.79,0,63.47
354.5859375,42.6,46.35,52.4,100,28.63,15.79,0,63.47
354.59375,40,45.15,52.4,100,28.63,15.79,0,63.47
354.6015625,45.15,48.75,52.4,100,28.63,15.79,0,63.47
354.609375,49.7,51.3,52.4,100,28.63,15.79,0,63.47
354.6171875,54.45,53.85,52.4,100,28.63,15.79,0,63.47
354.625,53.65,51.85,52.4,100,28.63,15.79,0,63.47
354.6328125,54.85,52.15,52.4,100,28.63,15.79,0,63.47
354.640625,55.1,51.3,52.4,100,28.63,15.79,0,63.47
354.6484375,53.95,50,52.4,100,28.63,15.79,0,63.47
354.65625,53.4,48.8,52.4,100,28.63,15.79,0,63.47
354.6640625,55.75,49.65,52.4,100,28.63,15.79,0,63.47
354.671875,60.45,51.85,52.4,100,28.63,15.79,0,63.47
354.6796875,64,53.55,52.4,100,28.63,15.79,0,63.47
354.6875,68.1,55.1,52.4,100,28.63,15.79,0,63.47
354.6953125,69.55,55.3,52.4,100,28.63,15.79,0,63.47
354.703125,74.3,58.5,52.4,100,28.63,15.79,0,63.47
354.7109375,73.15,58,52.4,100,28.63,15.79,0,63.47
354.71875,74.05,59.1,52.4,100,28.63,15.79,0,63.47
354.7265625,74.65,59.5,52.4,100,28.63,15.79,0,63.47
354.734375,77.45,62,52.4,100,28.63,15.79,0,63.47
354.7421875,75.05,60.65,52.4,100,28.63,15.79,0,63.47
354.75,72.35,59.8,52.4,100,28.63,15.79,0,63.47
354.7578125,63.45,54.85,52.4,100,28.63,15.79,0,63.47
354.765625,56.85,52.15,52.4,100,28.63,15.79,0,63.47
354.7734375,55.1,50.5,52.4,100,28.63,15.79,0,63.47
354.78125,57.2,50.85,52.4,100,28.63,15.79,0,63.47
354.7890625,60.85,52.95,52.4,100,28.63,15.79,0,63.47
354.796875,59.45,52.95,52.4,100,28.63,15.79,0,63.47
354.8046875,53.95,49.6,52.4,100,28.63,15.79,0,63.47
354.8125,49.5,46.1,52.4,100,28.63,15.79,0,63.47
354.8203125,52.1,46.15,52.4,100,28.63,15.79,0,63.47
354.828125,51.3,44.7,52.4,100,28.63,15.79,0,63.47
354.8359375,53.35,46.25,52.4,100,28.63,15.79,0,63.47
354.84375,52.15,45.25,52.4,100,28.63,15.79,0,63.47
354.8515625,51.95,45.45,52.4,100,28.63,15.79,0,63.47
354.859375,46.1,42.15,52.4,100,28.63,15.79,0,63.47
354.8671875,40.45,39,52.4,100,28.63,15.79,0,63.47
354.875,32.35,33.3,52.4,100,28.63,15.79,0,63.47
354.8828125,30.6,32.2,52.4,100,28.63,15.79,0,63.47
354.890625,32.7,32.95,52.4,100,28.63,15.79,0,63.47
354.8984375,38.05,36.1,52.4,100,28.63,15.79,0,63.47
354.90625,42.2,37.8,52.4,100,28.63,15.79,0,63.47
354.9140625,44.45,38.7,52.4,100,28.63,15.79,0,63.47
354.921875,46.7,40.5,52.4,100,28.63,15.79,0,63.47
354.9296875,47.2,40.6,52.4,100,28.63,15.79,0,63.47
354.9375,47.65,40.35,52.4,100,28.63,15.79,0,63.47
354.9453125,44.15,38.75,52.4,100,28.63,15.79,0,63.47
354.953125,44.35,40.35,52.4,100,28.63,15.79,0,63.47
354.9609375,43.1,39.7,52.4,100,28.63,15.79,0,63.47
354.96875,46.4,41.7,52.4,100,28.63,15.79,0,63.47
354.9765625,46,40.55,52.4,100,28.63,15.79,0,63.47
354.984375,44.7,39.35,52.4,100,28.63,15.79,0,63.47
354.9921875,39.9,35.7,52.4,100,28.63,15.79,0,63.47
355,40.15,37.05,52.4,100,28.63,15.79,0,63.47
355.0078125,39.4,37.6,52.4,100,28.63,15.79,0,63.47
355.015625,39.55,39.2,52.4,100,28.63,15.79,0,63.47
355.0234375,39.8,39.65,52.4,100,28.63,15.79,0,63.47
355.03125,40.3,40.2,52.4,100,28.63,15.79,0,63.47
355.0390625,42.85,41.2,52.4,100,28.63,15.79,0,63.47
355.046875,45.6,43.4,52.4,100,28.63,15.79,0,63.47
355.0546875,47.55,44.8,52.4,100,28.63,15.79,0,63.47
355.0625,46.85,44.2,52.4,100,28.63,15.79,0,63.47
355.0703125,51.6,47.5,52.4,100,28.63,15.79,0,63.47
355.078125,54.65,50.15,52.4,100,28.63,15.79,0,63.47
355.0859375,55.3,52,52.4,100,28.63,15.79,0,63.47
355.09375,48.1,47.45,52.4,100,28.63,15.79,0,63.47
355.1015625,45.55,44.7,52.4,100,28.63,15.79,0,63.47
355.109375,43.05,42.2,52.4,100,28.63,15.79,0,63.47
355.1171875,41.9,42.35,52.4,100,28.63,15.79,0,63.47
355.125,38.9,40.25,52.4,100,28.63,15.79,0,63.47
355.1328125,39.8,40.85,52.4,100,28.63,15.79,0,63.47
355.140625,41.45,41.15,52.4,100,28.63,15.79,0,63.47
355.1484375,43.5,41.6,52.4,100,28.63,15.79,0,63.47
355.15625,42.05,39.9,50.8,100,28.51,15.7,0,63.52
355.1640625,39.15,38.05,50.8,100,28.51,15.7,0,63.52
355.171875,40.55,38.15,50.8,100,28.51,15.7,0,63.52
355.1796875,36.95,36.4,50.8,100,28.51,15.7,0,63.52
355.1875,34.25,35.2,50.8,100,28.51,15.7,0,63.52
355.1953125,34.65,34.6,50.8,100,28.51,15.7,0,63.52
355.203125,39.5,37.5,50.8,100,28.51,15.7,0,63.52
355.2109375,41.05,37.95,50.8,100,28.51,15.7,0,63.52
355.21875,49.65,43.1,50.8,100,28.51,15.7,0,63.52
355.2265625,53,44.9,50.8,100,28.51,15.7,0,63.52
355.234375,54.3,46.9,50.8,100,28.51,15.7,0,63.52
355.2421875,51.7,44.75,50.8,100,28.51,15.7,0,63.52
355.25,52.35,43.95,50.8,100,28.51,15.7,0,63.52
355.2578125,52.7,42.05,50.8,100,28.51,15.7,0,63.52
355.265625,55.9,44.3,50.8,100,28.51,15.7,0,63.52
355.2734375,56.65,44.95,50.8,100,28.51,15.7,0,63.52
355.28125,53.4,44.25,50.8,100,28.51,15.7,0,63.52
355.2890625,49.6,42.4,50.8,100,28.51,15.7,0,63.52
355.296875,48.8,41.25,50.8,100,28.51,15.7,0,63.52
355.3046875,50.3,40.25,50.8,100,28.51,15.7,0,63.52
355.3125,47.55,36.6,50.8,100,28.51,15.7,0,63.52
355.3203125,46.4,33.6,50.8,100,28.51,15.7,0,63.52
355.328125,42.8,30.8,50.8,100,28.51,15.7,0,63.52
355.3359375,41.55,31.15,50.8,100,28.51,15.7,0,63.52
355.34375,38.45,29.75,50.8,100,28.51,15.7,0,63.52
355.3515625,39.5,30.85,50.8,100,28.51,15.7,0,63.52
355.359375,41.35,31.6,50.8,100,28.51,15.7,0,63.52
355.3671875,47.35,35.3,50.8,100,28.51,15.7,0,63.52
355.375,48.75,35.75,50.8,100,28.51,15.7,0,63.52
355.3828125,50,36.45,50.8,100,28.51,15.7,0,63.52
355.390625,47.95,34.95,50.8,100,28.51,15.7,0,63.52
355.3984375,43.15,34.1,50.8,100,28.51,15.7,0,63.52
355.40625,41.25,34.55,50.8,100,28.51,15.7,0,63.52
355.4140625,43,36.45,50.8,100,28.51,15.7,0,63.52
355.421875,44.95,38.25,50.8,100,28.51,15.7,0,63.52
355.4296875,44.75,38.9,50.8,100,28.51,15.7,0,63.52
355.4375,47.4,41.25,50.8,100,28.51,15.7,0,63.52
355.4453125,48.6,41.9,50.8,100,28.51,15.7,0,63.52
355.453125,52.3,44.1,50.8,100,28.51,15.7,0,63.52
355.4609375,51.65,43.15,50.8,100,28.51,15.7,0,63.52
355.46875,53.2,44.7,50.8,100,28.51,15.7,0,63.52
355.4765625,51.85,43.85,50.8,100,28.51,15.7,0,63.52
355.484375,51.85,44.35,50.8,100,28.51,15.7,0,63.52
355.4921875,46.35,40.45,50.8,100,28.51,15.7,0,63.52
355.5,42.6,38.25,50.8,100,28.51,15.7,0,63.52
355.5078125,39.6,36.45,50.8,100,28.51,15.7,0,63.52
355.515625,41.1,38.6,50.8,100,28.51,15.7,0,63.52
355.5234375,42.95,40.65,50.8,100,28.51,15.7,0,63.52
355.53125,45.3,44.15,50.8,100,28.51,15.7,0,63.52
355.5390625,47.85,47.6,50.8,100,28.51,15.7,0,63.52
355.546875,46.6,46.85,50.8,100,28.51,15.7,0,63.52
355.5546875,40.25,42.5,50.8,100,28.51,15.7,0,63.52
355.5625,30.4,37.55,50.8,100,28.51,15.7,0,63.52
355.5703125,30.85,38.2,50.8,100,28.51,15.7,0,63.52
355.578125,33.3,38.15,50.8,100,28.51,15.7,0,63.52
355.5859375,35.5,38.95,50.8,100,28.51,15.7,0,63.52
355.59375,33.85,37.2,50.8,100,28.51,15.7,0,63.52
355.6015625,33.9,37.75,50.8,100,28.51,15.7,0,63.52
355.609375,28.6,35.15,50.8,100,28.51,15.7,0,63.52
355.6171875,27.2,35.35,50.8,100,28.51,15.7,0,63.52
355.625,24.15,34.6,50.8,100,28.51,15.7,0,63.52
355.6328125,22.85,36,50.8,100,28.51,15.7,0,63.52
355.640625,23.55,37.05,50.8,100,28.51,15.7,0,63.52
355.6484375,26.55,38.95,50.8,100,28.51,15.7,0,63.52
355.65625,27.05,36.8,50.8,100,28.51,15.7,0,63.52
355.6640625,26.1,32.2,50.8,100,28.51,15.7,0,63.52
355.671875,26.55,30.4,50.8,100,28.51,15.7,0,63.52
355.6796875,25.45,29.2,50.8,100,28.51,15.7,0,63.52
355.6875,24.7,27.2,50.8,100,28.51,15.7,0,63.52
355.6953125,20.1,23.1,50.8,100,28.51,15.7,0,63.52
355.703125,18.4,22.8,50.8,100,28.51,15.7,0,63.52
355.7109375,15.25,20.85,50.8,100,28.51,15.7,0,63.52
355.71875,16,22.3,50.8,100,28.51,15.7,0,63.52
355.7265625,16.65,22.4,50.8,100,28.51,15.7,0,63.52
355.734375,24.05,26.4,50.8,100,28.51,15.7,0,63.52
355.7421875,30.8,29.3,50.8,100,28.51,15.7,0,63.52
355.75,36.2,32.7,50.8,100,28.51,15.7,0,63.52
355.7578125,34,32.2,50.8,100,28.51,15.7,0,63.52
355.765625,31.35,33.05,50.8,100,28.51,15.7,0,63.52
355.7734375,32.3,33.85,50.8,100,28.51,15.7,0,63.52
355.78125,35.25,35.35,50.8,100,28.51,15.7,0,63.52
355.7890625,36.2,36.65,50.8,100,28.51,15.7,0,63.52
355.796875,33.75,36.95,50.8,100,28.51,15.7,0,63.52
355.8046875,34.45,38.5,50.8,100,28.51,15.7,0,63.52
355.8125,34.15,37.65,50.8,100,28.51,15.7,0,63.52
355.8203125,36.45,37.55,50.8,100,28.51,15.7,0,63.52
355.828125,36.15,36.85,50.8,100,28.51,15.7,0,63.52
355.8359375,38.8,39.35,50.8,100,28.51,15.7,0,63.52
355.84375,36.6,38.85,50.8,100,28.51,15.7,0,63.52
355.8515625,38.25,41.65,50.8,100,28.51,15.7,0,63.52
355.859375,39.95,43.6,50.8,100,28.51,15.7,0,63.52
355.8671875,42.3,47.1,50.8,100,28.51,15.7,0,63.52
355.875,38.55,46.55,50.8,100,28.51,15.7,0,63.52
355.8828125,36.8,47.55,50.8,100,28.51,15.7,0,63.52
355.890625,35.4,47.25,50.8,100,28.51,15.7,0,63.52
355.8984375,35.55,46.75,50.8,100,28.51,15.7,0,63.52
355.90625,34.15,44.45,50.8,100,28.51,15.7,0,63.52
355.9140625,30.3,41.9,50.8,100,28.51,15.7,0,63.52
355.921875,29.75,42.5,50.8,100,28.51,15.7,0,63.52
355.9296875,33.1,46.15,50.8,100,28.51,15.7,0,63.52
355.9375,37.5,50.35,50.8,100,28.51,15.7,0,63.52
355.9453125,35.75,50.35,50.8,100,28.51,15.7,0,63.52
355.953125,37.35,52,50.8,100,28.51,15.7,0,63.52
355.9609375,36,50,50.8,100,28.51,15.7,0,63.52
355.96875,35.65,48.85,50.8,100,28.51,15.7,0,63.52
355.9765625,31.6,46.05,50.8,100,28.51,15.7,0,63.52
355.984375,27.35,43.7,50.8,100,28.51,15.7,0,63.52
355.9921875,20.3,37.65,50.8,100,28.51,15.7,0,63.52
356,20.35,35.75,50.8,100,28.51,15.7,0,63.52
356.0078125,23,35.75,50.8,100,28.51,15.7,0,63.52
356.015625,27.85,39,50.8,100,28.51,15.7,0,63.52
356.0234375,32.75,41.6,50.8,100,28.51,15.7,0,63.52
356.03125,36.75,44.3,50.8,100,28.51,15.7,0,63.52
356.0390625,37.75,45.5,50.8,100,28.51,15.7,0,63.52
356.046875,35.2,43.8,50.8,100,28.51,15.7,0,63.52
356.0546875,36.9,43.3,50.8,100,28.51,15.7,0,63.52
356.0625,37.1,41.85,50.8,100,28.51,15.7,0,63.52
356.0703125,38.55,41.5,50.8,100,28.51,15.7,0,63.52
356.078125,36.15,39.05,50.8,100,28.51,15.7,0,63.52
356.0859375,35.05,38.15,50.8,100,28.51,15.7,0,63.52
356.09375,29.65,34.65,50.8,100,28.51,15.7,0,63.52
356.1015625,29.6,36.7,50.8,100,28.51,15.7,0,63.52
356.109375,30.3,37.9,50.8,100,28.51,15.7,0,63.52
356.1171875,33.65,40.45,50.8,100,28.51,15.7,0,63.52
356.125,31.55,39.9,50.8,100,28.51,15.7,0,63.52
356.1328125,30.65,39.95,50.8,100,28.51,15.7,0,63.52
356.140625,29,38.6,50.8,100,28.51,15.7,0,63.52
356.1484375,27.3,37.65,50.8,100,28.51,15.7,0,63.52
356.15625,26.85,35.1,49.8,100,28.52,15.79,0,63.33
356.1640625,28.25,33.85,49.8,100,28.52,15.79,0,63.33
356.171875,31.3,34.5,49.8,100,28.52,15.79,0,63.33
356.1796875,32.6,34.4,49.8,100,28.52,15.79,0,63.33
356.1875,34,35.8,49.8,100,28.52,15.79,0,63.33
356.1953125,30.5,34.35,49.8,100,28.52,15.79,0,63.33
356.203125,30.9,33.7,49.8,100,28.52,15.79,0,63.33
356.2109375,29.9,31.75,49.8,100,28.52,15.79,0,63.33
356.21875,33.55,33.8,49.8,100,28.52,15.79,0,63.33
356.2265625,33.65,33,49.8,100,28.52,15.79,0,63.33
356.234375,33.4,32.75,49.8,100,28.52,15.79,0,63.33
356.2421875,28.85,29.05,49.8,100,28.52,15.79,0,63.33
356.25,27.3,28.7,49.8,100,28.52,15.79,0,63.33
356.2578125,23.85,28.35,49.8,100,28.52,15.79,0,63.33
356.265625,23.3,29.95,49.8,100,28.52,15.79,0,63.33
356.2734375,28,32.25,49.8,100,28.52,15.79,0,63.33
356.28125,33.6,34.55,49.8,100,28.52,15.79,0,63.33
356.2890625,35.95,33.7,49.8,100,28.52,15.79,0,63.33
356.296875,35.75,32.1,49.8,100,28.52,15.79,0,63.33
356.3046875,38.05,33.65,49.8,100,28.52,15.79,0,63.33
356.3125,37.2,34.05,49.8,100,28.52,15.79,0,63.33
356.3203125,34.05,33.2,49.8,100,28.52,15.79,0,63.33
356.328125,24.75,29,49.8,100,28.52,15.79,0,63.33
356.3359375,18.95,26.85,49.8,100,28.52,15.79,0,63.33
356.34375,12.1,21.65,49.8,100,28.52,15.79,0,63.33
356.3515625,9.65,20.2,49.8,100,28.52,15.79,0,63.33
356.359375,7.4,18.7,49.8,100,28.52,15.79,0,63.33
356.3671875,12.3,19.5,49.8,100,28.52,15.79,0,63.33
356.375,19.4,20.3,49.8,100,28.52,15.79,0,63.33
356.3828125,27.8,24.8,49.8,100,28.52,15.79,0,63.33
356.390625,31.9,27.15,49.8,100,28.52,15.79,0,63.33
356.3984375,31.15,28,49.8,100,28.52,15.79,0,63.33
356.40625,26.65,26.45,49.8,100,28.52,15.79,0,63.33
356.4140625,18.4,21.85,49.8,100,28.52,15.79,0,63.33
356.421875,11.65,17.1,49.8,100,28.52,15.79,0,63.33
356.4296875,6.2,12.75,49.8,100,28.52,15.79,0,63.33
356.4375,5.85,11.35,49.8,100,28.52,15.79,0,63.33
356.4453125,4.25,9.55,49.8,100,28.52,15.79,0,63.33
356.453125,7.95,12.45,49.8,100,28.52,15.79,0,63.33
356.4609375,8.75,13.7,49.8,100,28.52,15.79,0,63.33
356.46875,12.15,16.25,49.8,100,28.52,15.79,0,63.33
356.4765625,13.35,16.1,49.8,100,28.52,15.79,0,63.33
356.484375,16.2,18.75,49.8,100,28.52,15.79,0,63.33
356.4921875,14.35,19.65,49.8,100,28.52,15.79,0,63.33
356.5,13.7,22.05,49.8,100,28.52,15.79,0,63.33
356.5078125,9.35,20.9,49.8,100,28.52,15.79,0,63.33
356.515625,2.9,18.8,49.8,100,28.52,15.79,0,63.33
356.5234375,-1.7,17.1,49.8,100,28.52,15.79,0,63.33
356.53125,-1.35,17.9,49.8,100,28.52,15.79,0,63.33
356.5390625,0.75,18.8,49.8,100,28.52,15.79,0,63.33
356.546875,0.3,18.1,49.8,100,28.52,15.79,0,63.33
356.5546875,2.25,19.15,49.8,100,28.52,15.79,0,63.33
356.5625,4.3,20.1,49.8,100,28.52,15.79,0,63.33
356.5703125,10.65,23.3,49.8,100,28.52,15.79,0,63.33
356.578125,11.95,23.75,49.8,100,28.52,15.79,0,63.33
356.5859375,14.1,26.05,49.8,100,28.52,15.79,0,63.33
356.59375,15.9,25.95,49.8,100,28.52,15.79,0,63.33
356.6015625,20.25,27.9,49.8,100,28.52,15.79,0,63.33
356.609375,19.2,28,49.8,100,28.52,15.79,0,63.33
356.6171875,20.05,30.7,49.8,100,28.52,15.79,0,63.33
356.625,19,29.25,49.8,100,28.52,15.79,0,63.33
356.6328125,19.2,28.25,49.8,100,28.52,15.79,0,63.33
356.640625,18.7,26.85,49.8,100,28.52,15.79,0,63.33
356.6484375,17,26.5,49.8,100,28.52,15.79,0,63.33
356.65625,15.8,25.8,49.8,100,28.52,15.79,0,63.33
356.6640625,17.4,26.6,49.8,100,28.52,15.79,0,63.33
356.671875,23.45,29.7,49.8,100,28.52,15.79,0,63.33
356.6796875,27.75,32.15,49.8,100,28.52,15.79,0,63.33
356.6875,31.75,35.05,49.8,100,28.52,15.79,0,63.33
356.6953125,29.2,35.05,49.8,100,28.52,15.79,0,63.33
356.703125,26.7,35.95,49.8,100,28.52,15.79,0,63.33
356.7109375,16.25,32.4,49.8,100,28.52,15.79,0,63.33
356.71875,8.05,30.4,49.8,100,28.52,15.79,0,63.33
356.7265625,5,28.5,49.8,100,28.52,15.79,0,63.33
356.734375,10.1,30.4,49.8,100,28.52,15.79,0,63.33
356.7421875,11.35,29.5,49.8,100,28.52,15.79,0,63.33
356.75,16,31.7,49.8,100,28.52,15.79,0,63.33
356.7578125,22.95,35.75,49.8,100,28.52,15.79,0,63.33
356.765625,28.05,39.1,49.8,100,28.52,15.79,0,63.33
356.7734375,25.15,36.5,49.8,100,28.52,15.79,0,63.33
356.78125,18.65,32.05,49.8,100,28.52,15.79,0,63.33
356.7890625,17.5,30.55,49.8,100,28.52,15.79,0,63.33
356.796875,19.1,29.5,49.8,100,28.52,15.79,0,63.33
356.8046875,21.6,29.15,49.8,100,28.52,15.79,0,63.33
356.8125,20.65,27.15,49.8,100,28.52,15.79,0,63.33
356.8203125,21.45,26.95,49.8,100,28.52,15.79,0,63.33
356.828125,20.95,26.2,49.8,100,28.52,15.79,0,63.33
356.8359375,26.85,29.85,49.8,100,28.52,15.79,0,63.33
356.84375,30.95,30.25,49.8,100,28.52,15.79,0,63.33
356.8515625,37.55,32.05,49.8,100,28.52,15.79,0,63.33
356.859375,39.4,31.8,49.8,100,28.52,15.79,0,63.33
356.8671875,40.25,33.4,49.8,100,28.52,15.79,0,63.33
356.875,39.05,33.15,49.8,100,28.52,15.79,0,63.33
356.8828125,39.5,35.1,49.8,100,28.52,15.79,0,63.33
356.890625,36.05,34.1,49.8,100,28.52,15.79,0,63.33
356.8984375,33.75,33.8,49.8,100,28.52,15.79,0,63.33
356.90625,37.45,35.05,49.8,100,28.52,15.79,0,63.33
356.9140625,40,34.6,49.8,100,28.52,15.79,0,63.33
356.921875,39.8,32.4,49.8,100,28.52,15.79,0,63.33
356.9296875,38.3,31.55,49.8,100,28.52,15.79,0,63.33
356.9375,40.55,33.5,49.8,100,28.52,15.79,0,63.33
356.9453125,37.25,30.9,49.8,100,28.52,15.79,0,63.33
356.953125,37.2,30,49.8,100,28.52,15.79,0,63.33
356.9609375,37.1,29.7,49.8,100,28.52,15.79,0,63.33
356.96875,39.8,32.6,49.8,100,28.52,15.79,0,63.33
356.9765625,38.15,32.35,49.8,100,28.52,15.79,0,63.33
356.984375,41.95,34.15,49.8,100,28.52,15.79,0,63.33
356.9921875,42.95,33.8,49.8,100,28.52,15.79,0,63.33
357,41.1,33.2,49.8,100,28.52,15.79,0,63.33
357.0078125,36.25,29.45,49.8,100,28.52,15.79,0,63.33
357.015625,35.95,28.95,49.8,100,28.52,15.79,0,63.33
357.0234375,37.95,30.55,49.8,100,28.52,15.79,0,63.33
357.03125,36.8,29.95,49.8,100,28.52,15.79,0,63.33
357.0390625,35.2,28.2,49.8,100,28.52,15.79,0,63.33
357.046875,38.4,29,49.8,100,28.52,15.79,0,63.33
357.0546875,48.85,33.6,49.8,100,28.52,15.79,0,63.33
357.0625,56.6,36.7,49.8,100,28.52,15.79,0,63.33
357.0703125,61.9,40.35,49.8,100,28.52,15.79,0,63.33
357.078125,56.8,38.5,49.8,100,28.52,15.79,0,63.33
357.0859375,50.9,38.05,49.8,100,28.52,15.79,0,63.33
357.09375,44.25,37,49.8,100,28.52,15.79,0,63.33
357.1015625,42.05,37.7,49.8,100,28.52,15.79,0,63.33
357.109375,39.4,36.1,49.8,100,28.52,15.79,0,63.33
357.1171875,45.1,39.55,49.8,100,28.52,15.79,0,63.33
357.125,52.25,42.5,49.8,100,28.52,15.79,0,63.33
357.1328125,58.4,45.65,49.8,100,28.52,15.79,0,63.33
357.140625,61.25,47.15,49.8,100,28.52,15.79,0,63.33
357.1484375,61.05,47.4,49.8,100,28.52,15.79,0,63.33
357.15625,60.25,46.3,47.7,100,28.29,15.83,0,63.12
357.1640625,60.05,46.25,47.7,100,28.29,15.83,0,63.12
357.171875,61.25,46.7,47.7,100,28.29,15.83,0,63.12
357.1796875,58.35,45.3,47.7,100,28.29,15.83,0,63.12
357.1875,59.4,47,47.7,100,28.29,15.83,0,63.12
357.1953125,57,45.5,47.7,100,28.29,15.83,0,63.12
357.203125,57.15,44.7,47.7,100,28.29,15.83,0,63.12
357.2109375,54.9,42,47.7,100,28.29,15.83,0,63.12
357.21875,54.15,41.8,47.7,100,28.29,15.83,0,63.12
357.2265625,47.85,38.3,47.7,100,28.29,15.83,0,63.12
357.234375,46.6,39.1,47.7,100,28.29,15.83,0,63.12
357.2421875,47.1,39.75,47.7,100,28.29,15.83,0,63.12
357.25,50.1,42,47.7,100,28.29,15.83,0,63.12
357.2578125,48.75,41.75,47.7,100,28.29,15.83,0,63.12
357.265625,47.75,42.6,47.7,100,28.29,15.83,0,63.12
357.2734375,48.6,42.8,47.7,100,28.29,15.83,0,63.12
357.28125,49.15,41.8,47.7,100,28.29,15.83,0,63.12
357.2890625,48.2,39.15,47.7,100,28.29,15.83,0,63.12
357.296875,45.4,36.5,47.7,100,28.29,15.83,0,63.12
357.3046875,44.95,36.75,47.7,100,28.29,15.83,0,63.12
357.3125,43.3,36.45,47.7,100,28.29,15.83,0,63.12
357.3203125,45.9,39.35,47.7,100,28.29,15.83,0,63.12
357.328125,45.7,39.45,47.7,100,28.29,15.83,0,63.12
357.3359375,48.65,40.45,47.7,100,28.29,15.83,0,63.12
357.34375,50.9,40.2,47.7,100,28.29,15.83,0,63.12
357.3515625,56.9,44.8,47.7,100,28.29,15.83,0,63.12
357.359375,59.1,46.6,47.7,100,28.29,15.83,0,63.12
357.3671875,58.5,46.85,47.7,100,28.29,15.83,0,63.12
357.375,53.6,44.1,47.7,100,28.29,15.83,0,63.12
357.3828125,51.25,43.25,47.7,100,28.29,15.83,0,63.12
357.390625,50.05,41.5,47.7,100,28.29,15.83,0,63.12
357.3984375,48.75,40.15,47.7,100,28.29,15.83,0,63.12
357.40625,47.2,39.8,47.7,100,28.29,15.83,0,63.12
357.4140625,43.8,40.2,47.7,100,28.29,15.83,0,63.12
357.421875,42.45,41.65,47.7,100,28.29,15.83,0,63.12
357.4296875,38.3,40.45,47.7,100,28.29,15.83,0,63.12
357.4375,37.5,40.05,47.7,100,28.29,15.83,0,63.12
357.4453125,34.8,37.95,47.7,100,28.29,15.83,0,63.12
357.453125,34.35,37.95,47.7,100,28.29,15.83,0,63.12
357.4609375,31.2,35.05,47.7,100,28.29,15.83,0,63.12
357.46875,32.05,33.8,47.7,100,28.29,15.83,0,63.12
357.4765625,29.15,31,47.7,100,28.29,15.83,0,63.12
357.484375,29.9,32.8,47.7,100,28.29,15.83,0,63.12
357.4921875,30.15,32.45,47.7,100,28.29,15.83,0,63.12
357.5,34.35,34.2,47.7,100,28.29,15.83,0,63.12
357.5078125,38.9,36.2,47.7,100,28.29,15.83,0,63.12
357.515625,40.4,37.8,47.7,100,28.29,15.83,0,63.12
357.5234375,36.5,36.2,47.7,100,28.29,15.83,0,63.12
357.53125,32.6,35.5,47.7,100,28.29,15.83,0,63.12
357.5390625,28.85,34.6,47.7,100,28.29,15.83,0,63.12
357.546875,22.65,31.6,47.7,100,28.29,15.83,0,63.12
357.5546875,24,32.65,47.7,100,28.29,15.83,0,63.12
357.5625,26.6,33.55,47.7,100,28.29,15.83,0,63.12
357.5703125,28.95,33.95,47.7,100,28.29,15.83,0,63.12
357.578125,27.65,32.3,47.7,100,28.29,15.83,0,63.12
357.5859375,30.4,34.6,47.7,100,28.29,15.83,0,63.12
357.59375,30.1,34.15,47.7,100,28.29,15.83,0,63.12
357.6015625,34.9,36.95,47.7,100,28.29,15.83,0,63.12
357.609375,39,38.1,47.7,100,28.29,15.83,0,63.12
357.6171875,40.7,38.75,47.7,100,28.29,15.83,0,63.12
357.625,34.95,35.75,47.7,100,28.29,15.83,0,63.12
357.6328125,32.55,36.25,47.7,100,28.29,15.83,0,63.12
357.640625,34,36.55,47.7,100,28.29,15.83,0,63.12
357.6484375,37.2,35.9,47.7,100,28.29,15.83,0,63.12
357.65625,40.4,34.2,47.7,100,28.29,15.83,0,63.12
357.6640625,41.6,32.75,47.7,100,28.29,15.83,0,63.12
357.671875,42.95,33.05,47.7,100,28.29,15.83,0,63.12
357.6796875,41.15,31.1,47.7,100,28.29,15.83,0,63.12
357.6875,40,29.05,47.7,100,28.29,15.83,0,63.12
357.6953125,35.9,26.75,47.7,100,28.29,15.83,0,63.12
357.703125,37.65,28.6,47.7,100,28.29,15.83,0,63.12
357.7109375,36.45,26.6,47.7,100,28.29,15.83,0,63.12
357.71875,34.7,25.8,47.7,100,28.29,15.83,0,63.12
357.7265625,31,25.1,47.7,100,28.29,15.83,0,63.12
357.734375,32.1,27.45,47.7,100,28.29,15.83,0,63.12
357.7421875,30.05,26.95,47.7,100,28.29,15.83,0,63.12
357.75,28,27.95,47.7,100,28.29,15.83,0,63.12
357.7578125,22.65,26.15,47.7,100,28.29,15.83,0,63.12
357.765625,17.05,24.15,47.7,100,28.29,15.83,0,63.12
357.7734375,15.15,22.8,47.7,100,28.29,15.83,0,63.12
357.78125,15,21.85,47.7,100,28.29,15.83,0,63.12
357.7890625,16.15,21.2,47.7,100,28.29,15.83,0,63.12
357.796875,16.85,20.75,47.7,100,28.29,15.83,0,63.12
357.8046875,18.8,21.85,47.7,100,28.29,15.83,0,63.12
357.8125,16.35,21.05,47.7,100,28.29,15.83,0,63.12
357.8203125,19.9,24.25,47.7,100,28.29,15.83,0,63.12
357.828125,20.8,24,47.7,100,28.29,15.83,0,63.12
357.8359375,20.55,22.95,47.7,100,28.29,15.83,0,63.12
357.84375,13.65,18.2,47.7,100,28.29,15.83,0,63.12
357.8515625,9.3,15.8,47.7,100,28.29,15.83,0,63.12
357.859375,4.8,12.65,47.7,100,28.29,15.83,0,63.12
357.8671875,4.4,14.75,47.7,100,28.29,15.83,0,63.12
357.875,3.2,16.15,47.7,100,28.29,15.83,0,63.12
357.8828125,5.9,18.65,47.7,100,28.29,15.83,0,63.12
357.890625,10,20.1,47.7,100,28.29,15.83,0,63.12
357.8984375,12.6,20.95,47.7,100,28.29,15.83,0,63.12
357.90625,14.6,21.9,47.7,100,28.29,15.83,0,63.12
357.9140625,14,22.2,47.7,100,28.29,15.83,0,63.12
357.921875,12.25,21.75,47.7,100,28.29,15.83,0,63.12
357.9296875,9.3,20.15,47.7,100,28.29,15.83,0,63.12
357.9375,11.3,20.85,47.7,100,28.29,15.83,0,63.12
357.9453125,9.5,17.3,47.7,100,28.29,15.83,0,63.12
357.953125,12,16.5,47.7,100,28.29,15.83,0,63.12
357.9609375,14,15.65,47.7,100,28.29,15.83,0,63.12
357.96875,16.6,17.05,47.7,100,28.29,15.83,0,63.12
357.9765625,13.85,15.4,47.7,100,28.29,15.83,0,63.12
357.984375,15.6,17.1,47.7,100,28.29,15.83,0,63.12
357.9921875,16.9,17.7,47.7,100,28.29,15.83,0,63.12
358,17.75,19.9,47.7,100,28.29,15.83,0,63.12
358.0078125,17.75,20.9,47.7,100,28.29,15.83,0,63.12
358.015625,21.4,23.1,47.7,100,28.29,15.83,0,63.12
358.0234375,25.45,24.6,47.7,100,28.29,15.83,0,63.12
358.03125,25,24.1,47.7,100,28.29,15.83,0,63.12
358.0390625,23.15,21.9,47.7,100,28.29,15.83,0,63.12
358.046875,18.45,17.4,47.7,100,28.29,15.83,0,63.12
358.0546875,14.8,14.7,47.7,100,28.29,15.83,0,63.12
358.0625,10.15,12.35,47.7,100,28.29,15.83,0,63.12
358.0703125,11.8,13.95,47.7,100,28.29,15.83,0,63.12
358.078125,12.4,13.45,47.7,100,28.29,15.83,0,63.12
358.0859375,14.5,15.15,47.7,100,28.29,15.83,0,63.12
358.09375,12.4,14.25,47.7,100,28.29,15.83,0,63.12
358.1015625,11.95,14.95,47.7,100,28.29,15.83,0,63.12
358.109375,8.2,13.1,47.7,100,28.29,15.83,0,63.12
358.1171875,4.95,12.2,47.7,100,28.29,15.83,0,63.12
358.125,0.4,8.9,47.7,100,28.29,15.83,0,63.12
358.1328125,-3,6.25,47.7,100,28.29,15.83,0,63.12
358.140625,-7.8,1.95,47.7,100,28.29,15.83,0,63.12
358.1484375,-10.7,-0.7,47.7,100,28.29,15.83,0,63.12
358.15625,-6.15,1.95,47.4,100,28.28,15.67,0,63.11
358.1640625,-0.3,5.45,47.4,100,28.28,15.67,0,63.11
358.171875,4.05,7.65,47.4,100,28.28,15.67,0,63.11
358.1796875,6.35,8.65,47.4,100,28.28,15.67,0,63.11
358.1875,12.95,12.25,47.4,100,28.28,15.67,0,63.11
358.1953125,11.95,10.8,47.4,100,28.28,15.67,0,63.11
358.203125,10.25,10.4,47.4,100,28.28,15.67,0,63.11
358.2109375,6.25,7.8,47.4,100,28.28,15.67,0,63.11
358.21875,5.4,6.8,47.4,100,28.28,15.67,0,63.11
358.2265625,2.3,3.7,47.4,100,28.28,15.67,0,63.11
358.234375,2.7,3.8,47.4,100,28.28,15.67,0,63.11
358.2421875,0.1,1.55,47.4,100,28.28,15.67,0,63.11
358.25,-1.75,0.85,47.4,100,28.28,15.67,0,63.11
358.2578125,-3.85,0.6,47.4,100,28.28,15.67,0,63.11
358.265625,-3.1,2.8,47.4,100,28.28,15.67,0,63.11
358.2734375,1.35,5.2,47.4,100,28.28,15.67,0,63.11
358.28125,9,8.6,47.4,100,28.28,15.67,0,63.11
358.2890625,17,12.85,47.4,100,28.28,15.67,0,63.11
358.296875,16.3,13.5,47.4,100,28.28,15.67,0,63.11
358.3046875,13.2,13.6,47.4,100,28.28,15.67,0,63.11
358.3125,9.85,11.95,47.4,100,28.28,15.67,0,63.11
358.3203125,13.45,14.1,47.4,100,28.28,15.67,0,63.11
358.328125,14.7,15.35,47.4,100,28.28,15.67,0,63.11
358.3359375,16.15,17.1,47.4,100,28.28,15.67,0,63.11
358.34375,13.4,14.65,47.4,100,28.28,15.67,0,63.11
358.3515625,15.2,14.65,47.4,100,28.28,15.67,0,63.11
358.359375,16.75,13.2,47.4,100,28.28,15.67,0,63.11
358.3671875,18.45,12.75,47.4,100,28.28,15.67,0,63.11
358.375,15,10.65,47.4,100,28.28,15.67,0,63.11
358.3828125,10.75,10.05,47.4,100,28.28,15.67,0,63.11
358.390625,9.3,9.9,47.4,100,28.28,15.67,0,63.11
358.3984375,10.45,10.85,47.4,100,28.28,15.67,0,63.11
358.40625,14,13.75,47.4,100,28.28,15.67,0,63.11
358.4140625,16.6,14.8,47.4,100,28.28,15.67,0,63.11
358.421875,20.25,14.4,47.4,100,28.28,15.67,0,63.11
358.4296875,20.2,11.5,47.4,100,28.28,15.67,0,63.11
358.4375,23.25,12.1,47.4,100,28.28,15.67,0,63.11
358.4453125,22.1,11.4,47.4,100,28.28,15.67,0,63.11
358.453125,24.65,15.5,47.4,100,28.28,15.67,0,63.11
358.4609375,24.75,17.65,47.4,100,28.28,15.67,0,63.11
358.46875,27,20.65,47.4,100,28.28,15.67,0,63.11
358.4765625,25.2,20.6,47.4,100,28.28,15.67,0,63.11
358.484375,26.15,22.3,47.4,100,28.28,15.67,0,63.11
358.4921875,24.9,21.3,47.4,100,28.28,15.67,0,63.11
358.5,25.8,22.4,47.4,100,28.28,15.67,0,63.11
358.5078125,28.4,23,47.4,100,28.28,15.67,0,63.11
358.515625,32.85,25.5,47.4,100,28.28,15.67,0,63.11
358.5234375,36.55,27.4,47.4,100,28.28,15.67,0,63.11
358.53125,37.35,27.45,47.4,100,28.28,15.67,0,63.11
358.5390625,39.05,28.6,47.4,100,28.28,15.67,0,63.11
358.546875,38.65,30.55,47.4,100,28.28,15.67,0,63.11
358.5546875,39.1,33.35,47.4,100,28.28,15.67,0,63.11
358.5625,35.9,33.5,47.4,100,28.28,15.67,0,63.11
358.5703125,34.05,34.35,47.4,100,28.28,15.67,0,63.11
358.578125,28.8,30.1,47.4,100,28.28,15.67,0,63.11
358.5859375,27.45,27.75,47.4,100,28.28,15.67,0,63.11
358.59375,24.45,25.9,47.4,100,28.28,15.67,0,63.11
358.6015625,24.1,27.9,47.4,100,28.28,15.67,0,63.11
358.609375,24.15,29.05,47.4,100,28.28,15.67,0,63.11
358.6171875,30.85,34.35,47.4,100,28.28,15.67,0,63.11
358.625,36.85,37.3,47.4,100,28.28,15.67,0,63.11
358.6328125,37.85,36.2,47.4,100,28.28,15.67,0,63.11
358.640625,37.15,33.75,47.4,100,28.28,15.67,0,63.11
358.6484375,36.4,32.95,47.4,100,28.28,15.67,0,63.11
358.65625,34.85,32.5,47.4,100,28.28,15.67,0,63.11
358.6640625,30.7,31.45,47.4,100,28.28,15.67,0,63.11
358.671875,29.25,31.4,47.4,100,28.28,15.67,0,63.11
358.6796875,24.8,28.05,47.4,100,28.28,15.67,0,63.11
358.6875,25.9,27.3,47.4,100,28.28,15.67,0,63.11
358.6953125,25.75,24.95,47.4,100,28.28,15.67,0,63.11
358.703125,26.75,24.6,47.4,100,28.28,15.67,0,63.11
358.7109375,23.65,22.4,47.4,100,28.28,15.67,0,63.11
358.71875,25.35,24.75,47.4,100,28.28,15.67,0,63.11
358.7265625,23.4,25,47.4,100,28.28,15.67,0,63.11
358.734375,23.3,26.8,47.4,100,28.28,15.67,0,63.11
358.7421875,20.95,25.95,47.4,100,28.28,15.67,0,63.11
358.75,22.1,28.15,47.4,100,28.28,15.67,0,63.11
358.7578125,23.45,29.3,47.4,100,28.28,15.67,0,63.11
358.765625,24.5,29.6,47.4,100,28.28,15.67,0,63.11
358.7734375,25.8,29.15,47.4,100,28.28,15.67,0,63.11
358.78125,27.85,30.25,47.4,100,28.28,15.67,0,63.11
358.7890625,30.2,32.1,47.4,100,28.28,15.67,0,63.11
358.796875,28.15,31.45,47.4,100,28.28,15.67,0,63.11
358.8046875,24.75,30,47.4,100,28.28,15.67,0,63.11
358.8125,18.05,25.8,47.4,100,28.28,15.67,0,63.11
358.8203125,17.4,25.05,47.4,100,28.28,15.67,0,63.11
358.828125,16.45,23.3,47.4,100,28.28,15.67,0,63.11
358.8359375,15.6,23,47.4,100,28.28,15.67,0,63.11
358.84375,13.1,20.7,47.4,100,28.28,15.67,0,63.11
358.8515625,14.55,22.35,47.4,100,28.28,15.67,0,63.11
358.859375,12.45,22.65,47.4,100,28.28,15.67,0,63.11
358.8671875,13.15,24.55,47.4,100,28.28,15.67,0,63.11
358.875,15.35,24.9,47.4,100,28.28,15.67,0,63.11
358.8828125,16.65,26.85,47.4,100,28.28,15.67,0,63.11
358.890625,18.5,30.15,47.4,100,28.28,15.67,0,63.11
358.8984375,20.1,32.6,47.4,100,28.28,15.67,0,63.11
358.90625,20.5,33.25,47.4,100,28.28,15.67,0,63.11
358.9140625,17.05,31.65,47.4,100,28.28,15.67,0,63.11
358.921875,16.15,31.5,47.4,100,28.28,15.67,0,63.11
358.9296875,10.95,29.65,47.4,100,28.28,15.67,0,63.11
358.9375,9.8,30.75,47.4,100,28.28,15.67,0,63.11
358.9453125,8.9,30.2,47.4,100,28.28,15.67,0,63.11
358.953125,13.05,32.7,47.4,100,28.28,15.67,0,63.11
358.9609375,13.65,33.65,47.4,100,28.28,15.67,0,63.11
358.96875,18.6,37.65,47.4,100,28.28,15.67,0,63.11
358.9765625,21.35,38.3,47.4,100,28.28,15.67,0,63.11
358.984375,23.9,39.5,47.4,100,28.28,15.67,0,63.11
358.9921875,19.15,37.1,47.4,100,28.28,15.67,0,63.11
359,14.55,35.35,47.4,100,28.28,15.67,0,63.11
359.0078125,10.4,32.7,47.4,100,28.28,15.67,0,63.11
359.015625,8,32,47.4,100,28.28,15.67,0,63.11
359.0234375,8.3,32.15,47.4,100,28.28,15.67,0,63.11
359.03125,9.35,31.8,47.4,100,28.28,15.67,0,63.11
359.0390625,11.8,32.15,47.4,100,28.28,15.67,0,63.11
359.046875,16.1,33.3,47.4,100,28.28,15.67,0,63.11
359.0546875,24.6,37.25,47.4,100,28.28,15.67,0,63.11
359.0625,26.3,37.25,47.4,100,28.28,15.67,0,63.11
359.0703125,27.05,38.35,47.4,100,28.28,15.67,0,63.11
359.078125,24.1,36.7,47.4,100,28.28,15.67,0,63.11
359.0859375,23.05,36.3,47.4,100,28.28,15.67,0,63.11
359.09375,21.9,34.45,47.4,100,28.28,15.67,0,63.11
359.1015625,24.2,36.4,47.4,100,28.28,15.67,0,63.11
359.109375,22.75,35.7,47.4,100,28.28,15.67,0,63.11
359.1171875,23.6,36.35,47.4,100,28.28,15.67,0,63.11
359.125,25.15,36.25,47.4,100,28.28,15.67,0,63.11
359.1328125,23.35,34.65,47.4,100,28.28,15.67,0,63.11
359.140625,18.55,30.35,47.4,100,28.28,15.67,0,63.11
359.1484375,13.7,27.2,47.4,100,28.28,15.67,0,63.11
359.15625,11.05,25.4,48.8,100,28.28,15.53,0,63.17
359.1640625,7.2,22.9,48.8,100,28.28,15.53,0,63.17
359.171875,7.25,23.05,48.8,100,28.28,15.53,0,63.17
359.1796875,8.8,24,48.8,100,28.28,15.53,0,63.17
359.1875,17.5,28.75,48.8,100,28.28,15.53,0,63.17
359.1953125,20.7,29.25,48.8,100,28.28,15.53,0,63.17
359.203125,21.05,29.4,48.8,100,28.28,15.53,0,63.17
359.2109375,15.9,27.15,48.8,100,28.28,15.53,0,63.17
359.21875,13.5,27.35,48.8,100,28.28,15.53,0,63.17
359.2265625,8.75,24.5,48.8,100,28.28,15.53,0,63.17
359.234375,8,23.75,48.8,100,28.28,15.53,0,63.17
359.2421875,6.65,21.2,48.8,100,28.28,15.53,0,63.17
359.25,7.95,21.2,48.8,100,28.28,15.53,0,63.17
359.2578125,9.2,21.7,48.8,100,28.28,15.53,0,63.17
359.265625,9,22.3,48.8,100,28.28,15.53,0,63.17
359.2734375,9.55,22.8,48.8,100,28.28,15.53,0,63.17
359.28125,8.55,22.5,48.8,100,28.28,15.53,0,63.17
359.2890625,6.95,22.15,48.8,100,28.28,15.53,0,63.17
359.296875,5.3,20.9,48.8,100,28.28,15.53,0,63.17
359.3046875,10.6,22.85,48.8,100,28.28,15.53,0,63.17
359.3125,12.5,22.9,48.8,100,28.28,15.53,0,63.17
359.3203125,16.75,25.4,48.8,100,28.28,15.53,0,63.17
359.328125,16.9,25.3,48.8,100,28.28,15.53,0,63.17
359.3359375,17,26.1,48.8,100,28.28,15.53,0,63.17
359.34375,16.75,25.45,48.8,100,28.28,15.53,0,63.17
359.3515625,22.9,29.1,48.8,100,28.28,15.53,0,63.17
359.359375,22.75,28.85,48.8,100,28.28,15.53,0,63.17
359.3671875,18.6,27,48.8,100,28.28,15.53,0,63.17
359.375,11.95,22.6,48.8,100,28.28,15.53,0,63.17
359.3828125,8.15,20.35,48.8,100,28.28,15.53,0,63.17
359.390625,11.4,21.5,48.8,100,28.28,15.53,0,63.17
359.3984375,18.6,25.95,48.8,100,28.28,15.53,0,63.17
359.40625,22.45,29.2,48.8,100,28.28,15.53,0,63.17
359.4140625,16.8,27.35,48.8,100,28.28,15.53,0,63.17
359.421875,10.05,24.65,48.8,100,28.28,15.53,0,63.17
359.4296875,1.8,20.1,48.8,100,28.28,15.53,0,63.17
359.4375,1.65,20.25,48.8,100,28.28,15.53,0,63.17
359.4453125,3.15,20.7,48.8,100,28.28,15.53,0,63.17
359.453125,6.05,22.4,48.8,100,28.28,15.53,0,63.17
359.4609375,4.15,21.55,48.8,100,28.28,15.53,0,63.17
359.46875,8,25.05,48.8,100,28.28,15.53,0,63.17
359.4765625,11.75,26.6,48.8,100,28.28,15.53,0,63.17
359.484375,17.85,29.05,48.8,100,28.28,15.53,0,63.17
359.4921875,21.5,29.6,48.8,100,28.28,15.53,0,63.17
359.5,26.05,30.45,48.8,100,28.28,15.53,0,63.17
359.5078125,28.9,30.65,48.8,100,28.28,15.53,0,63.17
359.515625,28.5,31.8,48.8,100,28.28,15.53,0,63.17
359.5234375,27,32.2,48.8,100,28.28,15.53,0,63.17
359.53125,25.1,32.05,48.8,100,28.28,15.53,0,63.17
359.5390625,24.25,32.8,48.8,100,28.28,15.53,0,63.17
359.546875,18.75,30,48.8,100,28.28,15.53,0,63.17
359.5546875,16.3,29.15,48.8,100,28.28,15.53,0,63.17
359.5625,14.3,27.35,48.8,100,28.28,15.53,0,63.17
359.5703125,16.75,27.8,48.8,100,28.28,15.53,0,63.17
359.578125,16.25,26.25,48.8,100,28.28,15.53,0,63.17
359.5859375,19.2,28.35,48.8,100,28.28,15.53,0,63.17
359.59375,20,29.25,48.8,100,28.28,15.53,0,63.17
359.6015625,24,33.5,48.8,100,28.28,15.53,0,63.17
359.609375,28.1,35.6,48.8,100,28.28,15.53,0,63.17
359.6171875,33.55,38.65,48.8,100,28.28,15.53,0,63.17
359.625,36.4,40.45,48.8,100,28.28,15.53,0,63.17
359.6328125,37.8,41.25,48.8,100,28.28,15.53,0,63.17
359.640625,36.9,39.9,48.8,100,28.28,15.53,0,63.17
359.6484375,33.45,38.1,48.8,100,28.28,15.53,0,63.17
359.65625,30.3,36.25,48.8,100,28.28,15.53,0,63.17
359.6640625,21.7,32.7,48.8,100,28.28,15.53,0,63.17
359.671875,19.2,31.85,48.8,100,28.28,15.53,0,63.17
359.6796875,24.45,33.45,48.8,100,28.28,15.53,0,63.17
359.6875,36,39.2,48.8,100,28.28,15.53,0,63.17
359.6953125,39.8,40.15,48.8,100,28.28,15.53,0,63.17
359.703125,43.55,40.75,48.8,100,28.28,15.53,0,63.17
359.7109375,39.95,38.4,48.8,100,28.28,15.53,0,63.17
359.71875,34.95,37,48.8,100,28.28,15.53,0,63.17
359.7265625,28.8,33.2,48.8,100,28.28,15.53,0,63.17
359.734375,29.75,33.1,48.8,100,28.28,15.53,0,63.17
359.7421875,31.1,32.4,48.8,100,28.28,15.53,0,63.17
359.75,33.6,33.7,48.8,100,28.28,15.53,0,63.17
359.7578125,35.15,34.35,48.8,100,28.28,15.53,0,63.17
359.765625,35.85,34.35,48.8,100,28.28,15.53,0,63.17
359.7734375,36.35,35,48.8,100,28.28,15.53,0,63.17
359.78125,36.2,35.6,48.8,100,28.28,15.53,0,63.17
359.7890625,37.6,36.9,48.8,100,28.28,15.53,0,63.17
359.796875,34.65,35.7,48.8,100,28.28,15.53,0,63.17
359.8046875,32.75,36,48.8,100,28.28,15.53,0,63.17
359.8125,26.15,32.8,48.8,100,28.28,15.53,0,63.17
359.8203125,20.9,29.3,48.8,100,28.28,15.53,0,63.17
359.828125,15.95,24.05,48.8,100,28.28,15.53,0,63.17
359.8359375,17.7,23.3,48.8,100,28.28,15.53,0,63.17
359.84375,18.35,21.35,48.8,100,28.28,15.53,0,63.17
359.8515625,21.75,22.5,48.8,100,28.28,15.53,0,63.17
359.859375,22.1,21.65,48.8,100,28.28,15.53,0,63.17
359.8671875,21.65,21.75,48.8,100,28.28,15.53,0,63.17
359.875,19.25,21.45,48.8,100,28.28,15.53,0,63.17
359.8828125,16.55,21.7,48.8,100,28.28,15.53,0,63.17
359.890625,16.2,21.4,48.8,100,28.28,15.53,0,63.17
359.8984375,17.4,21.1,48.8,100,28.28,15.53,0,63.17
359.90625,19.15,21.1,48.8,100,28.28,15.53,0,63.17
359.9140625,19.25,20.35,48.8,100,28.28,15.53,0,63.17
359.921875,24.25,22.15,48.8,100,28.28,15.53,0,63.17
359.9296875,25.3,21.4,48.8,100,28.28,15.53,0,63.17
359.9375,25.95,21.5,48.8,100,28.28,15.53,0,63.17
359.9453125,21.3,18.05,48.8,100,28.28,15.53,0,63.17
359.953125,19.75,16.85,48.8,100,28.28,15.53,0,63.17
359.9609375,18.45,16.4,48.8,100,28.28,15.53,0,63.17
359.96875,22.95,21.1,48.8,100,28.28,15.53,0,63.17
359.9765625,22.3,22.35,48.8,100,28.28,15.53,0,63.17
359.984375,20,23.4,48.8,100,28.28,15.53,0,63.17
359.9921875,14.55,20.15,48.8,100,28.28,15.53,0,63.17
360,9.6,16.45,48.8,100,28.28,15.53,0,63.17
360.0078125,4.85,12.05,48.8,100,28.28,15.53,0,63.17
360.015625,2.1,9.3,48.8,100,28.28,15.53,0,63.17
360.0234375,4.3,9.9,48.8,100,28.28,15.53,0,63.17
360.03125,6.1,11.85,48.8,100,28.28,15.53,0,63.17
360.0390625,6.6,14.05,48.8,100,28.28,15.53,0,63.17
360.046875,4.55,14.25,48.8,100,28.28,15.53,0,63.17
360.0546875,7.4,17.1,48.8,100,28.28,15.53,0,63.17
360.0625,7.05,16.75,48.8,100,28.28,15.53,0,63.17
360.0703125,8.6,17.95,48.8,100,28.28,15.53,0,63.17
360.078125,7.6,17.35,48.8,100,28.28,15.53,0,63.17
360.0859375,9.05,18.2,48.8,100,28.28,15.53,0,63.17
360.09375,7,15.55,48.8,100,28.28,15.53,0,63.17
360.1015625,7.6,15.1,48.8,100,28.28,15.53,0,63.17
360.109375,9.65,14.7,48.8,100,28.28,15.53,0,63.17
360.1171875,14.6,16.65,48.8,100,28.28,15.53,0,63.17
360.125,15.05,16.55,48.8,100,28.28,15.53,0,63.17
360.1328125,9.6,14.9,48.8,100,28.28,15.53,0,63.17
360.140625,2.1,12.4,48.8,100,28.28,15.53,0,63.17
360.1484375,-5.95,9.8,48.8,100,28.28,15.53,0,63.17
360.15625,-11.55,6.9,49.8,100,28.37,15.66,0,63.08
360.1640625,-20.75,1.25,49.8,100,28.37,15.66,0,63.08
360.171875,-27.3,-2.9,49.8,100,28.37,15.66,0,63.08
360.1796875,-32.35,-7.1,49.8,100,28.37,15.66,0,63.08
360.1875,-30.25,-6.25,49.8,100,28.37,15.66,0,63.08
360.1953125,-30.6,-5.9,49.8,100,28.37,15.66,0,63.08
360.203125,-28.85,-2.85,49.8,100,28.37,15.66,0,63.08
360.2109375,-30.75,-2.5,49.8,100,28.37,15.66,0,63.08
360.21875,-30.15,-0.3,49.8,100,28.37,15.66,0,63.08
360.2265625,-32.6,-1.2,49.8,100,28.37,15.66,0,63.08
360.234375,-32.6,-0.55,49.8,100,28.37,15.66,0,63.08
360.2421875,-34.5,-1.9,49.8,100,28.37,15.66,0,63.08
360.25,-36.8,-2.6,49.8,100,28.37,15.66,0,63.08
360.2578125,-37.5,-2.85,49.8,100,28.37,15.66,0,63.08
360.265625,-38.05,-4,49.8,100,28.37,15.66,0,63.08
360.2734375,-37.15,-5.1,49.8,100,28.37,15.66,0,63.08
360.28125,-35.15,-4.95,49.8,100,28.37,15.66,0,63.08
360.2890625,-31.6,-2.45,49.8,100,28.37,15.66,0,63.08
360.296875,-34.15,-2.55,49.8,100,28.37,15.66,0,63.08
360.3046875,-35.25,-1.85,49.8,100,28.37,15.66,0,63.08
360.3125,-38.2,-4.05,49.8,100,28.37,15.66,0,63.08
360.3203125,-35.85,-3.75,49.8,100,28.37,15.66,0,63.08
360.328125,-35.6,-5.65,49.8,100,28.37,15.66,0,63.08
360.3359375,-31.35,-3.95,49.8,100,28.37,15.66,0,63.08
360.34375,-25.55,-1.25,49.8,100,28.37,15.66,0,63.08
360.3515625,-17.65,4.45,49.8,100,28.37,15.66,0,63.08
360.359375,-20.65,4.35,49.8,100,28.37,15.66,0,63.08
360.3671875,-27.55,3.25,49.8,100,28.37,15.66,0,63.08
360.375,-31.3,1.75,49.8,100,28.37,15.66,0,63.08
360.3828125,-29.5,2.65,49.8,100,28.37,15.66,0,63.08
360.390625,-23.95,4.3,49.8,100,28.37,15.66,0,63.08
360.3984375,-19.85,4.95,49.8,100,28.37,15.66,0,63.08
360.40625,-19.8,4.8,49.8,100,28.37,15.66,0,63.08
360.4140625,-27.15,2.5,49.8,100,28.37,15.66,0,63.08
360.421875,-30.9,1.35,49.8,100,28.37,15.66,0,63.08
360.4296875,-33.5,-1.3,49.8,100,28.37,15.66,0,63.08
360.4375,-31.7,-0.8,49.8,100,28.37,15.66,0,63.08
360.4453125,-32.4,-1.3,49.8,100,28.37,15.66,0,63.08
360.453125,-28.8,1.9,49.8,100,28.37,15.66,0,63.08
360.4609375,-28.05,3.05,49.8,100,28.37,15.66,0,63.08
360.46875,-25.5,6.1,49.8,100,28.37,15.66,0,63.08
360.4765625,-24.2,7,49.8,100,28.37,15.66,0,63.08
360.484375,-22.15,8.35,49.8,100,28.37,15.66,0,63.08
360.4921875,-22.8,8.7,49.8,100,28.37,15.66,0,63.08
360.5,-23.4,10.6,49.8,100,28.37,15.66,0,63.08
360.5078125,-24.95,9.95,49.8,100,28.37,15.66,0,63.08
360.515625,-26.25,9,49.8,100,28.37,15.66,0,63.08
360.5234375,-23.25,11.2,49.8,100,28.37,15.66,0,63.08
360.53125,-18.5,13.5,49.8,100,28.37,15.66,0,63.08
360.5390625,-9.85,17.1,49.8,100,28.37,15.66,0,63.08
360.546875,-8.25,17.7,49.8,100,28.37,15.66,0,63.08
360.5546875,-9.75,17.5,49.8,100,28.37,15.66,0,63.08
360.5625,-14.4,14.65,49.8,100,28.37,15.66,0,63.08
360.5703125,-11.05,16.5,49.8,100,28.37,15.66,0,63.08
360.578125,-6.7,17.45,49.8,100,28.37,15.66,0,63.08
360.5859375,-0.75,20.7,49.8,100,28.37,15.66,0,63.08
360.59375,-1.6,19,49.8,100,28.37,15.66,0,63.08
360.6015625,-1.75,17.45,49.8,100,28.37,15.66,0,63.08
360.609375,-5.5,13.75,49.8,100,28.37,15.66,0,63.08
360.6171875,-10.95,10.85,49.8,100,28.37,15.66,0,63.08
360.625,-14.65,9.1,49.8,100,28.37,15.66,0,63.08
360.6328125,-13.1,12.5,49.8,100,28.37,15.66,0,63.08
360.640625,-10.45,16.5,49.8,100,28.37,15.66,0,63.08
360.6484375,-8.4,18.85,49.8,100,28.37,15.66,0,63.08
360.65625,-5.4,20.15,49.8,100,28.37,15.66,0,63.08
360.6640625,-6.25,17.5,49.8,100,28.37,15.66,0,63.08
360.671875,-2.95,17.45,49.8,100,28.37,15.66,0,63.08
360.6796875,0.2,18.15,49.8,100,28.37,15.66,0,63.08
360.6875,5.8,21.3,49.8,100,28.37,15.66,0,63.08
360.6953125,6.6,21.7,49.8,100,28.37,15.66,0,63.08
360.703125,7.15,23.65,49.8,100,28.37,15.66,0,63.08
360.7109375,3.1,21.5,49.8,100,28.37,15.66,0,63.08
360.71875,4.2,21.35,49.8,100,28.37,15.66,0,63.08
360.7265625,8.25,21.5,49.8,100,28.37,15.66,0,63.08
360.734375,14.65,24.55,49.8,100,28.37,15.66,0,63.08
360.7421875,16.65,24.7,49.8,100,28.37,15.66,0,63.08
360.75,16.3,23.15,49.8,100,28.37,15.66,0,63.08
360.7578125,16.7,22.4,49.8,100,28.37,15.66,0,63.08
360.765625,16.25,22.05,49.8,100,28.37,15.66,0,63.08
360.7734375,19.85,22.65,49.8,100,28.37,15.66,0,63.08
360.78125,24.7,23.55,49.8,100,28.37,15.66,0,63.08
360.7890625,28.05,25.3,49.8,100,28.37,15.66,0,63.08
360.796875,24.8,24.3,49.8,100,28.37,15.66,0,63.08
360.8046875,24.8,25.35,49.8,100,28.37,15.66,0,63.08
360.8125,23,23.55,49.8,100,28.37,15.66,0,63.08
360.8203125,27.7,25.35,49.8,100,28.37,15.66,0,63.08
360.828125,32,25.95,49.8,100,28.37,15.66,0,63.08
360.8359375,35.15,25.75,49.8,100,28.37,15.66,0,63.08
360.84375,31.9,22.3,49.8,100,28.37,15.66,0,63.08
360.8515625,31.1,22.8,49.8,100,28.37,15.66,0,63.08
360.859375,29.7,21.75,49.8,100,28.37,15.66,0,63.08
360.8671875,31.95,22.35,49.8,100,28.37,15.66,0,63.08
360.875,36.2,23.8,49.8,100,28.37,15.66,0,63.08
360.8828125,39.2,25.4,49.8,100,28.37,15.66,0,63.08
360.890625,39.05,25.5,49.8,100,28.37,15.66,0,63.08
360.8984375,36.15,24.7,49.8,100,28.37,15.66,0,63.08
360.90625,37.35,26.65,49.8,100,28.37,15.66,0,63.08
360.9140625,38.35,28.25,49.8,100,28.37,15.66,0,63.08
360.921875,41.7,31.5,49.8,100,28.37,15.66,0,63.08
360.9296875,42.85,32.1,49.8,100,28.37,15.66,0,63.08
360.9375,48.1,35.25,49.8,100,28.37,15.66,0,63.08
360.9453125,48.75,35.05,49.8,100,28.37,15.66,0,63.08
360.953125,52.1,37.35,49.8,100,28.37,15.66,0,63.08
360.9609375,53.8,38.35,49.8,100,28.37,15.66,0,63.08
360.96875,54.85,39.45,49.8,100,28.37,15.66,0,63.08
360.9765625,50.2,36.55,49.8,100,28.37,15.66,0,63.08
360.984375,47.85,36.4,49.8,100,28.37,15.66,0,63.08
360.9921875,46.5,35.65,49.8,100,28.37,15.66,0,63.08
361,47.1,34.65,49.8,100,28.37,15.66,0,63.08
361.0078125,50.2,34.05,49.8,100,28.37,15.66,0,63.08
361.015625,52.65,35.2,49.8,100,28.37,15.66,0,63.08
361.0234375,55.6,37.5,49.8,100,28.37,15.66,0,63.08
361.03125,54.5,37.5,49.8,100,28.37,15.66,0,63.08
361.0390625,53.7,37.25,49.8,100,28.37,15.66,0,63.08
361.046875,51.45,35.05,49.8,100,28.37,15.66,0,63.08
361.0546875,54.75,35.9,49.8,100,28.37,15.66,0,63.08
361.0625,56.55,35.55,49.8,100,28.37,15.66,0,63.08
361.0703125,62.15,37.9,49.8,100,28.37,15.66,0,63.08
361.078125,63.4,38.45,49.8,100,28.37,15.66,0,63.08
361.0859375,63.75,41.05,49.8,100,28.37,15.66,0,63.08
361.09375,60.1,41.3,49.8,100,28.37,15.66,0,63.08
361.1015625,57.15,43.15,49.8,100,28.37,15.66,0,63.08
361.109375,50.6,40.6,49.8,100,28.37,15.66,0,63.08
361.1171875,43.4,35.25,49.8,100,28.37,15.66,0,63.08
361.125,38.9,30.9,49.8,100,28.37,15.66,0,63.08
361.1328125,40.5,31.45,49.8,100,28.37,15.66,0,63.08
361.140625,46.2,33.95,49.8,100,28.37,15.66,0,63.08
361.1484375,49.9,36.4,49.8,100,28.37,15.66,0,63.08
361.15625,53.3,38.9,50,100,27.67,15.73,0,63.03
361.1640625,50.55,36.6,50,100,27.67,15.73,0,63.03
361.171875,49.6,35.95,50,100,27.67,15.73,0,63.03
361.1796875,47.2,33,50,100,27.67,15.73,0,63.03
361.1875,49.35,33.5,50,100,27.67,15.73,0,63.03
361.1953125,50.6,35.35,50,100,27.67,15.73,0,63.03
361.203125,54.15,38.95,50,100,27.67,15.73,0,63.03
361.2109375,51.15,34.85,50,100,27.67,15.73,0,63.03
361.21875,51.05,33.15,50,100,27.67,15.73,0,63.03
361.2265625,50.65,31.9,50,100,27.67,15.73,0,63.03
361.234375,50.1,31.55,50,100,27.67,15.73,0,63.03
361.2421875,48.5,30.1,50,100,27.67,15.73,0,63.03
361.25,48.9,30.45,50,100,27.67,15.73,0,63.03
361.2578125,50.4,31.2,50,100,27.67,15.73,0,63.03
361.265625,49.9,32.6,50,100,27.67,15.73,0,63.03
361.2734375,49.4,34,50,100,27.67,15.73,0,63.03
361.28125,44.8,31.95,50,100,27.67,15.73,0,63.03
361.2890625,42.55,30.15,50,100,27.67,15.73,0,63.03
361.296875,40.5,28.3,50,100,27.67,15.73,0,63.03
361.3046875,44.3,31.05,50,100,27.67,15.73,0,63.03
361.3125,46.7,32.95,50,100,27.67,15.73,0,63.03
361.3203125,52.85,37.65,50,100,27.67,15.73,0,63.03
361.328125,54.25,38.45,50,100,27.67,15.73,0,63.03
361.3359375,53.45,38.2,50,100,27.67,15.73,0,63.03
361.34375,46.65,34,50,100,27.67,15.73,0,63.03
361.3515625,40.2,31,50,100,27.67,15.73,0,63.03
361.359375,35.15,28.55,50,100,27.67,15.73,0,63.03
361.3671875,36.9,29.95,50,100,27.67,15.73,0,63.03
361.375,41.45,31.5,50,100,27.67,15.73,0,63.03
361.3828125,43.2,31.6,50,100,27.67,15.73,0,63.03
361.390625,42.35,30.2,50,100,27.67,15.73,0,63.03
361.3984375,37.05,26.65,50,100,27.67,15.73,0,63.03
361.40625,32,24.6,50,100,27.67,15.73,0,63.03
361.4140625,26.4,22.05,50,100,27.67,15.73,0,63.03
361.421875,27.25,22.45,50,100,27.67,15.73,0,63.03
361.4296875,28.9,21.35,50,100,27.67,15.73,0,63.03
361.4375,35.55,23.6,50,100,27.67,15.73,0,63.03
361.4453125,39.35,23.95,50,100,27.67,15.73,0,63.03
361.453125,41.75,25.65,50,100,27.67,15.73,0,63.03
361.4609375,35.55,22.5,50,100,27.67,15.73,0,63.03
361.46875,31.95,21.5,50,100,27.67,15.73,0,63.03
361.4765625,30.7,20.1,50,100,27.67,15.73,0,63.03
361.484375,31.45,19.35,50,100,27.67,15.73,0,63.03
361.4921875,31.2,16.4,50,100,27.67,15.73,0,63.03
361.5,30.8,14.15,50,100,27.67,15.73,0,63.03
361.5078125,31.2,12.95,50,100,27.67,15.73,0,63.03
361.515625,32.1,12,50,100,27.67,15.73,0,63.03
361.5234375,36.1,13.4,50,100,27.67,15.73,0,63.03
361.53125,38.35,14.95,50,100,27.67,15.73,0,63.03
361.5390625,43.3,18.4,50,100,27.67,15.73,0,63.03
361.546875,42.7,18.35,50,100,27.67,15.73,0,63.03
361.5546875,42.45,18.45,50,100,27.67,15.73,0,63.03
361.5625,38.5,15.35,50,100,27.67,15.73,0,63.03
361.5703125,38.1,15.35,50,100,27.67,15.73,0,63.03
361.578125,36.7,14.25,50,100,27.67,15.73,0,63.03
361.5859375,39.7,16.55,50,100,27.67,15.73,0,63.03
361.59375,38.45,16.05,50,100,27.67,15.73,0,63.03
361.6015625,36.7,15.85,50,100,27.67,15.73,0,63.03
361.609375,34.5,13.95,50,100,27.67,15.73,0,63.03
361.6171875,34.4,13.35,50,100,27.67,15.73,0,63.03
361.625,36.5,14.1,50,100,27.67,15.73,0,63.03
361.6328125,40.15,16.75,50,100,27.67,15.73,0,63.03
361.640625,45.3,19.7,50,100,27.67,15.73,0,63.03
361.6484375,44.3,18.75,50,100,27.67,15.73,0,63.03
361.65625,37.65,15.8,50,100,27.67,15.73,0,63.03
361.6640625,26.3,10.05,50,100,27.67,15.73,0,63.03
361.671875,22.5,8.25,50,100,27.67,15.73,0,63.03
361.6796875,20.55,7.4,50,100,27.67,15.73,0,63.03
361.6875,25.4,10.65,50,100,27.67,15.73,0,63.03
361.6953125,29.2,11.75,50,100,27.67,15.73,0,63.03
361.703125,32.8,13.5,50,100,27.67,15.73,0,63.03
361.7109375,31.45,11.9,50,100,27.67,15.73,0,63.03
361.71875,34.3,13.95,50,100,27.67,15.73,0,63.03
361.7265625,35.65,14,50,100,27.67,15.73,0,63.03
361.734375,35.15,13.95,50,100,27.67,15.73,0,63.03
361.7421875,33.35,12.9,50,100,27.67,15.73,0,63.03
361.75,34.4,13.5,50,100,27.67,15.73,0,63.03
361.7578125,36.55,14.25,50,100,27.67,15.73,0,63.03
361.765625,37.8,15.85,50,100,27.67,15.73,0,63.03
361.7734375,43.6,20.2,50,100,27.67,15.73,0,63.03
361.78125,45,21.1,50,100,27.67,15.73,0,63.03
361.7890625,44.4,20.6,50,100,27.67,15.73,0,63.03
361.796875,42.35,18.8,50,100,27.67,15.73,0,63.03
361.8046875,43.65,19.75,50,100,27.67,15.73,0,63.03
361.8125,37.9,17.9,50,100,27.67,15.73,0,63.03
361.8203125,32.25,18.2,50,100,27.67,15.73,0,63.03
361.828125,24.25,16.25,50,100,27.67,15.73,0,63.03
361.8359375,20.9,16.05,50,100,27.67,15.73,0,63.03
361.84375,17.95,13.2,50,100,27.67,15.73,0,63.03
361.8515625,17.75,11.65,50,100,27.67,15.73,0,63.03
361.859375,18.2,9.85,50,100,27.67,15.73,0,63.03
361.8671875,16.9,7.85,50,100,27.67,15.73,0,63.03
361.875,12.3,4.4,50,100,27.67,15.73,0,63.03
361.8828125,9.55,2.95,50,100,27.67,15.73,0,63.03
361.890625,12.6,3.85,50,100,27.67,15.73,0,63.03
361.8984375,11.05,2.55,50,100,27.67,15.73,0,63.03
361.90625,7.7,0.95,50,100,27.67,15.73,0,63.03
361.9140625,2.45,-1.55,50,100,27.67,15.73,0,63.03
361.921875,2.15,0.8,50,100,27.67,15.73,0,63.03
361.9296875,-2.85,0.85,50,100,27.67,15.73,0,63.03
361.9375,-6.05,1.75,50,100,27.67,15.73,0,63.03
361.9453125,-10.25,-0.3,50,100,27.67,15.73,0,63.03
361.953125,-11.2,-0.45,50,100,27.67,15.73,0,63.03
361.9609375,-16.35,-3.5,50,100,27.67,15.73,0,63.03
361.96875,-18.2,-3.6,50,100,27.67,15.73,0,63.03
361.9765625,-20.1,-4.65,50,100,27.67,15.73,0,63.03
361.984375,-20.35,-4.35,50,100,27.67,15.73,0,63.03
361.9921875,-20.45,-5.15,50,100,27.67,15.73,0,63.03
362,-19.95,-6.15,50,100,27.67,15.73,0,63.03
362.0078125,-17.95,-6,50,100,27.67,15.73,0,63.03
362.015625,-17.25,-5.55,50,100,27.67,15.73,0,63.03
362.0234375,-18.4,-5.95,50,100,27.67,15.73,0,63.03
362.03125,-23.7,-8.45,50,100,27.67,15.73,0,63.03
362.0390625,-27,-8.9,50,100,27.67,15.73,0,63.03
362.046875,-33.1,-11.25,50,100,27.67,15.73,0,63.03
362.0546875,-31.75,-9.45,50,100,27.67,15.73,0,63.03
362.0625,-31.95,-9.85,50,100,27.67,15.73,0,63.03
362.0703125,-29.9,-9.05,50,100,27.67,15.73,0,63.03
362.078125,-28,-9.2,50,100,27.67,15.73,0,63.03
362.0859375,-23.2,-6.15,50,100,27.67,15.73,0,63.03
362.09375,-21.75,-5.05,50,100,27.67,15.73,0,63.03
362.1015625,-19.15,-1.5,50,100,27.67,15.73,0,63.03
362.109375,-20.3,-0.25,50,100,27.67,15.73,0,63.03
362.1171875,-21.9,0.7,50,100,27.67,15.73,0,63.03
362.125,-21.4,1.7,50,100,27.67,15.73,0,63.03
362.1328125,-22,1.9,50,100,27.67,15.73,0,63.03
362.140625,-20.4,3.05,50,100,27.67,15.73,0,63.03
362.1484375,-18.6,5,50,100,27.67,15.73,0,63.03
362.15625,-14.8,8.25,50.7,100,27.72,15.8,0,62.93
362.1640625,-14.7,7.95,50.7,100,27.72,15.8,0,62.93
362.171875,-14.05,8.9,50.7,100,27.72,15.8,0,62.93
362.1796875,-18.1,6.85,50.7,100,27.72,15.8,0,62.93
362.1875,-18.15,6.7,50.7,100,27.72,15.8,0,62.93
362.1953125,-20.95,3.65,50.7,100,27.72,15.8,0,62.93
362.203125,-21.3,3.15,50.7,100,27.72,15.8,0,62.93
362.2109375,-22.05,2.2,50.7,100,27.72,15.8,0,62.93
362.21875,-19.35,3.7,50.7,100,27.72,15.8,0,62.93
362.2265625,-16.5,4.45,50.7,100,27.72,15.8,0,62.93
362.234375,-11.4,7.35,50.7,100,27.72,15.8,0,62.93
362.2421875,-8.25,8.95,50.7,100,27.72,15.8,0,62.93
362.25,-7.75,9.7,50.7,100,27.72,15.8,0,62.93
362.2578125,-5.7,10.6,50.7,100,27.72,15.8,0,62.93
362.265625,-4.65,10.2,50.7,100,27.72,15.8,0,62.93
362.2734375,-2.25,11.4,50.7,100,27.72,15.8,0,62.93
362.28125,-1.8,11.55,50.7,100,27.72,15.8,0,62.93
362.2890625,1.1,12.3,50.7,100,27.72,15.8,0,62.93
362.296875,-0.25,10,50.7,100,27.72,15.8,0,62.93
362.3046875,3.55,11.85,50.7,100,27.72,15.8,0,62.93
362.3125,7.25,12.8,50.7,100,27.72,15.8,0,62.93
362.3203125,12.45,15.35,50.7,100,27.72,15.8,0,62.93
362.328125,12.7,14.55,50.7,100,27.72,15.8,0,62.93
362.3359375,14.3,15.7,50.7,100,27.72,15.8,0,62.93
362.34375,12.25,14.6,50.7,100,27.72,15.8,0,62.93
362.3515625,11.1,14.85,50.7,100,27.72,15.8,0,62.93
362.359375,11.1,14.05,50.7,100,27.72,15.8,0,62.93
362.3671875,14.05,15.25,50.7,100,27.72,15.8,0,62.93
362.375,19.3,18.4,50.7,100,27.72,15.8,0,62.93
362.3828125,21.45,20.45,50.7,100,27.72,15.8,0,62.93
362.390625,22.8,21.6,50.7,100,27.72,15.8,0,62.93
362.3984375,24.3,21.8,50.7,100,27.72,15.8,0,62.93
362.40625,29.35,23.4,50.7,100,27.72,15.8,0,62.93
362.4140625,28.2,21.3,50.7,100,27.72,15.8,0,62.93
362.421875,27.75,21.55,50.7,100,27.72,15.8,0,62.93
362.4296875,23.1,20.45,50.7,100,27.72,15.8,0,62.93
362.4375,21.75,20.95,50.7,100,27.72,15.8,0,62.93
362.4453125,18.2,17.75,50.7,100,27.72,15.8,0,62.93
362.453125,18.9,18.6,50.7,100,27.72,15.8,0,62.93
362.4609375,20,20,50.7,100,27.72,15.8,0,62.93
362.46875,23,22.25,50.7,100,27.72,15.8,0,62.93
362.4765625,24.7,22.3,50.7,100,27.72,15.8,0,62.93
362.484375,29.65,24.9,50.7,100,27.72,15.8,0,62.93
362.4921875,32.8,26.5,50.7,100,27.72,15.8,0,62.93
362.5,29.7,25.25,50.7,100,27.72,15.8,0,62.93
362.5078125,27.2,24,50.7,100,27.72,15.8,0,62.93
362.515625,26.1,23.65,50.7,100,27.72,15.8,0,62.93
362.5234375,28.1,24.75,50.7,100,27.72,15.8,0,62.93
362.53125,29.65,24.5,50.7,100,27.72,15.8,0,62.93
362.5390625,36.5,27.5,50.7,100,27.72,15.8,0,62.93
362.546875,41.1,28.65,50.7,100,27.72,15.8,0,62.93
362.5546875,49.35,33,50.7,100,27.72,15.8,0,62.93
362.5625,52.3,35.3,50.7,100,27.72,15.8,0,62.93
362.5703125,56.15,39.55,50.7,100,27.72,15.8,0,62.93
362.578125,57.2,41.15,50.7,100,27.72,15.8,0,62.93
362.5859375,57.4,42.75,50.7,100,27.72,15.8,0,62.93
362.59375,50.4,38.05,50.7,100,27.72,15.8,0,62.93
362.6015625,43.7,34,50.7,100,27.72,15.8,0,62.93
362.609375,39.25,31.75,50.7,100,27.72,15.8,0,62.93
362.6171875,38.5,32.25,50.7,100,27.72,15.8,0,62.93
362.625,42.25,33.55,50.7,100,27.72,15.8,0,62.93
362.6328125,46.7,35.2,50.7,100,27.72,15.8,0,62.93
362.640625,52.3,37.65,50.7,100,27.72,15.8,0,62.93
362.6484375,53.35,37.2,50.7,100,27.72,15.8,0,62.93
362.65625,54.6,37.25,50.7,100,27.72,15.8,0,62.93
362.6640625,52.05,35.45,50.7,100,27.72,15.8,0,62.93
362.671875,50.5,34.95,50.7,100,27.72,15.8,0,62.93
362.6796875,45.05,30.75,50.7,100,27.72,15.8,0,62.93
362.6875,45,30.45,50.7,100,27.72,15.8,0,62.93
362.6953125,44,30.3,50.7,100,27.72,15.8,0,62.93
362.703125,44.65,31.2,50.7,100,27.72,15.8,0,62.93
362.7109375,42.05,29.85,50.7,100,27.72,15.8,0,62.93
362.71875,38.7,29.65,50.7,100,27.72,15.8,0,62.93
362.7265625,30.15,25.2,50.7,100,27.72,15.8,0,62.93
362.734375,23.5,21.35,50.7,100,27.72,15.8,0,62.93
362.7421875,23.3,19.8,50.7,100,27.72,15.8,0,62.93
362.75,25,18.35,50.7,100,27.72,15.8,0,62.93
362.7578125,25.95,17.15,50.7,100,27.72,15.8,0,62.93
362.765625,24.4,16.6,50.7,100,27.72,15.8,0,62.93
362.7734375,27.1,18.9,50.7,100,27.72,15.8,0,62.93
362.78125,27.1,19.7,50.7,100,27.72,15.8,0,62.93
362.7890625,26.65,21.75,50.7,100,27.72,15.8,0,62.93
362.796875,21.7,19.65,50.7,100,27.72,15.8,0,62.93
362.8046875,19.2,18.65,50.7,100,27.72,15.8,0,62.93
362.8125,13.3,14.95,50.7,100,27.72,15.8,0,62.93
362.8203125,10.2,13.6,50.7,100,27.72,15.8,0,62.93
362.828125,6.2,11.05,50.7,100,27.72,15.8,0,62.93
362.8359375,6.65,12.55,50.7,100,27.72,15.8,0,62.93
362.84375,9.6,14.3,50.7,100,27.72,15.8,0,62.93
362.8515625,15.4,18.1,50.7,100,27.72,15.8,0,62.93
362.859375,17.7,20.2,50.7,100,27.72,15.8,0,62.93
362.8671875,16.65,21.1,50.7,100,27.72,15.8,0,62.93
362.875,14.3,20.2,50.7,100,27.72,15.8,0,62.93
362.8828125,9.1,18,50.7,100,27.72,15.8,0,62.93
362.890625,4.5,16.1,50.7,100,27.72,15.8,0,62.93
362.8984375,-3.4,11.45,50.7,100,27.72,15.8,0,62.93
362.90625,-7.5,8.7,50.7,100,27.72,15.8,0,62.93
362.9140625,-11.25,6.05,50.7,100,27.72,15.8,0,62.93
362.921875,-10.75,6.85,50.7,100,27.72,15.8,0,62.93
362.9296875,-11.65,6.9,50.7,100,27.72,15.8,0,62.93
362.9375,-7.1,10.15,50.7,100,27.72,15.8,0,62.93
362.9453125,-6.85,9.8,50.7,100,27.72,15.8,0,62.93
362.953125,-6.1,11.05,50.7,100,27.72,15.8,0,62.93
362.9609375,-7.7,10.7,50.7,100,27.72,15.8,0,62.93
362.96875,-9.4,10.45,50.7,100,27.72,15.8,0,62.93
362.9765625,-11.3,9.35,50.7,100,27.72,15.8,0,62.93
362.984375,-10.85,8.9,50.7,100,27.72,15.8,0,62.93
362.9921875,-11.6,6.65,50.7,100,27.72,15.8,0,62.93
363,-15,3.8,50.7,100,27.72,15.8,0,62.93
363.0078125,-16.75,2.75,50.7,100,27.72,15.8,0,62.93
363.015625,-18.55,1.35,50.7,100,27.72,15.8,0,62.93
363.0234375,-14.2,3.55,50.7,100,27.72,15.8,0,62.93
363.03125,-12.4,4.4,50.7,100,27.72,15.8,0,62.93
363.0390625,-9.35,5.65,50.7,100,27.72,15.8,0,62.93
363.046875,-10.25,3.7,50.7,100,27.72,15.8,0,62.93
363.0546875,-8.9,5.35,50.7,100,27.72,15.8,0,62.93
363.0625,-12.95,4.3,50.7,100,27.72,15.8,0,62.93
363.0703125,-15.75,4.35,50.7,100,27.72,15.8,0,62.93
363.078125,-20.95,0.95,50.7,100,27.72,15.8,0,62.93
363.0859375,-22.4,0.45,50.7,100,27.72,15.8,0,62.93
363.09375,-23.5,-0.95,50.7,100,27.72,15.8,0,62.93
363.1015625,-21,0.25,50.7,100,27.72,15.8,0,62.93
363.109375,-19.95,0.45,50.7,100,27.72,15.8,0,62.93
363.1171875,-19.95,0.7,50.7,100,27.72,15.8,0,62.93
363.125,-16.95,2.05,50.7,100,27.72,15.8,0,62.93
363.1328125,-15.25,2.7,50.7,100,27.72,15.8,0,62.93
363.140625,-14.7,2.3,50.7,100,27.72,15.8,0,62.93
363.1484375,-16.4,0.55,50.7,100,27.72,15.8,0,62.93
363.15625,-15.3,1.4,49.8,100,27.75,15.91,0,62.55
363.1640625,-15.05,1.35,49.8,100,27.75,15.91,0,62.55
363.171875,-10.9,4.2,49.8,100,27.75,15.91,0,62.55
363.1796875,-14,3.05,49.8,100,27.75,15.91,0,62.55
363.1875,-15.7,3.25,49.8,100,27.75,15.91,0,62.55
363.1953125,-17.25,3.3,49.8,100,27.75,15.91,0,62.55
363.203125,-16.35,5.9,49.8,100,27.75,15.91,0,62.55
363.2109375,-17.05,6,49.8,100,27.75,15.91,0,62.55
363.21875,-15.5,6.8,49.8,100,27.75,15.91,0,62.55
363.2265625,-16.4,5.2,49.8,100,27.75,15.91,0,62.55
363.234375,-18.7,3.55,49.8,100,27.75,15.91,0,62.55
363.2421875,-20.2,2,49.8,100,27.75,15.91,0,62.55
363.25,-21.85,0.6,49.8,100,27.75,15.91,0,62.55
363.2578125,-19.5,1.45,49.8,100,27.75,15.91,0,62.55
363.265625,-19.6,1.65,49.8,100,27.75,15.91,0,62.55
363.2734375,-19.25,2.45,49.8,100,27.75,15.91,0,62.55
363.28125,-21.65,0.75,49.8,100,27.75,15.91,0,62.55
363.2890625,-19.45,1.4,49.8,100,27.75,15.91,0,62.55
363.296875,-19.75,0.9,49.8,100,27.75,15.91,0,62.55
363.3046875,-16.15,4.45,49.8,100,27.75,15.91,0,62.55
363.3125,-15.9,5.5,49.8,100,27.75,15.91,0,62.55
363.3203125,-15.1,6.55,49.8,100,27.75,15.91,0,62.55
363.328125,-17.3,5.05,49.8,100,27.75,15.91,0,62.55
363.3359375,-17.35,5.2,49.8,100,27.75,15.91,0,62.55
363.34375,-19.55,2.45,49.8,100,27.75,15.91,0,62.55
363.3515625,-18.1,2.8,49.8,100,27.75,15.91,0,62.55
363.359375,-13.25,4.95,49.8,100,27.75,15.91,0,62.55
363.3671875,-9.05,6.9,49.8,100,27.75,15.91,0,62.55
363.375,-8.3,7.65,49.8,100,27.75,15.91,0,62.55
363.3828125,-10.45,7.4,49.8,100,27.75,15.91,0,62.55
363.390625,-9.65,8.6,49.8,100,27.75,15.91,0,62.55
363.3984375,-10.9,8,49.8,100,27.75,15.91,0,62.55
363.40625,-11.6,8,49.8,100,27.75,15.91,0,62.55
363.4140625,-13.6,6.8,49.8,100,27.75,15.91,0,62.55
363.421875,-10.15,9.15,49.8,100,27.75,15.91,0,62.55
363.4296875,-9.4,8.45,49.8,100,27.75,15.91,0,62.55
363.4375,-6.85,9.8,49.8,100,27.75,15.91,0,62.55
363.4453125,-5.85,9.7,49.8,100,27.75,15.91,0,62.55
363.453125,-2.2,12.05,49.8,100,27.75,15.91,0,62.55
363.4609375,-0.95,12.85,49.8,100,27.75,15.91,0,62.55
363.46875,1.4,14.65,49.8,100,27.75,15.91,0,62.55
363.4765625,3.35,15.5,49.8,100,27.75,15.91,0,62.55
363.484375,3,16.95,49.8,100,27.75,15.91,0,62.55
363.4921875,0,15.65,49.8,100,27.75,15.91,0,62.55
363.5,-2.35,13.05,49.8,100,27.75,15.91,0,62.55
363.5078125,2.15,14.3,49.8,100,27.75,15.91,0,62.55
363.515625,5.45,15.3,49.8,100,27.75,15.91,0,62.55
363.5234375,12.25,17.75,49.8,100,27.75,15.91,0,62.55
363.53125,17.85,19.8,49.8,100,27.75,15.91,0,62.55
363.5390625,22.25,22.5,49.8,100,27.75,15.91,0,62.55
363.546875,18,21,49.8,100,27.75,15.91,0,62.55
363.5546875,17.3,22.15,49.8,100,27.75,15.91,0,62.55
363.5625,13.65,20.2,49.8,100,27.75,15.91,0,62.55
363.5703125,10.55,20.45,49.8,100,27.75,15.91,0,62.55
363.578125,6.45,19.65,49.8,100,27.75,15.91,0,62.55
363.5859375,7.5,20.9,49.8,100,27.75,15.91,0,62.55
363.59375,11.1,21.7,49.8,100,27.75,15.91,0,62.55
363.6015625,16.5,24.1,49.8,100,27.75,15.91,0,62.55
363.609375,19,24.95,49.8,100,27.75,15.91,0,62.55
363.6171875,20.35,25.95,49.8,100,27.75,15.91,0,62.55
363.625,24.35,27.55,49.8,100,27.75,15.91,0,62.55
363.6328125,25.7,28.35,49.8,100,27.75,15.91,0,62.55
363.640625,27.55,29.85,49.8,100,27.75,15.91,0,62.55
363.6484375,26.25,27.55,49.8,100,27.75,15.91,0,62.55
363.65625,27.05,27.4,49.8,100,27.75,15.91,0,62.55
363.6640625,24.9,26.05,49.8,100,27.75,15.91,0,62.55
363.671875,25.8,26.85,49.8,100,27.75,15.91,0,62.55
363.6796875,23.75,26.25,49.8,100,27.75,15.91,0,62.55
363.6875,27.05,30.5,49.8,100,27.75,15.91,0,62.55
363.6953125,28.45,31.8,49.8,100,27.75,15.91,0,62.55
363.703125,30.05,33.05,49.8,100,27.75,15.91,0,62.55
363.7109375,29.25,31.55,49.8,100,27.75,15.91,0,62.55
363.71875,30.3,31.7,49.8,100,27.75,15.91,0,62.55
363.7265625,29.8,31.65,49.8,100,27.75,15.91,0,62.55
363.734375,27.9,31.95,49.8,100,27.75,15.91,0,62.55
363.7421875,26.7,31.85,49.8,100,27.75,15.91,0,62.55
363.75,26.85,31.85,49.8,100,27.75,15.91,0,62.55
363.7578125,31.4,33.8,49.8,100,27.75,15.91,0,62.55
363.765625,31.7,33,49.8,100,27.75,15.91,0,62.55
363.7734375,30.3,31.85,49.8,100,27.75,15.91,0,62.55
363.78125,25.4,28.3,49.8,100,27.75,15.91,0,62.55
363.7890625,24.9,27.9,49.8,100,27.75,15.91,0,62.55
363.796875,19.2,24.75,49.8,100,27.75,15.91,0,62.55
363.8046875,15.8,24.1,49.8,100,27.75,15.91,0,62.55
363.8125,12.4,22.2,49.8,100,27.75,15.91,0,62.55
363.8203125,13.25,22.15,49.8,100,27.75,15.91,0,62.55
363.828125,13.7,20.5,49.8,100,27.75,15.91,0,62.55
363.8359375,20.7,23.2,49.8,100,27.75,15.91,0,62.55
363.84375,28.05,25.25,49.8,100,27.75,15.91,0,62.55
363.8515625,31.05,26.6,49.8,100,27.75,15.91,0,62.55
363.859375,30.75,27,49.8,100,27.75,15.91,0,62.55
363.8671875,26.9,25.4,49.8,100,27.75,15.91,0,62.55
363.875,22.35,22.7,49.8,100,27.75,15.91,0,62.55
363.8828125,18.6,20.55,49.8,100,27.75,15.91,0,62.55
363.890625,20.25,20.7,49.8,100,27.75,15.91,0,62.55
363.8984375,18,18.4,49.8,100,27.75,15.91,0,62.55
363.90625,19.45,20.55,49.8,100,27.75,15.91,0,62.55
363.9140625,19.45,21.8,49.8,100,27.75,15.91,0,62.55
363.921875,22.35,24.05,49.8,100,27.75,15.91,0,62.55
363.9296875,23.4,23.5,49.8,100,27.75,15.91,0,62.55
363.9375,27.55,24.65,49.8,100,27.75,15.91,0,62.55
363.9453125,26.3,21.55,49.8,100,27.75,15.91,0,62.55
363.953125,24.2,19.5,49.8,100,27.75,15.91,0,62.55
363.9609375,19.4,14.8,49.8,100,27.75,15.91,0,62.55
363.96875,16.7,12,49.8,100,27.75,15.91,0,62.55
363.9765625,14.1,11.3,49.8,100,27.75,15.91,0,62.55
363.984375,11.1,11.45,49.8,100,27.75,15.91,0,62.55
363.9921875,10.1,11.15,49.8,100,27.75,15.91,0,62.55
364,10.25,11.1,49.8,100,27.75,15.91,0,62.55
364.0078125,12.15,11.2,49.8,100,27.75,15.91,0,62.55
364.015625,10.95,9.55,49.8,100,27.75,15.91,0,62.55
364.0234375,10,9.6,49.8,100,27.75,15.91,0,62.55
364.03125,3.55,6.25,49.8,100,27.75,15.91,0,62.55
364.0390625,4.25,7.25,49.8,100,27.75,15.91,0,62.55
364.046875,5.5,8.3,49.8,100,27.75,15.91,0,62.55
364.0546875,6.2,9.65,49.8,100,27.75,15.91,0,62.55
364.0625,2.75,7.8,49.8,100,27.75,15.91,0,62.55
364.0703125,2,8,49.8,100,27.75,15.91,0,62.55
364.078125,-0.35,6.35,49.8,100,27.75,15.91,0,62.55
364.0859375,1.05,7.55,49.8,100,27.75,15.91,0,62.55
364.09375,1.95,7.85,49.8,100,27.75,15.91,0,62.55
364.1015625,2.5,8.9,49.8,100,27.75,15.91,0,62.55
364.109375,5,11.4,49.8,100,27.75,15.91,0,62.55
364.1171875,6.25,12.8,49.8,100,27.75,15.91,0,62.55
364.125,8.05,13.25,49.8,100,27.75,15.91,0,62.55
364.1328125,7.45,12.6,49.8,100,27.75,15.91,0,62.55
364.140625,9.5,15.05,49.8,100,27.75,15.91,0,62.55
364.1484375,12.6,16.95,49.8,100,27.75,15.91,0,62.55
364.15625,18.15,20.6,49.5,100,27.67,15.8,0,62.63
364.1640625,16.4,21.15,49.5,100,27.67,15.8,0,62.63
364.171875,18.15,24.55,49.5,100,27.67,15.8,0,62.63
364.1796875,18.1,24.45,49.5,100,27.67,15.8,0,62.63
364.1875,19.75,26.5,49.5,100,27.67,15.8,0,62.63
364.1953125,19.7,26.4,49.5,100,27.67,15.8,0,62.63
364.203125,19.85,26.65,49.5,100,27.67,15.8,0,62.63
364.2109375,16.5,25.3,49.5,100,27.67,15.8,0,62.63
364.21875,13.7,25.05,49.5,100,27.67,15.8,0,62.63
364.2265625,9.3,22,49.5,100,27.67,15.8,0,62.63
364.234375,6.15,20.6,49.5,100,27.67,15.8,0,62.63
364.2421875,8.3,22.25,49.5,100,27.67,15.8,0,62.63
364.25,9,22.55,49.5,100,27.67,15.8,0,62.63
364.2578125,11.15,23.2,49.5,100,27.67,15.8,0,62.63
364.265625,12.8,24.2,49.5,100,27.67,15.8,0,62.63
364.2734375,18.95,27.65,49.5,100,27.67,15.8,0,62.63
364.28125,21.65,27.4,49.5,100,27.67,15.8,0,62.63
364.2890625,24.6,28.05,49.5,100,27.67,15.8,0,62.63
364.296875,22.65,26.85,49.5,100,27.67,15.8,0,62.63
364.3046875,24.45,28.75,49.5,100,27.67,15.8,0,62.63
364.3125,22.5,28.2,49.5,100,27.67,15.8,0,62.63
364.3203125,20.05,27.95,49.5,100,27.67,15.8,0,62.63
364.328125,14.55,25,49.5,100,27.67,15.8,0,62.63
364.3359375,12.95,24.4,49.5,100,27.67,15.8,0,62.63
364.34375,14.25,23.15,49.5,100,27.67,15.8,0,62.63
364.3515625,18.3,22.55,49.5,100,27.67,15.8,0,62.63
364.359375,23.1,23.7,49.5,100,27.67,15.8,0,62.63
364.3671875,25.8,24.4,49.5,100,27.67,15.8,0,62.63
364.375,28,25.2,49.5,100,27.67,15.8,0,62.63
364.3828125,25.15,24.6,49.5,100,27.67,15.8,0,62.63
364.390625,22.95,24.4,49.5,100,27.67,15.8,0,62.63
364.3984375,19.7,21.55,49.5,100,27.67,15.8,0,62.63
364.40625,19.7,20.95,49.5,100,27.67,15.8,0,62.63
364.4140625,15.45,18.1,49.5,100,27.67,15.8,0,62.63
364.421875,15.8,19,49.5,100,27.67,15.8,0,62.63
364.4296875,16.7,19.15,49.5,100,27.67,15.8,0,62.63
364.4375,21.55,21.75,49.5,100,27.67,15.8,0,62.63
364.4453125,24.9,21.8,49.5,100,27.67,15.8,0,62.63
364.453125,28.1,23.3,49.5,100,27.67,15.8,0,62.63
364.4609375,27.05,22.65,49.5,100,27.67,15.8,0,62.63
364.46875,25.6,22.35,49.5,100,27.67,15.8,0,62.63
364.4765625,22.95,21.65,49.5,100,27.67,15.8,0,62.63
364.484375,19.3,21.2,49.5,100,27.67,15.8,0,62.63
364.4921875,20.3,21.85,49.5,100,27.67,15.8,0,62.63
364.5,22.55,22.9,49.5,100,27.67,15.8,0,62.63
364.5078125,26.25,25.85,49.5,100,27.67,15.8,0,62.63
364.515625,26.55,26.05,49.5,100,27.67,15.8,0,62.63
364.5234375,29.95,26.8,49.5,100,27.67,15.8,0,62.63
364.53125,30.6,27.15,49.5,100,27.67,15.8,0,62.63
364.5390625,32.95,31.05,49.5,100,27.67,15.8,0,62.63
364.546875,30.9,30.65,49.5,100,27.67,15.8,0,62.63
364.5546875,33.45,32.4,49.5,100,27.67,15.8,0,62.63
364.5625,35.8,33.8,49.5,100,27.67,15.8,0,62.63
364.5703125,38.85,36.65,49.5,100,27.67,15.8,0,62.63
364.578125,38.15,36.1,49.5,100,27.67,15.8,0,62.63
364.5859375,39.25,37.45,49.5,100,27.67,15.8,0,62.63
364.59375,39.6,38.45,49.5,100,27.67,15.8,0,62.63
364.6015625,37.85,39.4,49.5,100,27.67,15.8,0,62.63
364.609375,36.6,39.8,49.5,100,27.67,15.8,0,62.63
364.6171875,36.4,40.1,49.5,100,27.67,15.8,0,62.63
364.625,39.6,41.3,49.5,100,27.67,15.8,0,62.63
364.6328125,41,41.15,49.5,100,27.67,15.8,0,62.63
364.640625,45.6,44,49.5,100,27.67,15.8,0,62.63
364.6484375,48.25,46.55,49.5,100,27.67,15.8,0,62.63
364.65625,52.65,50.25,49.5,100,27.67,15.8,0,62.63
364.6640625,49.3,47.65,49.5,100,27.67,15.8,0,62.63
364.671875,44.2,45.7,49.5,100,27.67,15.8,0,62.63
364.6796875,35.85,41.9,49.5,100,27.67,15.8,0,62.63
364.6875,34.8,41.7,49.5,100,27.67,15.8,0,62.63
364.6953125,37.55,42.6,49.5,100,27.67,15.8,0,62.63
364.703125,45.15,46.55,49.5,100,27.67,15.8,0,62.63
364.7109375,51.75,48.25,49.5,100,27.67,15.8,0,62.63
364.71875,54.65,48.85,49.5,100,27.67,15.8,0,62.63
364.7265625,53.2,46.6,49.5,100,27.67,15.8,0,62.63
364.734375,49.3,43.05,49.5,100,27.67,15.8,0,62.63
364.7421875,44.85,41.15,49.5,100,27.67,15.8,0,62.63
364.75,39.45,39.6,49.5,100,27.67,15.8,0,62.63
364.7578125,37.75,39.5,49.5,100,27.67,15.8,0,62.63
364.765625,33.45,37.85,49.5,100,27.67,15.8,0,62.63
364.7734375,34.25,39.45,49.5,100,27.67,15.8,0,62.63
364.78125,32.85,38.35,49.5,100,27.67,15.8,0,62.63
364.7890625,32.3,38.1,49.5,100,27.67,15.8,0,62.63
364.796875,30.25,34.9,49.5,100,27.67,15.8,0,62.63
364.8046875,32.7,33.95,49.5,100,27.67,15.8,0,62.63
364.8125,30.95,31.5,49.5,100,27.67,15.8,0,62.63
364.8203125,31.8,32.55,49.5,100,27.67,15.8,0,62.63
364.828125,33,32.8,49.5,100,27.67,15.8,0,62.63
364.8359375,37.4,35.6,49.5,100,27.67,15.8,0,62.63
364.84375,43.35,38.2,49.5,100,27.67,15.8,0,62.63
364.8515625,45.65,39.95,49.5,100,27.67,15.8,0,62.63
364.859375,45.75,41.7,49.5,100,27.67,15.8,0,62.63
364.8671875,47.55,43.65,49.5,100,27.67,15.8,0,62.63
364.875,52.15,45.4,49.5,100,27.67,15.8,0,62.63
364.8828125,52,44.5,49.5,100,27.67,15.8,0,62.63
364.890625,52,44.65,49.5,100,27.67,15.8,0,62.63
364.8984375,48.05,42.3,49.5,100,27.67,15.8,0,62.63
364.90625,47.5,42.95,49.5,100,27.67,15.8,0,62.63
364.9140625,42.6,40.2,49.5,100,27.67,15.8,0,62.63
364.921875,40.95,39.75,49.5,100,27.67,15.8,0,62.63
364.9296875,40.65,39.9,49.5,100,27.67,15.8,0,62.63
364.9375,44.65,43.2,49.5,100,27.67,15.8,0,62.63
364.9453125,47.25,44.55,49.5,100,27.67,15.8,0,62.63
364.953125,52.8,48.2,49.5,100,27.67,15.8,0,62.63
364.9609375,55.9,48.8,49.5,100,27.67,15.8,0,62.63
364.96875,56.1,47.85,49.5,100,27.67,15.8,0,62.63
364.9765625,55,45.8,49.5,100,27.67,15.8,0,62.63
364.984375,52.2,43.65,49.5,100,27.67,15.8,0,62.63
364.9921875,51.7,44.35,49.5,100,27.67,15.8,0,62.63
365,52.55,46.45,49.5,100,27.67,15.8,0,62.63
365.0078125,55,49.2,49.5,100,27.67,15.8,0,62.63
365.015625,52.05,48.1,49.5,100,27.67,15.8,0,62.63
365.0234375,53.15,48.2,49.5,100,27.67,15.8,0,62.63
365.03125,53.9,46.1,49.5,100,27.67,15.8,0,62.63
365.0390625,60.25,47.6,49.5,100,27.67,15.8,0,62.63
365.046875,63.75,47.85,49.5,100,27.67,15.8,0,62.63
365.0546875,66.2,49.85,49.5,100,27.67,15.8,0,62.63
365.0625,62.15,47.85,49.5,100,27.67,15.8,0,62.63
365.0703125,57.65,46.75,49.5,100,27.67,15.8,0,62.63
365.078125,51.75,44,49.5,100,27.67,15.8,0,62.63
365.0859375,52.4,44.5,49.5,100,27.67,15.8,0,62.63
365.09375,58,45.9,49.5,100,27.67,15.8,0,62.63
365.1015625,60.6,45.85,49.5,100,27.67,15.8,0,62.63
365.109375,61.6,44.65,49.5,100,27.67,15.8,0,62.63
365.1171875,60.75,42.85,49.5,100,27.67,15.8,0,62.63
365.125,60.2,42.9,49.5,100,27.67,15.8,0,62.63
365.1328125,56.45,41.8,49.5,100,27.67,15.8,0,62.63
365.140625,57.9,44.45,49.5,100,27.67,15.8,0,62.63
365.1484375,60.2,45.85,49.5,100,27.67,15.8,0,62.63
365.15625,64.35,47.25,48.6,100,27.39,15.81,0,62.58
365.1640625,60.7,44.4,48.6,100,27.39,15.81,0,62.58
365.171875,59.5,45.55,48.6,100,27.39,15.81,0,62.58
365.1796875,57,43.65,48.6,100,27.39,15.81,0,62.58
365.1875,54.9,42.4,48.6,100,27.39,15.81,0,62.58
365.1953125,53.3,41,48.6,100,27.39,15.81,0,62.58
365.203125,58.75,42.25,48.6,100,27.39,15.81,0,62.58
365.2109375,62.05,41.35,48.6,100,27.39,15.81,0,62.58
365.21875,61.25,41.05,48.6,100,27.39,15.81,0,62.58
365.2265625,60.35,40.9,48.6,100,27.39,15.81,0,62.58
365.234375,60.1,41.65,48.6,100,27.39,15.81,0,62.58
365.2421875,62.7,43.95,48.6,100,27.39,15.81,0,62.58
365.25,65.25,45.4,48.6,100,27.39,15.81,0,62.58
365.2578125,68.85,47.45,48.6,100,27.39,15.81,0,62.58
365.265625,64.55,44.4,48.6,100,27.39,15.81,0,62.58
365.2734375,62.65,42.8,48.6,100,27.39,15.81,0,62.58
365.28125,61.65,41.35,48.6,100,27.39,15.81,0,62.58
365.2890625,61.45,40.9,48.6,100,27.39,15.81,0,62.58
365.296875,54.6,35.85,48.6,100,27.39,15.81,0,62.58
365.3046875,55,35.7,48.6,100,27.39,15.81,0,62.58
365.3125,57.55,35.6,48.6,100,27.39,15.81,0,62.58
365.3203125,59.6,37.05,48.6,100,27.39,15.81,0,62.58
365.328125,59.55,37.1,48.6,100,27.39,15.81,0,62.58
365.3359375,59.5,36.7,48.6,100,27.39,15.81,0,62.58
365.34375,54.9,32.6,48.6,100,27.39,15.81,0,62.58
365.3515625,51.35,29.45,48.6,100,27.39,15.81,0,62.58
365.359375,56.45,30,48.6,100,27.39,15.81,0,62.58
365.3671875,60.2,29.5,48.6,100,27.39,15.81,0,62.58
365.375,62.25,29.75,48.6,100,27.39,15.81,0,62.58
365.3828125,62.3,31.45,48.6,100,27.39,15.81,0,62.58
365.390625,66.45,36.75,48.6,100,27.39,15.81,0,62.58
365.3984375,63.45,35.85,48.6,100,27.39,15.81,0,62.58
365.40625,60.2,34,48.6,100,27.39,15.81,0,62.58
365.4140625,56,31.3,48.6,100,27.39,15.81,0,62.58
365.421875,56.3,32.35,48.6,100,27.39,15.81,0,62.58
365.4296875,49.35,27.4,48.6,100,27.39,15.81,0,62.58
365.4375,43.85,22.7,48.6,100,27.39,15.81,0,62.58
365.4453125,41.45,20.55,48.6,100,27.39,15.81,0,62.58
365.453125,44.2,24.35,48.6,100,27.39,15.81,0,62.58
365.4609375,47.5,26.8,48.6,100,27.39,15.81,0,62.58
365.46875,48.1,25.2,48.6,100,27.39,15.81,0,62.58
365.4765625,44,19.35,48.6,100,27.39,15.81,0,62.58
365.484375,40.85,16.1,48.6,100,27.39,15.81,0,62.58
365.4921875,42.95,18.25,48.6,100,27.39,15.81,0,62.58
365.5,44.05,19.9,48.6,100,27.39,15.81,0,62.58
365.5078125,49.75,23.9,48.6,100,27.39,15.81,0,62.58
365.515625,53.55,26.55,48.6,100,27.39,15.81,0,62.58
365.5234375,54.7,26.9,48.6,100,27.39,15.81,0,62.58
365.53125,48.8,22.1,48.6,100,27.39,15.81,0,62.58
365.5390625,45.75,20.75,48.6,100,27.39,15.81,0,62.58
365.546875,42.6,18.65,48.6,100,27.39,15.81,0,62.58
365.5546875,48.3,21.55,48.6,100,27.39,15.81,0,62.58
365.5625,56.7,25.9,48.6,100,27.39,15.81,0,62.58
365.5703125,64.1,30.5,48.6,100,27.39,15.81,0,62.58
365.578125,65.65,30.9,48.6,100,27.39,15.81,0,62.58
365.5859375,64.55,31.15,48.6,100,27.39,15.81,0,62.58
365.59375,62.95,31.35,48.6,100,27.39,15.81,0,62.58
365.6015625,63.3,33.35,48.6,100,27.39,15.81,0,62.58
365.609375,64.5,35.35,48.6,100,27.39,15.81,0,62.58
365.6171875,61.5,34.1,48.6,100,27.39,15.81,0,62.58
365.625,59.25,33.2,48.6,100,27.39,15.81,0,62.58
365.6328125,54.3,31,48.6,100,27.39,15.81,0,62.58
365.640625,53.5,31.5,48.6,100,27.39,15.81,0,62.58
365.6484375,50.65,30.05,48.6,100,27.39,15.81,0,62.58
365.65625,49.65,30.05,48.6,100,27.39,15.81,0,62.58
365.6640625,45.35,27.65,48.6,100,27.39,15.81,0,62.58
365.671875,44.95,28,48.6,100,27.39,15.81,0,62.58
365.6796875,44.6,27.4,48.6,100,27.39,15.81,0,62.58
365.6875,48.8,30.05,48.6,100,27.39,15.81,0,62.58
365.6953125,49.7,30.75,48.6,100,27.39,15.81,0,62.58
365.703125,49,30.3,48.6,100,27.39,15.81,0,62.58
365.7109375,47.9,28.25,48.6,100,27.39,15.81,0,62.58
365.71875,47.4,27.15,48.6,100,27.39,15.81,0,62.58
365.7265625,49.15,27.4,48.6,100,27.39,15.81,0,62.58
365.734375,50,27.8,48.6,100,27.39,15.81,0,62.58
365.7421875,50.9,28.95,48.6,100,27.39,15.81,0,62.58
365.75,50.7,29.3,48.6,100,27.39,15.81,0,62.58
365.7578125,55.7,31.75,48.6,100,27.39,15.81,0,62.58
365.765625,55.6,29.5,48.6,100,27.39,15.81,0,62.58
365.7734375,56.15,29.05,48.6,100,27.39,15.81,0,62.58
365.78125,53.9,28.8,48.6,100,27.39,15.81,0,62.58
365.7890625,55.65,32.15,48.6,100,27.39,15.81,0,62.58
365.796875,55.9,32.95,48.6,100,27.39,15.81,0,62.58
365.8046875,61.3,36.7,48.6,100,27.39,15.81,0,62.58
365.8125,63.5,37.4,48.6,100,27.39,15.81,0,62.58
365.8203125,65.25,38.4,48.6,100,27.39,15.81,0,62.58
365.828125,66.45,38.25,48.6,100,27.39,15.81,0,62.58
365.8359375,68.7,38.8,48.6,100,27.39,15.81,0,62.58
365.84375,66.35,36.75,48.6,100,27.39,15.81,0,62.58
365.8515625,60.3,33.7,48.6,100,27.39,15.81,0,62.58
365.859375,56.45,32.2,48.6,100,27.39,15.81,0,62.58
365.8671875,51.6,30.85,48.6,100,27.39,15.81,0,62.58
365.875,49.05,30.55,48.6,100,27.39,15.81,0,62.58
365.8828125,45,28.2,48.6,100,27.39,15.81,0,62.58
365.890625,44.25,28.1,48.6,100,27.39,15.81,0,62.58
365.8984375,41.3,25.85,48.6,100,27.39,15.81,0,62.58
365.90625,42.4,25.25,48.6,100,27.39,15.81,0,62.58
365.9140625,41.1,22.65,48.6,100,27.39,15.81,0,62.58
365.921875,44.3,24.25,48.6,100,27.39,15.81,0,62.58
365.9296875,45.15,23.75,48.6,100,27.39,15.81,0,62.58
365.9375,47.3,25.85,48.6,100,27.39,15.81,0,62.58
365.9453125,48.25,28.05,48.6,100,27.39,15.81,0,62.58
365.953125,47.05,28.45,48.6,100,27.39,15.81,0,62.58
365.9609375,42.6,23.8,48.6,100,27.39,15.81,0,62.58
365.96875,41.2,21.25,48.6,100,27.39,15.81,0,62.58
365.9765625,42.55,21.85,48.6,100,27.39,15.81,0,62.58
365.984375,40.95,22.65,48.6,100,27.39,15.81,0,62.58
365.9921875,42.9,25.35,48.6,100,27.39,15.81,0,62.58
366,43.35,25.85,48.6,100,27.39,15.81,0,62.58
366.0078125,43.05,24.55,48.6,100,27.39,15.81,0,62.58
366.015625,37.15,19,48.6,100,27.39,15.81,0,62.58
366.0234375,35.7,17.5,48.6,100,27.39,15.81,0,62.58
366.03125,34.85,16.9,48.6,100,27.39,15.81,0,62.58
366.0390625,38.55,20.5,48.6,100,27.39,15.81,0,62.58
366.046875,40.1,23.5,48.6,100,27.39,15.81,0,62.58
366.0546875,43.55,28.55,48.6,100,27.39,15.81,0,62.58
366.0625,42.55,28.45,48.6,100,27.39,15.81,0,62.58
366.0703125,41.2,27.45,48.6,100,27.39,15.81,0,62.58
366.078125,36.8,24.45,48.6,100,27.39,15.81,0,62.58
366.0859375,31,22,48.6,100,27.39,15.81,0,62.58
366.09375,27.95,20.85,48.6,100,27.39,15.81,0,62.58
366.1015625,29.35,22.1,48.6,100,27.39,15.81,0,62.58
366.109375,32.35,23.8,48.6,100,27.39,15.81,0,62.58
366.1171875,30.25,22.9,48.6,100,27.39,15.81,0,62.58
366.125,28.3,22.2,48.6,100,27.39,15.81,0,62.58
366.1328125,24.05,18.8,48.6,100,27.39,15.81,0,62.58
366.140625,22.7,17.4,48.6,100,27.39,15.81,0,62.58
366.1484375,20.2,15.9,48.6,100,27.39,15.81,0,62.58
366.15625,24.15,18.7,46.7,100,27.53,15.83,0,62.41
366.1640625,25.45,19.15,46.7,100,27.53,15.83,0,62.41
366.171875,25.65,19.7,46.7,100,27.53,15.83,0,62.41
366.1796875,21.65,15.8,46.7,100,27.53,15.83,0,62.41
366.1875,20.95,15.05,46.7,100,27.53,15.83,0,62.41
366.1953125,21,15.5,46.7,100,27.53,15.83,0,62.41
366.203125,23.4,17.55,46.7,100,27.53,15.83,0,62.41
366.2109375,26.15,18.6,46.7,100,27.53,15.83,0,62.41
366.21875,29.2,19.85,46.7,100,27.53,15.83,0,62.41
366.2265625,32.75,20.35,46.7,100,27.53,15.83,0,62.41
366.234375,32.25,19.65,46.7,100,27.53,15.83,0,62.41
366.2421875,30.4,20.15,46.7,100,27.53,15.83,0,62.41
366.25,24.9,18.2,46.7,100,27.53,15.83,0,62.41
366.2578125,20.85,16.3,46.7,100,27.53,15.83,0,62.41
366.265625,12.9,10.85,46.7,100,27.53,15.83,0,62.41
366.2734375,8.25,8,46.7,100,27.53,15.83,0,62.41
366.28125,3.5,4.9,46.7,100,27.53,15.83,0,62.41
366.2890625,2.8,4.6,46.7,100,27.53,15.83,0,62.41
366.296875,-0.15,2.25,46.7,100,27.53,15.83,0,62.41
366.3046875,1.15,2.95,46.7,100,27.53,15.83,0,62.41
366.3125,0.05,1,46.7,100,27.53,15.83,0,62.41
366.3203125,-2.8,-0.6,46.7,100,27.53,15.83,0,62.41
366.328125,-6.7,-2.1,46.7,100,27.53,15.83,0,62.41
366.3359375,-8.95,-2.4,46.7,100,27.53,15.83,0,62.41
366.34375,-11.9,-3.3,46.7,100,27.53,15.83,0,62.41
366.3515625,-17.15,-5.3,46.7,100,27.53,15.83,0,62.41
366.359375,-20.15,-7.2,46.7,100,27.53,15.83,0,62.41
366.3671875,-23.7,-9.6,46.7,100,27.53,15.83,0,62.41
366.375,-24.2,-9.9,46.7,100,27.53,15.83,0,62.41
366.3828125,-25,-10.4,46.7,100,27.53,15.83,0,62.41
366.390625,-22.15,-7.8,46.7,100,27.53,15.83,0,62.41
366.3984375,-27.3,-9.5,46.7,100,27.53,15.83,0,62.41
366.40625,-33.7,-12.6,46.7,100,27.53,15.83,0,62.41
366.4140625,-39.85,-17.65,46.7,100,27.53,15.83,0,62.41
366.421875,-38.75,-17.2,46.7,100,27.53,15.83,0,62.41
366.4296875,-39,-17.5,46.7,100,27.53,15.83,0,62.41
366.4375,-36,-15.7,46.7,100,27.53,15.83,0,62.41
366.4453125,-33.2,-15.8,46.7,100,27.53,15.83,0,62.41
366.453125,-30.85,-15.6,46.7,100,27.53,15.83,0,62.41
366.4609375,-32.1,-16.7,46.7,100,27.53,15.83,0,62.41
366.46875,-35,-17.9,46.7,100,27.53,15.83,0,62.41
366.4765625,-36.3,-19.8,46.7,100,27.53,15.83,0,62.41
366.484375,-37.2,-21.4,46.7,100,27.53,15.83,0,62.41
366.4921875,-32.8,-18.4,46.7,100,27.53,15.83,0,62.41
366.5,-28.2,-14.7,46.7,100,27.53,15.83,0,62.41
366.5078125,-23.65,-12.35,46.7,100,27.53,15.83,0,62.41
366.515625,-25,-14.05,46.7,100,27.53,15.83,0,62.41
366.5234375,-22.55,-11.6,46.7,100,27.53,15.83,0,62.41
366.53125,-20.55,-10.15,46.7,100,27.53,15.83,0,62.41
366.5390625,-16.6,-6.65,46.7,100,27.53,15.83,0,62.41
366.546875,-18.6,-7.25,46.7,100,27.53,15.83,0,62.41
366.5546875,-17.8,-6.75,46.7,100,27.53,15.83,0,62.41
366.5625,-16.9,-6.8,46.7,100,27.53,15.83,0,62.41
366.5703125,-15.2,-4.05,46.7,100,27.53,15.83,0,62.41
366.578125,-12.05,-1.85,46.7,100,27.53,15.83,0,62.41
366.5859375,-9.15,-0.35,46.7,100,27.53,15.83,0,62.41
366.59375,-13.15,-3,46.7,100,27.53,15.83,0,62.41
366.6015625,-20.4,-7.25,46.7,100,27.53,15.83,0,62.41
366.609375,-20.1,-7.25,46.7,100,27.53,15.83,0,62.41
366.6171875,-19.8,-6.85,46.7,100,27.53,15.83,0,62.41
366.625,-17.6,-5.5,46.7,100,27.53,15.83,0,62.41
366.6328125,-17.4,-5,46.7,100,27.53,15.83,0,62.41
366.640625,-14.8,-1.95,46.7,100,27.53,15.83,0,62.41
366.6484375,-14,-1.5,46.7,100,27.53,15.83,0,62.41
366.65625,-7,1.35,46.7,100,27.53,15.83,0,62.41
366.6640625,-2.55,1.75,46.7,100,27.53,15.83,0,62.41
366.671875,4.05,5.3,46.7,100,27.53,15.83,0,62.41
366.6796875,9.05,7.8,46.7,100,27.53,15.83,0,62.41
366.6875,13.5,11.25,46.7,100,27.53,15.83,0,62.41
366.6953125,12.2,11.3,46.7,100,27.53,15.83,0,62.41
366.703125,9.05,10.65,46.7,100,27.53,15.83,0,62.41
366.7109375,4,7.8,46.7,100,27.53,15.83,0,62.41
366.71875,-0.8,5.75,46.7,100,27.53,15.83,0,62.41
366.7265625,-1,5.3,46.7,100,27.53,15.83,0,62.41
366.734375,2.6,6.2,46.7,100,27.53,15.83,0,62.41
366.7421875,8.9,9.1,46.7,100,27.53,15.83,0,62.41
366.75,9.25,9.3,46.7,100,27.53,15.83,0,62.41
366.7578125,10.95,11.1,46.7,100,27.53,15.83,0,62.41
366.765625,12.7,11.85,46.7,100,27.53,15.83,0,62.41
366.7734375,20.55,15.35,46.7,100,27.53,15.83,0,62.41
366.78125,25.75,16.95,46.7,100,27.53,15.83,0,62.41
366.7890625,31.6,20.8,46.7,100,27.53,15.83,0,62.41
366.796875,32.55,21.05,46.7,100,27.53,15.83,0,62.41
366.8046875,34.2,23.45,46.7,100,27.53,15.83,0,62.41
366.8125,32.2,24.55,46.7,100,27.53,15.83,0,62.41
366.8203125,29.95,25,46.7,100,27.53,15.83,0,62.41
366.828125,26.9,22,46.7,100,27.53,15.83,0,62.41
366.8359375,24.05,18.9,46.7,100,27.53,15.83,0,62.41
366.84375,22.25,17.35,46.7,100,27.53,15.83,0,62.41
366.8515625,19.2,16.2,46.7,100,27.53,15.83,0,62.41
366.859375,19.15,16.3,46.7,100,27.53,15.83,0,62.41
366.8671875,23.8,18.45,46.7,100,27.53,15.83,0,62.41
366.875,33.7,23.5,46.7,100,27.53,15.83,0,62.41
366.8828125,37.35,24.9,46.7,100,27.53,15.83,0,62.41
366.890625,38.95,26.4,46.7,100,27.53,15.83,0,62.41
366.8984375,34.2,23.85,46.7,100,27.53,15.83,0,62.41
366.90625,32.2,23.35,46.7,100,27.53,15.83,0,62.41
366.9140625,30.3,22.45,46.7,100,27.53,15.83,0,62.41
366.921875,32.15,23.75,46.7,100,27.53,15.83,0,62.41
366.9296875,34.2,23.15,46.7,100,27.53,15.83,0,62.41
366.9375,40,25.25,46.7,100,27.53,15.83,0,62.41
366.9453125,44.15,25.9,46.7,100,27.53,15.83,0,62.41
366.953125,48.75,28.45,46.7,100,27.53,15.83,0,62.41
366.9609375,53.15,31.4,46.7,100,27.53,15.83,0,62.41
366.96875,53.6,33.25,46.7,100,27.53,15.83,0,62.41
366.9765625,53.4,34.9,46.7,100,27.53,15.83,0,62.41
366.984375,53.85,36.2,46.7,100,27.53,15.83,0,62.41
366.9921875,55.45,37.75,46.7,100,27.53,15.83,0,62.41
367,49.8,35.55,46.7,100,27.53,15.83,0,62.41
367.0078125,48.1,35.45,46.7,100,27.53,15.83,0,62.41
367.015625,47.8,35.75,46.7,100,27.53,15.83,0,62.41
367.0234375,51.5,38.5,46.7,100,27.53,15.83,0,62.41
367.03125,51.55,37.55,46.7,100,27.53,15.83,0,62.41
367.0390625,52.7,38.7,46.7,100,27.53,15.83,0,62.41
367.046875,50,37.35,46.7,100,27.53,15.83,0,62.41
367.0546875,52,39.25,46.7,100,27.53,15.83,0,62.41
367.0625,53.8,40.95,46.7,100,27.53,15.83,0,62.41
367.0703125,56.45,43.15,46.7,100,27.53,15.83,0,62.41
367.078125,57.15,43.1,46.7,100,27.53,15.83,0,62.41
367.0859375,56.05,43,46.7,100,27.53,15.83,0,62.41
367.09375,53.1,41.1,46.7,100,27.53,15.83,0,62.41
367.1015625,49.2,38.3,46.7,100,27.53,15.83,0,62.41
367.109375,48.65,37.45,46.7,100,27.53,15.83,0,62.41
367.1171875,49,36.95,46.7,100,27.53,15.83,0,62.41
367.125,52.45,39.4,46.7,100,27.53,15.83,0,62.41
367.1328125,49.7,38.75,46.7,100,27.53,15.83,0,62.41
367.140625,47.5,38.85,46.7,100,27.53,15.83,0,62.41
367.1484375,43.1,36.65,46.7,100,27.53,15.83,0,62.41
367.15625,42.65,36.45,45.5,100,27.41,15.83,0,62.55
367.1640625,43.75,36,45.5,100,27.41,15.83,0,62.55
367.171875,50.6,39.5,45.5,100,27.41,15.83,0,62.55
367.1796875,52.7,39.4,45.5,100,27.41,15.83,0,62.55
367.1875,52.65,39.45,45.5,100,27.41,15.83,0,62.55
367.1953125,52.15,38.45,45.5,100,27.41,15.83,0,62.55
367.203125,53.5,38.1,45.5,100,27.41,15.83,0,62.55
367.2109375,53.9,37.85,45.5,100,27.41,15.83,0,62.55
367.21875,53.1,38.4,45.5,100,27.41,15.83,0,62.55
367.2265625,55.2,39.9,45.5,100,27.41,15.83,0,62.55
367.234375,55.65,40.8,45.5,100,27.41,15.83,0,62.55
367.2421875,57.55,42.6,45.5,100,27.41,15.83,0,62.55
367.25,58.45,42.9,45.5,100,27.41,15.83,0,62.55
367.2578125,61.15,44.35,45.5,100,27.41,15.83,0,62.55
367.265625,57.05,40.5,45.5,100,27.41,15.83,0,62.55
367.2734375,55.05,38.8,45.5,100,27.41,15.83,0,62.55
367.28125,48.65,35.1,45.5,100,27.41,15.83,0,62.55
367.2890625,45.6,33.85,45.5,100,27.41,15.83,0,62.55
367.296875,46.1,33.65,45.5,100,27.41,15.83,0,62.55
367.3046875,53.1,38.35,45.5,100,27.41,15.83,0,62.55
367.3125,57.65,39.4,45.5,100,27.41,15.83,0,62.55
367.3203125,62.45,40.25,45.5,100,27.41,15.83,0,62.55
367.328125,66.4,40.25,45.5,100,27.41,15.83,0,62.55
367.3359375,68.45,40.3,45.5,100,27.41,15.83,0,62.55
367.34375,69.15,39.9,45.5,100,27.41,15.83,0,62.55
367.3515625,66.05,38.7,45.5,100,27.41,15.83,0,62.55
367.359375,61.95,37.75,45.5,100,27.41,15.83,0,62.55
367.3671875,56.65,35.2,45.5,100,27.41,15.83,0,62.55
367.375,56.75,35.2,45.5,100,27.41,15.83,0,62.55
367.3828125,55.7,34.3,45.5,100,27.41,15.83,0,62.55
367.390625,58.25,35.35,45.5,100,27.41,15.83,0,62.55
367.3984375,57.65,33.8,45.5,100,27.41,15.83,0,62.55
367.40625,56.9,34.05,45.5,100,27.41,15.83,0,62.55
367.4140625,51.1,30.95,45.5,100,27.41,15.83,0,62.55
367.421875,48.25,29.85,45.5,100,27.41,15.83,0,62.55
367.4296875,43.25,27.2,45.5,100,27.41,15.83,0,62.55
367.4375,39.25,25.8,45.5,100,27.41,15.83,0,62.55
367.4453125,34.25,24,45.5,100,27.41,15.83,0,62.55
367.453125,30.15,24.2,45.5,100,27.41,15.83,0,62.55
367.4609375,27.65,24.05,45.5,100,27.41,15.83,0,62.55
367.46875,26.45,24.45,45.5,100,27.41,15.83,0,62.55
367.4765625,27.35,25.2,45.5,100,27.41,15.83,0,62.55
367.484375,26.95,24.1,45.5,100,27.41,15.83,0,62.55
367.4921875,27.1,23.15,45.5,100,27.41,15.83,0,62.55
367.5,22.5,19.2,45.5,100,27.41,15.83,0,62.55
367.5078125,22.3,18.7,45.5,100,27.41,15.83,0,62.55
367.515625,21.6,19.15,45.5,100,27.41,15.83,0,62.55
367.5234375,23.6,22.1,45.5,100,27.41,15.83,0,62.55
367.53125,20.2,20.9,45.5,100,27.41,15.83,0,62.55
367.5390625,17.65,20.7,45.5,100,27.41,15.83,0,62.55
367.546875,15.1,18.7,45.5,100,27.41,15.83,0,62.55
367.5546875,15.8,18.45,45.5,100,27.41,15.83,0,62.55
367.5625,11.75,14.8,45.5,100,27.41,15.83,0,62.55
367.5703125,11.15,14.25,45.5,100,27.41,15.83,0,62.55
367.578125,15,15.95,45.5,100,27.41,15.83,0,62.55
367.5859375,16.75,16.6,45.5,100,27.41,15.83,0,62.55
367.59375,17.35,16.3,45.5,100,27.41,15.83,0,62.55
367.6015625,18.45,16.15,45.5,100,27.41,15.83,0,62.55
367.609375,20.2,16.4,45.5,100,27.41,15.83,0,62.55
367.6171875,17,15,45.5,100,27.41,15.83,0,62.55
367.625,16.5,16.35,45.5,100,27.41,15.83,0,62.55
367.6328125,14.95,16.15,45.5,100,27.41,15.83,0,62.55
367.640625,15.05,16.8,45.5,100,27.41,15.83,0,62.55
367.6484375,8.7,12.45,45.5,100,27.41,15.83,0,62.55
367.65625,3.3,9,45.5,100,27.41,15.83,0,62.55
367.6640625,-4.95,3.15,45.5,100,27.41,15.83,0,62.55
367.671875,-9.45,0.35,45.5,100,27.41,15.83,0,62.55
367.6796875,-13.25,-1.3,45.5,100,27.41,15.83,0,62.55
367.6875,-13.7,1.45,45.5,100,27.41,15.83,0,62.55
367.6953125,-14.25,2,45.5,100,27.41,15.83,0,62.55
367.703125,-12.5,2.5,45.5,100,27.41,15.83,0,62.55
367.7109375,-11.5,2.75,45.5,100,27.41,15.83,0,62.55
367.71875,-16.3,0.85,45.5,100,27.41,15.83,0,62.55
367.7265625,-22.8,-2.85,45.5,100,27.41,15.83,0,62.55
367.734375,-29.1,-7.45,45.5,100,27.41,15.83,0,62.55
367.7421875,-28.15,-7.8,45.5,100,27.41,15.83,0,62.55
367.75,-26.75,-7.1,45.5,100,27.41,15.83,0,62.55
367.7578125,-23.9,-4.95,45.5,100,27.41,15.83,0,62.55
367.765625,-26.2,-5.6,45.5,100,27.41,15.83,0,62.55
367.7734375,-25.3,-3.3,45.5,100,27.41,15.83,0,62.55
367.78125,-24.35,-3.75,45.5,100,27.41,15.83,0,62.55
367.7890625,-20.1,-3.35,45.5,100,27.41,15.83,0,62.55
367.796875,-20.8,-5.35,45.5,100,27.41,15.83,0,62.55
367.8046875,-21.75,-5.65,45.5,100,27.41,15.83,0,62.55
367.8125,-25.2,-7.3,45.5,100,27.41,15.83,0,62.55
367.8203125,-26.55,-5.9,45.5,100,27.41,15.83,0,62.55
367.828125,-27,-5.65,45.5,100,27.41,15.83,0,62.55
367.8359375,-27.95,-7.05,45.5,100,27.41,15.83,0,62.55
367.84375,-26.7,-7.4,45.5,100,27.41,15.83,0,62.55
367.8515625,-24.75,-7.05,45.5,100,27.41,15.83,0,62.55
367.859375,-23.15,-6.15,45.5,100,27.41,15.83,0,62.55
367.8671875,-27.05,-7.95,45.5,100,27.41,15.83,0,62.55
367.875,-28.35,-7.85,45.5,100,27.41,15.83,0,62.55
367.8828125,-31.05,-9.3,45.5,100,27.41,15.83,0,62.55
367.890625,-27.65,-7,45.5,100,27.41,15.83,0,62.55
367.8984375,-24.55,-6.2,45.5,100,27.41,15.83,0,62.55
367.90625,-17.15,-2,45.5,100,27.41,15.83,0,62.55
367.9140625,-12.05,-0.45,45.5,100,27.41,15.83,0,62.55
367.921875,-9.6,0.4,45.5,100,27.41,15.83,0,62.55
367.9296875,-14.1,-2.75,45.5,100,27.41,15.83,0,62.55
367.9375,-16.85,-3.85,45.5,100,27.41,15.83,0,62.55
367.9453125,-19.25,-5.8,45.5,100,27.41,15.83,0,62.55
367.953125,-20.55,-6.1,45.5,100,27.41,15.83,0,62.55
367.9609375,-21.8,-6.2,45.5,100,27.41,15.83,0,62.55
367.96875,-25.25,-6.85,45.5,100,27.41,15.83,0,62.55
367.9765625,-26.95,-7.15,45.5,100,27.41,15.83,0,62.55
367.984375,-28.25,-7.7,45.5,100,27.41,15.83,0,62.55
367.9921875,-24.4,-5.35,45.5,100,27.41,15.83,0,62.55
368,-21.05,-3.6,45.5,100,27.41,15.83,0,62.55
368.0078125,-14.95,-0.15,45.5,100,27.41,15.83,0,62.55
368.015625,-12.6,-0.1,45.5,100,27.41,15.83,0,62.55
368.0234375,-8.6,1.55,45.5,100,27.41,15.83,0,62.55
368.03125,-10.5,0.8,45.5,100,27.41,15.83,0,62.55
368.0390625,-10.25,2.25,45.5,100,27.41,15.83,0,62.55
368.046875,-11.65,1.95,45.5,100,27.41,15.83,0,62.55
368.0546875,-12.35,2.6,45.5,100,27.41,15.83,0,62.55
368.0625,-14.8,0.35,45.5,100,27.41,15.83,0,62.55
368.0703125,-15.6,-0.6,45.5,100,27.41,15.83,0,62.55
368.078125,-16.35,-1.05,45.5,100,27.41,15.83,0,62.55
368.0859375,-15.8,0.55,45.5,100,27.41,15.83,0,62.55
368.09375,-12.9,3.45,45.5,100,27.41,15.83,0,62.55
368.1015625,-7.95,6.55,45.5,100,27.41,15.83,0,62.55
368.109375,1.5,10.65,45.5,100,27.41,15.83,0,62.55
368.1171875,5,11.05,45.5,100,27.41,15.83,0,62.55
368.125,4.65,10.7,45.5,100,27.41,15.83,0,62.55
368.1328125,-1.1,7.75,45.5,100,27.41,15.83,0,62.55
368.140625,-3.4,7.7,45.5,100,27.41,15.83,0,62.55
368.1484375,-7.6,5.4,45.5,100,27.41,15.83,0,62.55
368.15625,-6.7,6.6,45.5,100,27.34,15.69,0,62.54
368.1640625,-8.9,5,45.5,100,27.34,15.69,0,62.54
368.171875,-11.15,3.55,45.5,100,27.34,15.69,0,62.54
368.1796875,-13.5,1.35,45.5,100,27.34,15.69,0,62.54
368.1875,-9.3,4,45.5,100,27.34,15.69,0,62.54
368.1953125,-4.75,6.85,45.5,100,27.34,15.69,0,62.54
368.203125,-2.1,9.2,45.5,100,27.34,15.69,0,62.54
368.2109375,1.2,11.5,45.5,100,27.34,15.69,0,62.54
368.21875,3.25,14,45.5,100,27.34,15.69,0,62.54
368.2265625,3.35,15.35,45.5,100,27.34,15.69,0,62.54
368.234375,0,13.15,45.5,100,27.34,15.69,0,62.54
368.2421875,-0.15,12.9,45.5,100,27.34,15.69,0,62.54
368.25,-3.7,10.85,45.5,100,27.34,15.69,0,62.54
368.2578125,-5.85,8.9,45.5,100,27.34,15.69,0,62.54
368.265625,-8.7,5.15,45.5,100,27.34,15.69,0,62.54
368.2734375,-3.55,7.15,45.5,100,27.34,15.69,0,62.54
368.28125,-1.1,7.7,45.5,100,27.34,15.69,0,62.54
368.2890625,1.3,10.3,45.5,100,27.34,15.69,0,62.54
368.296875,2.1,11.45,45.5,100,27.34,15.69,0,62.54
368.3046875,6.05,14.75,45.5,100,27.34,15.69,0,62.54
368.3125,4.6,14.75,45.5,100,27.34,15.69,0,62.54
368.3203125,2,14.8,45.5,100,27.34,15.69,0,62.54
368.328125,0,13.2,45.5,100,27.34,15.69,0,62.54
368.3359375,-2.05,11.35,45.5,100,27.34,15.69,0,62.54
368.34375,-2.15,10.85,45.5,100,27.34,15.69,0,62.54
368.3515625,1.1,13.1,45.5,100,27.34,15.69,0,62.54
368.359375,9.15,18.25,45.5,100,27.34,15.69,0,62.54
368.3671875,13.7,21.1,45.5,100,27.34,15.69,0,62.54
368.375,17.8,23.9,45.5,100,27.34,15.69,0,62.54
368.3828125,16.4,22.9,45.5,100,27.34,15.69,0,62.54
368.390625,16.85,23.6,45.5,100,27.34,15.69,0,62.54
368.3984375,15.2,22.95,45.5,100,27.34,15.69,0,62.54
368.40625,19.5,25.65,45.5,100,27.34,15.69,0,62.54
368.4140625,22.95,25.7,45.5,100,27.34,15.69,0,62.54
368.421875,26.65,27.45,45.5,100,27.34,15.69,0,62.54
368.4296875,24.35,25.75,45.5,100,27.34,15.69,0,62.54
368.4375,22.55,25.05,45.5,100,27.34,15.69,0,62.54
368.4453125,19.8,23.9,45.5,100,27.34,15.69,0,62.54
368.453125,16,22.8,45.5,100,27.34,15.69,0,62.54
368.4609375,13.55,21.5,45.5,100,27.34,15.69,0,62.54
368.46875,13.25,22.3,45.5,100,27.34,15.69,0,62.54
368.4765625,13.25,23.8,45.5,100,27.34,15.69,0,62.54
368.484375,9.65,22,45.5,100,27.34,15.69,0,62.54
368.4921875,8.85,21.55,45.5,100,27.34,15.69,0,62.54
368.5,7.7,21,45.5,100,27.34,15.69,0,62.54
368.5078125,15.9,25.4,45.5,100,27.34,15.69,0,62.54
368.515625,24.8,28.25,45.5,100,27.34,15.69,0,62.54
368.5234375,30.25,30.15,45.5,100,27.34,15.69,0,62.54
368.53125,26.3,27.2,45.5,100,27.34,15.69,0,62.54
368.5390625,22.8,25.2,45.5,100,27.34,15.69,0,62.54
368.546875,15.95,21.1,45.5,100,27.34,15.69,0,62.54
368.5546875,14.4,22,45.5,100,27.34,15.69,0,62.54
368.5625,17.1,24.1,45.5,100,27.34,15.69,0,62.54
368.5703125,20.3,27,45.5,100,27.34,15.69,0,62.54
368.578125,19.6,27,45.5,100,27.34,15.69,0,62.54
368.5859375,18.8,25.75,45.5,100,27.34,15.69,0,62.54
368.59375,23.8,26.6,45.5,100,27.34,15.69,0,62.54
368.6015625,31,29.2,45.5,100,27.34,15.69,0,62.54
368.609375,35.9,31.05,45.5,100,27.34,15.69,0,62.54
368.6171875,31.25,28.75,45.5,100,27.34,15.69,0,62.54
368.625,28.85,29.2,45.5,100,27.34,15.69,0,62.54
368.6328125,25.3,27.35,45.5,100,27.34,15.69,0,62.54
368.640625,25.95,28.25,45.5,100,27.34,15.69,0,62.54
368.6484375,24.85,27.4,45.5,100,27.34,15.69,0,62.54
368.65625,26.85,28.25,45.5,100,27.34,15.69,0,62.54
368.6640625,28.25,27.65,45.5,100,27.34,15.69,0,62.54
368.671875,34.85,30.6,45.5,100,27.34,15.69,0,62.54
368.6796875,38.75,31.1,45.5,100,27.34,15.69,0,62.54
368.6875,43.15,33.7,45.5,100,27.34,15.69,0,62.54
368.6953125,46.6,35.4,45.5,100,27.34,15.69,0,62.54
368.703125,47,36.55,45.5,100,27.34,15.69,0,62.54
368.7109375,44.95,37.5,45.5,100,27.34,15.69,0,62.54
368.71875,41.95,38.4,45.5,100,27.34,15.69,0,62.54
368.7265625,41.85,39.8,45.5,100,27.34,15.69,0,62.54
368.734375,40.65,38.95,45.5,100,27.34,15.69,0,62.54
368.7421875,42.15,39.35,45.5,100,27.34,15.69,0,62.54
368.75,43.7,40.2,45.5,100,27.34,15.69,0,62.54
368.7578125,51.55,45.3,45.5,100,27.34,15.69,0,62.54
368.765625,54.45,46.65,45.5,100,27.34,15.69,0,62.54
368.7734375,55.45,48.15,45.5,100,27.34,15.69,0,62.54
368.78125,51.4,45.5,45.5,100,27.34,15.69,0,62.54
368.7890625,47.9,43.55,45.5,100,27.34,15.69,0,62.54
368.796875,43.3,40.1,45.5,100,27.34,15.69,0,62.54
368.8046875,44.35,39.4,45.5,100,27.34,15.69,0,62.54
368.8125,44.5,36.45,45.5,100,27.34,15.69,0,62.54
368.8203125,43.1,34.25,45.5,100,27.34,15.69,0,62.54
368.828125,41,31.45,45.5,100,27.34,15.69,0,62.54
368.8359375,38,28.35,45.5,100,27.34,15.69,0,62.54
368.84375,36.25,26.05,45.5,100,27.34,15.69,0,62.54
368.8515625,33.4,24.2,45.5,100,27.34,15.69,0,62.54
368.859375,32.7,24.5,45.5,100,27.34,15.69,0,62.54
368.8671875,29.65,24.3,45.5,100,27.34,15.69,0,62.54
368.875,29.95,25.85,45.5,100,27.34,15.69,0,62.54
368.8828125,27.9,25.45,45.5,100,27.34,15.69,0,62.54
368.890625,29.3,27.6,45.5,100,27.34,15.69,0,62.54
368.8984375,26.6,26.65,45.5,100,27.34,15.69,0,62.54
368.90625,25.75,26.35,45.5,100,27.34,15.69,0,62.54
368.9140625,21.55,23.45,45.5,100,27.34,15.69,0,62.54
368.921875,19.5,23.2,45.5,100,27.34,15.69,0,62.54
368.9296875,17.2,21.2,45.5,100,27.34,15.69,0,62.54
368.9375,18.5,20.5,45.5,100,27.34,15.69,0,62.54
368.9453125,18.65,19.25,45.5,100,27.34,15.69,0,62.54
368.953125,18.6,20.5,45.5,100,27.34,15.69,0,62.54
368.9609375,19.6,22.65,45.5,100,27.34,15.69,0,62.54
368.96875,19.95,23.4,45.5,100,27.34,15.69,0,62.54
368.9765625,20.8,23.3,45.5,100,27.34,15.69,0,62.54
368.984375,16.55,21.35,45.5,100,27.34,15.69,0,62.54
368.9921875,12.8,20.05,45.5,100,27.34,15.69,0,62.54
369,8.55,17.3,45.5,100,27.34,15.69,0,62.54
369.0078125,9.75,17.85,45.5,100,27.34,15.69,0,62.54
369.015625,7.8,16.5,45.5,100,27.34,15.69,0,62.54
369.0234375,10.1,19.25,45.5,100,27.34,15.69,0,62.54
369.03125,14.6,22.1,45.5,100,27.34,15.69,0,62.54
369.0390625,22.15,26.3,45.5,100,27.34,15.69,0,62.54
369.046875,23.95,26.35,45.5,100,27.34,15.69,0,62.54
369.0546875,26.35,28.65,45.5,100,27.34,15.69,0,62.54
369.0625,24.55,28.6,45.5,100,27.34,15.69,0,62.54
369.0703125,18.65,27,45.5,100,27.34,15.69,0,62.54
369.078125,11.9,24.2,45.5,100,27.34,15.69,0,62.54
369.0859375,6.6,22.45,45.5,100,27.34,15.69,0,62.54
369.09375,4.65,21.1,45.5,100,27.34,15.69,0,62.54
369.1015625,6.85,21.05,45.5,100,27.34,15.69,0,62.54
369.109375,11.95,23,45.5,100,27.34,15.69,0,62.54
369.1171875,11.6,22.4,45.5,100,27.34,15.69,0,62.54
369.125,12.95,23.55,45.5,100,27.34,15.69,0,62.54
369.1328125,10.5,22,45.5,100,27.34,15.69,0,62.54
369.140625,10.6,22.25,45.5,100,27.34,15.69,0,62.54
369.1484375,9.7,22.3,45.5,100,27.34,15.69,0,62.54
369.15625,11.4,25.35,46.1,100,27.09,15.73,0,62.48
369.1640625,9.9,24.95,46.1,100,27.09,15.73,0,62.48
369.171875,12.45,27.3,46.1,100,27.09,15.73,0,62.48
369.1796875,13.5,27.75,46.1,100,27.09,15.73,0,62.48
369.1875,14.6,28.1,46.1,100,27.09,15.73,0,62.48
369.1953125,16.8,28.9,46.1,100,27.09,15.73,0,62.48
369.203125,19.55,30.95,46.1,100,27.09,15.73,0,62.48
369.2109375,20.9,32,46.1,100,27.09,15.73,0,62.48
369.21875,22.6,33.65,46.1,100,27.09,15.73,0,62.48
369.2265625,26.6,34.85,46.1,100,27.09,15.73,0,62.48
369.234375,24.5,31.8,46.1,100,27.09,15.73,0,62.48
369.2421875,22.3,30.3,46.1,100,27.09,15.73,0,62.48
369.25,18.8,28.65,46.1,100,27.09,15.73,0,62.48
369.2578125,19.55,29.7,46.1,100,27.09,15.73,0,62.48
369.265625,18.7,29.45,46.1,100,27.09,15.73,0,62.48
369.2734375,19.85,31.6,46.1,100,27.09,15.73,0,62.48
369.28125,14.1,29.8,46.1,100,27.09,15.73,0,62.48
369.2890625,12.55,30.7,46.1,100,27.09,15.73,0,62.48
369.296875,13.45,31.2,46.1,100,27.09,15.73,0,62.48
369.3046875,15.5,32.4,46.1,100,27.09,15.73,0,62.48
369.3125,13.85,31.6,46.1,100,27.09,15.73,0,62.48
369.3203125,13,31.7,46.1,100,27.09,15.73,0,62.48
369.328125,11.65,29.75,46.1,100,27.09,15.73,0,62.48
369.3359375,10.65,28.25,46.1,100,27.09,15.73,0,62.48
369.34375,12.35,29.8,46.1,100,27.09,15.73,0,62.48
369.3515625,13.6,30.85,46.1,100,27.09,15.73,0,62.48
369.359375,14.8,30.95,46.1,100,27.09,15.73,0,62.48
369.3671875,11.65,29.2,46.1,100,27.09,15.73,0,62.48
369.375,14,30.9,46.1,100,27.09,15.73,0,62.48
369.3828125,17.8,32.1,46.1,100,27.09,15.73,0,62.48
369.390625,21.85,34.4,46.1,100,27.09,15.73,0,62.48
369.3984375,18.7,32.1,46.1,100,27.09,15.73,0,62.48
369.40625,16.25,31.45,46.1,100,27.09,15.73,0,62.48
369.4140625,11.85,28.5,46.1,100,27.09,15.73,0,62.48
369.421875,14.1,29.25,46.1,100,27.09,15.73,0,62.48
369.4296875,15.3,29.95,46.1,100,27.09,15.73,0,62.48
369.4375,12.7,30.85,46.1,100,27.09,15.73,0,62.48
369.4453125,7.4,29.1,46.1,100,27.09,15.73,0,62.48
369.453125,5.6,28.9,46.1,100,27.09,15.73,0,62.48
369.4609375,7.4,29.8,46.1,100,27.09,15.73,0,62.48
369.46875,9.65,30.15,46.1,100,27.09,15.73,0,62.48
369.4765625,14.45,31.85,46.1,100,27.09,15.73,0,62.48
369.484375,16.45,32.15,46.1,100,27.09,15.73,0,62.48
369.4921875,19.55,33.9,46.1,100,27.09,15.73,0,62.48
369.5,19.45,34.7,46.1,100,27.09,15.73,0,62.48
369.5078125,21.5,36.9,46.1,100,27.09,15.73,0,62.48
369.515625,21.7,35.05,46.1,100,27.09,15.73,0,62.48
369.5234375,28.35,36.65,46.1,100,27.09,15.73,0,62.48
369.53125,30.3,35.65,46.1,100,27.09,15.73,0,62.48
369.5390625,26.95,33.7,46.1,100,27.09,15.73,0,62.48
369.546875,17.15,27.9,46.1,100,27.09,15.73,0,62.48
369.5546875,11.6,24.8,46.1,100,27.09,15.73,0,62.48
369.5625,11.2,24.45,46.1,100,27.09,15.73,0,62.48
369.5703125,17.55,29.3,46.1,100,27.09,15.73,0,62.48
369.578125,24.05,32.65,46.1,100,27.09,15.73,0,62.48
369.5859375,29.3,35.7,46.1,100,27.09,15.73,0,62.48
369.59375,37.65,40.65,46.1,100,27.09,15.73,0,62.48
369.6015625,42,42.85,46.1,100,27.09,15.73,0,62.48
369.609375,45.4,44.1,46.1,100,27.09,15.73,0,62.48
369.6171875,44.6,42.7,46.1,100,27.09,15.73,0,62.48
369.625,44.35,41.85,46.1,100,27.09,15.73,0,62.48
369.6328125,41.1,38.5,46.1,100,27.09,15.73,0,62.48
369.640625,40.05,36.6,46.1,100,27.09,15.73,0,62.48
369.6484375,31.85,30.75,46.1,100,27.09,15.73,0,62.48
369.65625,26.95,28.55,46.1,100,27.09,15.73,0,62.48
369.6640625,21.85,24.45,46.1,100,27.09,15.73,0,62.48
369.671875,20.75,23.05,46.1,100,27.09,15.73,0,62.48
369.6796875,20.9,22.2,46.1,100,27.09,15.73,0,62.48
369.6875,23.95,23.55,46.1,100,27.09,15.73,0,62.48
369.6953125,24.45,22.6,46.1,100,27.09,15.73,0,62.48
369.703125,26.2,22.5,46.1,100,27.09,15.73,0,62.48
369.7109375,27.85,21.25,46.1,100,27.09,15.73,0,62.48
369.71875,26.5,19.15,46.1,100,27.09,15.73,0,62.48
369.7265625,27.3,19.5,46.1,100,27.09,15.73,0,62.48
369.734375,25.3,18.75,46.1,100,27.09,15.73,0,62.48
369.7421875,21.75,18.1,46.1,100,27.09,15.73,0,62.48
369.75,15.5,14.85,46.1,100,27.09,15.73,0,62.48
369.7578125,13.25,13.65,46.1,100,27.09,15.73,0,62.48
369.765625,8.05,11.45,46.1,100,27.09,15.73,0,62.48
369.7734375,9.25,14.3,46.1,100,27.09,15.73,0,62.48
369.78125,11.65,15.55,46.1,100,27.09,15.73,0,62.48
369.7890625,16.5,16.95,46.1,100,27.09,15.73,0,62.48
369.796875,18.15,15.45,46.1,100,27.09,15.73,0,62.48
369.8046875,19.25,15.95,46.1,100,27.09,15.73,0,62.48
369.8125,16.2,15.35,46.1,100,27.09,15.73,0,62.48
369.8203125,15.45,16.6,46.1,100,27.09,15.73,0,62.48
369.828125,17.4,17.35,46.1,100,27.09,15.73,0,62.48
369.8359375,19.25,17.05,46.1,100,27.09,15.73,0,62.48
369.84375,21.95,17.05,46.1,100,27.09,15.73,0,62.48
369.8515625,22.85,17.25,46.1,100,27.09,15.73,0,62.48
369.859375,23.85,18.4,46.1,100,27.09,15.73,0,62.48
369.8671875,21.6,17.4,46.1,100,27.09,15.73,0,62.48
369.875,23.3,18.25,46.1,100,27.09,15.73,0,62.48
369.8828125,22,15.9,46.1,100,27.09,15.73,0,62.48
369.890625,23.15,16.7,46.1,100,27.09,15.73,0,62.48
369.8984375,22.85,17.55,46.1,100,27.09,15.73,0,62.48
369.90625,24.9,21.15,46.1,100,27.09,15.73,0,62.48
369.9140625,21.2,20.6,46.1,100,27.09,15.73,0,62.48
369.921875,21.1,20.3,46.1,100,27.09,15.73,0,62.48
369.9296875,20.05,16.65,46.1,100,27.09,15.73,0,62.48
369.9375,17.6,14.35,46.1,100,27.09,15.73,0,62.48
369.9453125,14.45,12.75,46.1,100,27.09,15.73,0,62.48
369.953125,10.8,12.55,46.1,100,27.09,15.73,0,62.48
369.9609375,6.5,12.5,46.1,100,27.09,15.73,0,62.48
369.96875,5,12.9,46.1,100,27.09,15.73,0,62.48
369.9765625,7.3,14.15,46.1,100,27.09,15.73,0,62.48
369.984375,7.6,12.3,46.1,100,27.09,15.73,0,62.48
369.9921875,13.55,11.15,46.1,100,27.09,15.73,0,62.48
370,17.7,9.75,46.1,100,27.09,15.73,0,62.48
370.0078125,23.15,12.6,46.1,100,27.09,15.73,0,62.48
370.015625,24.15,13.5,46.1,100,27.09,15.73,0,62.48
370.0234375,25.4,16.35,46.1,100,27.09,15.73,0,62.48
370.03125,22.7,16,46.1,100,27.09,15.73,0,62.48
370.0390625,21.05,15.5,46.1,100,27.09,15.73,0,62.48
370.046875,14.55,11.95,46.1,100,27.09,15.73,0,62.48
370.0546875,14.9,13.15,46.1,100,27.09,15.73,0,62.48
370.0625,19.7,14.65,46.1,100,27.09,15.73,0,62.48
370.0703125,21.8,14.5,46.1,100,27.09,15.73,0,62.48
370.078125,18.8,10.95,46.1,100,27.09,15.73,0,62.48
370.0859375,16.75,8.15,46.1,100,27.09,15.73,0,62.48
370.09375,17.8,8.3,46.1,100,27.09,15.73,0,62.48
370.1015625,17.55,9.8,46.1,100,27.09,15.73,0,62.48
370.109375,19.55,12.9,46.1,100,27.09,15.73,0,62.48
370.1171875,19.5,13.35,46.1,100,27.09,15.73,0,62.48
370.125,21.9,14.45,46.1,100,27.09,15.73,0,62.48
370.1328125,21.1,12.05,46.1,100,27.09,15.73,0,62.48
370.140625,22.8,11.6,46.1,100,27.09,15.73,0,62.48
370.1484375,18.15,8.4,46.1,100,27.09,15.73,0,62.48
370.15625,14.6,8.5,46.6,100,27.11,15.63,0,62.57
370.1640625,12.05,8.65,46.6,100,27.11,15.63,0,62.57
370.171875,14,11.25,46.6,100,27.11,15.63,0,62.57
370.1796875,15.7,12.35,46.6,100,27.11,15.63,0,62.57
370.1875,22.7,17.5,46.6,100,27.11,15.63,0,62.57
370.1953125,27.7,21.5,46.6,100,27.11,15.63,0,62.57
370.203125,27.95,22.9,46.6,100,27.11,15.63,0,62.57
370.2109375,27.45,22.35,46.6,100,27.11,15.63,0,62.57
370.21875,24.35,21.05,46.6,100,27.11,15.63,0,62.57
370.2265625,21.7,20.5,46.6,100,27.11,15.63,0,62.57
370.234375,18.1,19.3,46.6,100,27.11,15.63,0,62.57
370.2421875,17.75,19.1,46.6,100,27.11,15.63,0,62.57
370.25,14.5,16.9,46.6,100,27.11,15.63,0,62.57
370.2578125,14.45,17.8,46.6,100,27.11,15.63,0,62.57
370.265625,14.1,18.2,46.6,100,27.11,15.63,0,62.57
370.2734375,20.7,22.45,46.6,100,27.11,15.63,0,62.57
370.28125,24.25,24.55,46.6,100,27.11,15.63,0,62.57
370.2890625,29.75,29.2,46.6,100,27.11,15.63,0,62.57
370.296875,33.6,32,46.6,100,27.11,15.63,0,62.57
370.3046875,36.15,33.4,46.6,100,27.11,15.63,0,62.57
370.3125,34.2,30.5,46.6,100,27.11,15.63,0,62.57
370.3203125,34.2,29.85,46.6,100,27.11,15.63,0,62.57
370.328125,33.25,29.4,46.6,100,27.11,15.63,0,62.57
370.3359375,29.25,27.85,46.6,100,27.11,15.63,0,62.57
370.34375,26.55,26.45,46.6,100,27.11,15.63,0,62.57
370.3515625,25.7,24.45,46.6,100,27.11,15.63,0,62.57
370.359375,27.4,22.7,46.6,100,27.11,15.63,0,62.57
370.3671875,23.65,18.7,46.6,100,27.11,15.63,0,62.57
370.375,22.75,18.3,46.6,100,27.11,15.63,0,62.57
370.3828125,21.15,17.75,46.6,100,27.11,15.63,0,62.57
370.390625,18.95,18.05,46.6,100,27.11,15.63,0,62.57
370.3984375,13,14.45,46.6,100,27.11,15.63,0,62.57
370.40625,14.35,14.5,46.6,100,27.11,15.63,0,62.57
370.4140625,13.9,11.9,46.6,100,27.11,15.63,0,62.57
370.421875,14.95,11.15,46.6,100,27.11,15.63,0,62.57
370.4296875,16.6,10.6,46.6,100,27.11,15.63,0,62.57
370.4375,20.1,12.5,46.6,100,27.11,15.63,0,62.57
370.4453125,21.7,12.65,46.6,100,27.11,15.63,0,62.57
370.453125,23.6,15.35,46.6,100,27.11,15.63,0,62.57
370.4609375,26.75,19.3,46.6,100,27.11,15.63,0,62.57
370.46875,28.7,22,46.6,100,27.11,15.63,0,62.57
370.4765625,32.8,23.65,46.6,100,27.11,15.63,0,62.57
370.484375,34.25,23.7,46.6,100,27.11,15.63,0,62.57
370.4921875,36.55,26,46.6,100,27.11,15.63,0,62.57
370.5,35.5,26.6,46.6,100,27.11,15.63,0,62.57
370.5078125,35.45,27.75,46.6,100,27.11,15.63,0,62.57
370.515625,28.9,25.65,46.6,100,27.11,15.63,0,62.57
370.5234375,27.7,26.8,46.6,100,27.11,15.63,0,62.57
370.53125,28.5,26.6,46.6,100,27.11,15.63,0,62.57
370.5390625,32.55,28.85,46.6,100,27.11,15.63,0,62.57
370.546875,33.05,28.85,46.6,100,27.11,15.63,0,62.57
370.5546875,36,30.6,46.6,100,27.11,15.63,0,62.57
370.5625,38.8,32.2,46.6,100,27.11,15.63,0,62.57
370.5703125,40.65,33.65,46.6,100,27.11,15.63,0,62.57
370.578125,36.8,30.8,46.6,100,27.11,15.63,0,62.57
370.5859375,31.5,27.2,46.6,100,27.11,15.63,0,62.57
370.59375,30.8,25.7,46.6,100,27.11,15.63,0,62.57
370.6015625,29.25,24.25,46.6,100,27.11,15.63,0,62.57
370.609375,30,26.55,46.6,100,27.11,15.63,0,62.57
370.6171875,30.1,27.75,46.6,100,27.11,15.63,0,62.57
370.625,31.3,28.5,46.6,100,27.11,15.63,0,62.57
370.6328125,29.85,26.4,46.6,100,27.11,15.63,0,62.57
370.640625,33.3,28,46.6,100,27.11,15.63,0,62.57
370.6484375,34.7,27.95,46.6,100,27.11,15.63,0,62.57
370.65625,38.55,31.55,46.6,100,27.11,15.63,0,62.57
370.6640625,36.9,31.5,46.6,100,27.11,15.63,0,62.57
370.671875,34.1,30.1,46.6,100,27.11,15.63,0,62.57
370.6796875,30.8,26.2,46.6,100,27.11,15.63,0,62.57
370.6875,29.95,24.25,46.6,100,27.11,15.63,0,62.57
370.6953125,29.25,22.5,46.6,100,27.11,15.63,0,62.57
370.703125,29.95,23.7,46.6,100,27.11,15.63,0,62.57
370.7109375,31.75,25.65,46.6,100,27.11,15.63,0,62.57
370.71875,31.1,25.9,46.6,100,27.11,15.63,0,62.57
370.7265625,31.4,26.35,46.6,100,27.11,15.63,0,62.57
370.734375,28.4,25.3,46.6,100,27.11,15.63,0,62.57
370.7421875,28.55,26.75,46.6,100,27.11,15.63,0,62.57
370.75,28.4,26.25,46.6,100,27.11,15.63,0,62.57
370.7578125,33.75,28.3,46.6,100,27.11,15.63,0,62.57
370.765625,37.45,29.25,46.6,100,27.11,15.63,0,62.57
370.7734375,44.35,32.9,46.6,100,27.11,15.63,0,62.57
370.78125,46.3,32.5,46.6,100,27.11,15.63,0,62.57
370.7890625,48.55,33.5,46.6,100,27.11,15.63,0,62.57
370.796875,46.4,31.65,46.6,100,27.11,15.63,0,62.57
370.8046875,44.65,31.05,46.6,100,27.11,15.63,0,62.57
370.8125,40.45,29.5,46.6,100,27.11,15.63,0,62.57
370.8203125,35.9,28.45,46.6,100,27.11,15.63,0,62.57
370.828125,34.7,28.15,46.6,100,27.11,15.63,0,62.57
370.8359375,40.3,31.65,46.6,100,27.11,15.63,0,62.57
370.84375,47.25,34.55,46.6,100,27.11,15.63,0,62.57
370.8515625,48.65,33.5,46.6,100,27.11,15.63,0,62.57
370.859375,51.2,34.05,46.6,100,27.11,15.63,0,62.57
370.8671875,48.25,32.85,46.6,100,27.11,15.63,0,62.57
370.875,44.4,32.2,46.6,100,27.11,15.63,0,62.57
370.8828125,38.4,29.75,46.6,100,27.11,15.63,0,62.57
370.890625,35.65,29.25,46.6,100,27.11,15.63,0,62.57
370.8984375,31.9,27.6,46.6,100,27.11,15.63,0,62.57
370.90625,33.45,29.55,46.6,100,27.11,15.63,0,62.57
370.9140625,32.5,29.8,46.6,100,27.11,15.63,0,62.57
370.921875,35.8,33.2,46.6,100,27.11,15.63,0,62.57
370.9296875,44.35,37.25,46.6,100,27.11,15.63,0,62.57
370.9375,54.25,42.15,46.6,100,27.11,15.63,0,62.57
370.9453125,57.7,43.45,46.6,100,27.11,15.63,0,62.57
370.953125,57.35,43.4,46.6,100,27.11,15.63,0,62.57
370.9609375,57.75,43.9,46.6,100,27.11,15.63,0,62.57
370.96875,57.95,44.05,46.6,100,27.11,15.63,0,62.57
370.9765625,58.85,43.7,46.6,100,27.11,15.63,0,62.57
370.984375,57.45,42.65,46.6,100,27.11,15.63,0,62.57
370.9921875,60.2,44.7,46.6,100,27.11,15.63,0,62.57
371,58.7,44.15,46.6,100,27.11,15.63,0,62.57
371.0078125,59.3,46.15,46.6,100,27.11,15.63,0,62.57
371.015625,58.6,46.4,46.6,100,27.11,15.63,0,62.57
371.0234375,58.75,46.9,46.6,100,27.11,15.63,0,62.57
371.03125,53.7,43.5,46.6,100,27.11,15.63,0,62.57
371.0390625,52.4,42.7,46.6,100,27.11,15.63,0,62.57
371.046875,50.2,41.2,46.6,100,27.11,15.63,0,62.57
371.0546875,49.3,42.1,46.6,100,27.11,15.63,0,62.57
371.0625,45.1,40.65,46.6,100,27.11,15.63,0,62.57
371.0703125,40.45,39.3,46.6,100,27.11,15.63,0,62.57
371.078125,39.6,38.95,46.6,100,27.11,15.63,0,62.57
371.0859375,43.95,41.05,46.6,100,27.11,15.63,0,62.57
371.09375,50.75,44.05,46.6,100,27.11,15.63,0,62.57
371.1015625,51.5,43.7,46.6,100,27.11,15.63,0,62.57
371.109375,49.2,42.15,46.6,100,27.11,15.63,0,62.57
371.1171875,44.55,39.45,46.6,100,27.11,15.63,0,62.57
371.125,41.85,37.15,46.6,100,27.11,15.63,0,62.57
371.1328125,35,32.15,46.6,100,27.11,15.63,0,62.57
371.140625,33.05,31.9,46.6,100,27.11,15.63,0,62.57
371.1484375,29.8,30.2,46.6,100,27.11,15.63,0,62.57
371.15625,30.35,31.3,44.8,100,26.76,15.53,0,62.89
371.1640625,35.05,33.25,44.8,100,26.76,15.53,0,62.89
371.171875,46,38.6,44.8,100,26.76,15.53,0,62.89
371.1796875,52.5,40.8,44.8,100,26.76,15.53,0,62.89
371.1875,54.95,41.55,44.8,100,26.76,15.53,0,62.89
371.1953125,54,40.1,44.8,100,26.76,15.53,0,62.89
371.203125,51.7,40,44.8,100,26.76,15.53,0,62.89
371.2109375,48.85,38.85,44.8,100,26.76,15.53,0,62.89
371.21875,44,34.85,44.8,100,26.76,15.53,0,62.89
371.2265625,42.35,33.15,44.8,100,26.76,15.53,0,62.89
371.234375,40.75,32.35,44.8,100,26.76,15.53,0,62.89
371.2421875,43.5,33.7,44.8,100,26.76,15.53,0,62.89
371.25,43.5,33.2,44.8,100,26.76,15.53,0,62.89
371.2578125,45.85,35.05,44.8,100,26.76,15.53,0,62.89
371.265625,45.6,35.5,44.8,100,26.76,15.53,0,62.89
371.2734375,45.75,37.9,44.8,100,26.76,15.53,0,62.89
371.28125,40,36.1,44.8,100,26.76,15.53,0,62.89
371.2890625,39.25,36.7,44.8,100,26.76,15.53,0,62.89
371.296875,37.85,35.15,44.8,100,26.76,15.53,0,62.89
371.3046875,38.35,33.35,44.8,100,26.76,15.53,0,62.89
371.3125,39.5,31.15,44.8,100,26.76,15.53,0,62.89
371.3203125,42.05,32.35,44.8,100,26.76,15.53,0,62.89
371.328125,44.55,33.85,44.8,100,26.76,15.53,0,62.89
371.3359375,47.85,35.35,44.8,100,26.76,15.53,0,62.89
371.34375,50.3,36.75,44.8,100,26.76,15.53,0,62.89
371.3515625,47,34.8,44.8,100,26.76,15.53,0,62.89
371.359375,42.85,31.6,44.8,100,26.76,15.53,0,62.89
371.3671875,37.45,27.95,44.8,100,26.76,15.53,0,62.89
371.375,37.25,28.95,44.8,100,26.76,15.53,0,62.89
371.3828125,35.15,28.6,44.8,100,26.76,15.53,0,62.89
371.390625,38.85,31.3,44.8,100,26.76,15.53,0,62.89
371.3984375,42.35,32.4,44.8,100,26.76,15.53,0,62.89
371.40625,45.35,34.4,44.8,100,26.76,15.53,0,62.89
371.4140625,43.3,31.8,44.8,100,26.76,15.53,0,62.89
371.421875,43.85,30.7,44.8,100,26.76,15.53,0,62.89
371.4296875,42.45,28.65,44.8,100,26.76,15.53,0,62.89
371.4375,41.7,29.3,44.8,100,26.76,15.53,0,62.89
371.4453125,39.5,27.7,44.8,100,26.76,15.53,0,62.89
371.453125,37.75,27.2,44.8,100,26.76,15.53,0,62.89
371.4609375,39.9,29.6,44.8,100,26.76,15.53,0,62.89
371.46875,41.5,31.35,44.8,100,26.76,15.53,0,62.89
371.4765625,43.6,31.75,44.8,100,26.76,15.53,0,62.89
371.484375,44.1,30.75,44.8,100,26.76,15.53,0,62.89
371.4921875,45.45,31.1,44.8,100,26.76,15.53,0,62.89
371.5,41.5,29.05,44.8,100,26.76,15.53,0,62.89
371.5078125,41.5,30,44.8,100,26.76,15.53,0,62.89
371.515625,40.7,29.9,44.8,100,26.76,15.53,0,62.89
371.5234375,42.85,31.95,44.8,100,26.76,15.53,0,62.89
371.53125,41.35,31.4,44.8,100,26.76,15.53,0,62.89
371.5390625,45.3,33.2,44.8,100,26.76,15.53,0,62.89
371.546875,51.15,34.35,44.8,100,26.76,15.53,0,62.89
371.5546875,57.9,36.95,44.8,100,26.76,15.53,0,62.89
371.5625,59.45,37.95,44.8,100,26.76,15.53,0,62.89
371.5703125,56.35,38.2,44.8,100,26.76,15.53,0,62.89
371.578125,49.7,36.1,44.8,100,26.76,15.53,0,62.89
371.5859375,44.75,33.75,44.8,100,26.76,15.53,0,62.89
371.59375,44.05,32.7,44.8,100,26.76,15.53,0,62.89
371.6015625,43.35,32.05,44.8,100,26.76,15.53,0,62.89
371.609375,47.75,35.05,44.8,100,26.76,15.53,0,62.89
371.6171875,50.85,37.05,44.8,100,26.76,15.53,0,62.89
371.625,55.3,39.65,44.8,100,26.76,15.53,0,62.89
371.6328125,55.75,38.45,44.8,100,26.76,15.53,0,62.89
371.640625,56.15,38.05,44.8,100,26.76,15.53,0,62.89
371.6484375,52.25,35,44.8,100,26.76,15.53,0,62.89
371.65625,52.7,36.5,44.8,100,26.76,15.53,0,62.89
371.6640625,49.25,35.7,44.8,100,26.76,15.53,0,62.89
371.671875,46.85,35.6,44.8,100,26.76,15.53,0,62.89
371.6796875,46.25,34.1,44.8,100,26.76,15.53,0,62.89
371.6875,50.9,35.4,44.8,100,26.76,15.53,0,62.89
371.6953125,54.9,35.9,44.8,100,26.76,15.53,0,62.89
371.703125,54.75,36.2,44.8,100,26.76,15.53,0,62.89
371.7109375,51.5,35.7,44.8,100,26.76,15.53,0,62.89
371.71875,49.4,36.75,44.8,100,26.76,15.53,0,62.89
371.7265625,52.15,39.55,44.8,100,26.76,15.53,0,62.89
371.734375,54.15,40.65,44.8,100,26.76,15.53,0,62.89
371.7421875,56.75,42.25,44.8,100,26.76,15.53,0,62.89
371.75,52.45,40.15,44.8,100,26.76,15.53,0,62.89
371.7578125,48.75,38.9,44.8,100,26.76,15.53,0,62.89
371.765625,44.05,36.3,44.8,100,26.76,15.53,0,62.89
371.7734375,46.2,38.05,44.8,100,26.76,15.53,0,62.89
371.78125,46.85,40.25,44.8,100,26.76,15.53,0,62.89
371.7890625,49.45,44.3,44.8,100,26.76,15.53,0,62.89
371.796875,49.3,43.4,44.8,100,26.76,15.53,0,62.89
371.8046875,50.5,43.9,44.8,100,26.76,15.53,0,62.89
371.8125,50.3,44.05,44.8,100,26.76,15.53,0,62.89
371.8203125,50.8,43.9,44.8,100,26.76,15.53,0,62.89
371.828125,50.2,43.5,44.8,100,26.76,15.53,0,62.89
371.8359375,47.7,43.35,44.8,100,26.76,15.53,0,62.89
371.84375,45.9,42.75,44.8,100,26.76,15.53,0,62.89
371.8515625,45.55,43.6,44.8,100,26.76,15.53,0,62.89
371.859375,50.7,47.85,44.8,100,26.76,15.53,0,62.89
371.8671875,53.15,48.15,44.8,100,26.76,15.53,0,62.89
371.875,56.2,48.85,44.8,100,26.76,15.53,0,62.89
371.8828125,55.3,47.4,44.8,100,26.76,15.53,0,62.89
371.890625,54.85,47.25,44.8,100,26.76,15.53,0,62.89
371.8984375,51.1,45,44.8,100,26.76,15.53,0,62.89
371.90625,51.25,46.1,44.8,100,26.76,15.53,0,62.89
371.9140625,49.05,44.35,44.8,100,26.76,15.53,0,62.89
371.921875,50.4,44.8,44.8,100,26.76,15.53,0,62.89
371.9296875,51.55,43.75,44.8,100,26.76,15.53,0,62.89
371.9375,51.65,42.7,44.8,100,26.76,15.53,0,62.89
371.9453125,48.25,39.8,44.8,100,26.76,15.53,0,62.89
371.953125,44.55,38.9,44.8,100,26.76,15.53,0,62.89
371.9609375,42.75,40.2,44.8,100,26.76,15.53,0,62.89
371.96875,40.8,40.75,44.8,100,26.76,15.53,0,62.89
371.9765625,40.85,39.5,44.8,100,26.76,15.53,0,62.89
371.984375,38.95,36.05,44.8,100,26.76,15.53,0,62.89
371.9921875,37.55,34.45,44.8,100,26.76,15.53,0,62.89
372,32.2,31.45,44.8,100,26.76,15.53,0,62.89
372.0078125,33.4,32.85,44.8,100,26.76,15.53,0,62.89
372.015625,33.2,33.15,44.8,100,26.76,15.53,0,62.89
372.0234375,36.3,35.65,44.8,100,26.76,15.53,0,62.89
372.03125,41.15,36.95,44.8,100,26.76,15.53,0,62.89
372.0390625,49.75,39.6,44.8,100,26.76,15.53,0,62.89
372.046875,53.65,39.5,44.8,100,26.76,15.53,0,62.89
372.0546875,56.4,41.95,44.8,100,26.76,15.53,0,62.89
372.0625,53.6,41.9,44.8,100,26.76,15.53,0,62.89
372.0703125,50.3,41.05,44.8,100,26.76,15.53,0,62.89
372.078125,50.95,41.35,44.8,100,26.76,15.53,0,62.89
372.0859375,48.5,39.9,44.8,100,26.76,15.53,0,62.89
372.09375,43,35.65,44.8,100,26.76,15.53,0,62.89
372.1015625,38.25,31.75,44.8,100,26.76,15.53,0,62.89
372.109375,39.5,30.95,44.8,100,26.76,15.53,0,62.89
372.1171875,40.1,29.85,44.8,100,26.76,15.53,0,62.89
372.125,43.7,32.05,44.8,100,26.76,15.53,0,62.89
372.1328125,42.25,31.55,44.8,100,26.76,15.53,0,62.89
372.140625,43.15,33.6,44.8,100,26.76,15.53,0,62.89
372.1484375,42.05,34.2,44.8,100,26.76,15.53,0,62.89
372.15625,42.55,35.8,44.4,100,26.49,15.35,0,63
372.1640625,38.35,33.95,44.4,100,26.49,15.35,0,63
372.171875,37.1,34,44.4,100,26.49,15.35,0,63
372.1796875,33.95,31.65,44.4,100,26.49,15.35,0,63
372.1875,31.05,31.1,44.4,100,26.49,15.35,0,63
372.1953125,28.25,31.15,44.4,100,26.49,15.35,0,63
372.203125,27.25,33,44.4,100,26.49,15.35,0,63
372.2109375,27.3,35.05,44.4,100,26.49,15.35,0,63
372.21875,27.8,37.1,44.4,100,26.49,15.35,0,63
372.2265625,33,40.6,44.4,100,26.49,15.35,0,63
372.234375,35.95,42.4,44.4,100,26.49,15.35,0,63
372.2421875,35.7,42.15,44.4,100,26.49,15.35,0,63
372.25,31.1,39.95,44.4,100,26.49,15.35,0,63
372.2578125,33,43.2,44.4,100,26.49,15.35,0,63
372.265625,33.35,43.7,44.4,100,26.49,15.35,0,63
372.2734375,36.75,45.95,44.4,100,26.49,15.35,0,63
372.28125,37.6,47.75,44.4,100,26.49,15.35,0,63
372.2890625,38.6,50.55,44.4,100,26.49,15.35,0,63
372.296875,38.65,49.85,44.4,100,26.49,15.35,0,63
372.3046875,42.7,51.25,44.4,100,26.49,15.35,0,63
372.3125,41.35,50.15,44.4,100,26.49,15.35,0,63
372.3203125,35.5,47,44.4,100,26.49,15.35,0,63
372.328125,30.25,42.85,44.4,100,26.49,15.35,0,63
372.3359375,28.2,41.3,44.4,100,26.49,15.35,0,63
372.34375,29,41.8,44.4,100,26.49,15.35,0,63
372.3515625,27.9,40.65,44.4,100,26.49,15.35,0,63
372.359375,29.75,40.5,44.4,100,26.49,15.35,0,63
372.3671875,29.9,39.7,44.4,100,26.49,15.35,0,63
372.375,27.75,39.95,44.4,100,26.49,15.35,0,63
372.3828125,18.2,35.75,44.4,100,26.49,15.35,0,63
372.390625,12,33.25,44.4,100,26.49,15.35,0,63
372.3984375,4.25,28.6,44.4,100,26.49,15.35,0,63
372.40625,0.85,26.9,44.4,100,26.49,15.35,0,63
372.4140625,-2.35,23.75,44.4,100,26.49,15.35,0,63
372.421875,-2.25,23.8,44.4,100,26.49,15.35,0,63
372.4296875,-4.2,21.95,44.4,100,26.49,15.35,0,63
372.4375,-5.8,20.75,44.4,100,26.49,15.35,0,63
372.4453125,-8.8,18.85,44.4,100,26.49,15.35,0,63
372.453125,-11.1,17.75,44.4,100,26.49,15.35,0,63
372.4609375,-13.85,15.2,44.4,100,26.49,15.35,0,63
372.46875,-17.45,12.35,44.4,100,26.49,15.35,0,63
372.4765625,-18.75,11.15,44.4,100,26.49,15.35,0,63
372.484375,-23.55,9.15,44.4,100,26.49,15.35,0,63
372.4921875,-26.05,10.75,44.4,100,26.49,15.35,0,63
372.5,-29.1,12.75,44.4,100,26.49,15.35,0,63
372.5078125,-29.65,15.55,44.4,100,26.49,15.35,0,63
372.515625,-34,12.9,44.4,100,26.49,15.35,0,63
372.5234375,-34.4,11.25,44.4,100,26.49,15.35,0,63
372.53125,-35.3,9.15,44.4,100,26.49,15.35,0,63
372.5390625,-34.5,10.55,44.4,100,26.49,15.35,0,63
372.546875,-35.7,11.25,44.4,100,26.49,15.35,0,63
372.5546875,-30.55,15.2,44.4,100,26.49,15.35,0,63
372.5625,-24.55,16.95,44.4,100,26.49,15.35,0,63
372.5703125,-21.3,17,44.4,100,26.49,15.35,0,63
372.578125,-21.85,15.1,44.4,100,26.49,15.35,0,63
372.5859375,-23.85,13.5,44.4,100,26.49,15.35,0,63
372.59375,-24,13.05,44.4,100,26.49,15.35,0,63
372.6015625,-24.05,11.7,44.4,100,26.49,15.35,0,63
372.609375,-22.15,11.7,44.4,100,26.49,15.35,0,63
372.6171875,-22.15,12.25,44.4,100,26.49,15.35,0,63
372.625,-18.6,16,44.4,100,26.49,15.35,0,63
372.6328125,-19.3,16.3,44.4,100,26.49,15.35,0,63
372.640625,-17.85,17.3,44.4,100,26.49,15.35,0,63
372.6484375,-18.6,15.1,44.4,100,26.49,15.35,0,63
372.65625,-15.3,15.05,44.4,100,26.49,15.35,0,63
372.6640625,-12.8,14.65,44.4,100,26.49,15.35,0,63
372.671875,-5.25,18.85,44.4,100,26.49,15.35,0,63
372.6796875,0.05,21.9,44.4,100,26.49,15.35,0,63
372.6875,6.1,24.8,44.4,100,26.49,15.35,0,63
372.6953125,9.35,24.65,44.4,100,26.49,15.35,0,63
372.703125,9.75,25.1,44.4,100,26.49,15.35,0,63
372.7109375,8.25,25.55,44.4,100,26.49,15.35,0,63
372.71875,5.1,24.95,44.4,100,26.49,15.35,0,63
372.7265625,5.4,25.75,44.4,100,26.49,15.35,0,63
372.734375,7.85,26.65,44.4,100,26.49,15.35,0,63
372.7421875,15.45,29.8,44.4,100,26.49,15.35,0,63
372.75,18.7,30.8,44.4,100,26.49,15.35,0,63
372.7578125,20.65,31.35,44.4,100,26.49,15.35,0,63
372.765625,18.35,28.8,44.4,100,26.49,15.35,0,63
372.7734375,20,29.8,44.4,100,26.49,15.35,0,63
372.78125,18.35,28.2,44.4,100,26.49,15.35,0,63
372.7890625,16.05,26.6,44.4,100,26.49,15.35,0,63
372.796875,10.3,22.25,44.4,100,26.49,15.35,0,63
372.8046875,6.65,20.45,44.4,100,26.49,15.35,0,63
372.8125,4.35,19.45,44.4,100,26.49,15.35,0,63
372.8203125,6.55,21.6,44.4,100,26.49,15.35,0,63
372.828125,9.15,23.4,44.4,100,26.49,15.35,0,63
372.8359375,6.9,22.7,44.4,100,26.49,15.35,0,63
372.84375,4.65,20.95,44.4,100,26.49,15.35,0,63
372.8515625,5.8,20.35,44.4,100,26.49,15.35,0,63
372.859375,12.75,22.95,44.4,100,26.49,15.35,0,63
372.8671875,15.65,24.55,44.4,100,26.49,15.35,0,63
372.875,18.75,27.4,44.4,100,26.49,15.35,0,63
372.8828125,16.7,27.05,44.4,100,26.49,15.35,0,63
372.890625,16.8,28.35,44.4,100,26.49,15.35,0,63
372.8984375,16,27.5,44.4,100,26.49,15.35,0,63
372.90625,21.6,29.1,44.4,100,26.49,15.35,0,63
372.9140625,23.4,27.75,44.4,100,26.49,15.35,0,63
372.921875,26.65,28.6,44.4,100,26.49,15.35,0,63
372.9296875,29.4,28.9,44.4,100,26.49,15.35,0,63
372.9375,31.3,30.4,44.4,100,26.49,15.35,0,63
372.9453125,29.6,28.95,44.4,100,26.49,15.35,0,63
372.953125,29.9,28.9,44.4,100,26.49,15.35,0,63
372.9609375,32.45,30.6,44.4,100,26.49,15.35,0,63
372.96875,32.15,30.85,44.4,100,26.49,15.35,0,63
372.9765625,30.8,29.5,44.4,100,26.49,15.35,0,63
372.984375,25.85,27.25,44.4,100,26.49,15.35,0,63
372.9921875,24.15,27.25,44.4,100,26.49,15.35,0,63
373,23.05,26.4,44.4,100,26.49,15.35,0,63
373.0078125,26.05,26.9,44.4,100,26.49,15.35,0,63
373.015625,25.85,23.7,44.4,100,26.49,15.35,0,63
373.0234375,28.7,23.35,44.4,100,26.49,15.35,0,63
373.03125,27.55,22.35,44.4,100,26.49,15.35,0,63
373.0390625,26.65,23.05,44.4,100,26.49,15.35,0,63
373.046875,23.7,21.2,44.4,100,26.49,15.35,0,63
373.0546875,22.8,20.85,44.4,100,26.49,15.35,0,63
373.0625,22.9,20.05,44.4,100,26.49,15.35,0,63
373.0703125,24.55,19.95,44.4,100,26.49,15.35,0,63
373.078125,23.7,18.7,44.4,100,26.49,15.35,0,63
373.0859375,20.5,18.1,44.4,100,26.49,15.35,0,63
373.09375,18.15,17.15,44.4,100,26.49,15.35,0,63
373.1015625,13.35,14.2,44.4,100,26.49,15.35,0,63
373.109375,12.25,13.9,44.4,100,26.49,15.35,0,63
373.1171875,11.95,13.45,44.4,100,26.49,15.35,0,63
373.125,16.65,17.05,44.4,100,26.49,15.35,0,63
373.1328125,20.7,20.8,44.4,100,26.49,15.35,0,63
373.140625,26.15,23.8,44.4,100,26.49,15.35,0,63
373.1484375,26.2,20.75,44.4,100,26.49,15.35,0,63
373.15625,30.35,21.55,43.8,100,26.12,15.26,0,63.03
373.1640625,31.05,20.35,43.8,100,26.12,15.26,0,63.03
373.171875,33,20.3,43.8,100,26.12,15.26,0,63.03
373.1796875,34.55,19.8,43.8,100,26.12,15.26,0,63.03
373.1875,36.65,21.85,43.8,100,26.12,15.26,0,63.03
373.1953125,34.9,22.4,43.8,100,26.12,15.26,0,63.03
373.203125,33.1,23.65,43.8,100,26.12,15.26,0,63.03
373.2109375,34.85,24.95,43.8,100,26.12,15.26,0,63.03
373.21875,38.75,26.85,43.8,100,26.12,15.26,0,63.03
373.2265625,45.15,29.45,43.8,100,26.12,15.26,0,63.03
373.234375,49.05,30.75,43.8,100,26.12,15.26,0,63.03
373.2421875,53,32.6,43.8,100,26.12,15.26,0,63.03
373.25,50.5,30.5,43.8,100,26.12,15.26,0,63.03
373.2578125,47.6,28.5,43.8,100,26.12,15.26,0,63.03
373.265625,42.7,25.2,43.8,100,26.12,15.26,0,63.03
373.2734375,46.3,27.65,43.8,100,26.12,15.26,0,63.03
373.28125,50.5,30.85,43.8,100,26.12,15.26,0,63.03
373.2890625,54.6,35.3,43.8,100,26.12,15.26,0,63.03
373.296875,53.9,35.4,43.8,100,26.12,15.26,0,63.03
373.3046875,56.45,36.55,43.8,100,26.12,15.26,0,63.03
373.3125,57.6,36.5,43.8,100,26.12,15.26,0,63.03
373.3203125,58.65,37.4,43.8,100,26.12,15.26,0,63.03
373.328125,60.95,38.55,43.8,100,26.12,15.26,0,63.03
373.3359375,63.6,40.65,43.8,100,26.12,15.26,0,63.03
373.34375,64.8,42.7,43.8,100,26.12,15.26,0,63.03
373.3515625,61.1,40.85,43.8,100,26.12,15.26,0,63.03
373.359375,60.95,40,43.8,100,26.12,15.26,0,63.03
373.3671875,61.85,39.3,43.8,100,26.12,15.26,0,63.03
373.375,66.65,42.5,43.8,100,26.12,15.26,0,63.03
373.3828125,68.3,44.7,43.8,100,26.12,15.26,0,63.03
373.390625,71.35,48.2,43.8,100,26.12,15.26,0,63.03
373.3984375,69.95,48.15,43.8,100,26.12,15.26,0,63.03
373.40625,72.65,51.25,43.8,100,26.12,15.26,0,63.03
373.4140625,69.5,48.4,43.8,100,26.12,15.26,0,63.03
373.421875,64.55,44.4,43.8,100,26.12,15.26,0,63.03
373.4296875,59.8,40.9,43.8,100,26.12,15.26,0,63.03
373.4375,58.05,40,43.8,100,26.12,15.26,0,63.03
373.4453125,55.25,37.8,43.8,100,26.12,15.26,0,63.03
373.453125,56.25,39.7,43.8,100,26.12,15.26,0,63.03
373.4609375,59.45,43.15,43.8,100,26.12,15.26,0,63.03
373.46875,63.7,47,43.8,100,26.12,15.26,0,63.03
373.4765625,71.95,52.9,43.8,100,26.12,15.26,0,63.03
373.484375,76.45,55.2,43.8,100,26.12,15.26,0,63.03
373.4921875,76.2,52.65,43.8,100,26.12,15.26,0,63.03
373.5,69.25,45.75,43.8,100,26.12,15.26,0,63.03
373.5078125,66.25,42.1,43.8,100,26.12,15.26,0,63.03
373.515625,61.05,37.55,43.8,100,26.12,15.26,0,63.03
373.5234375,57.65,35.95,43.8,100,26.12,15.26,0,63.03
373.53125,53.15,33.6,43.8,100,26.12,15.26,0,63.03
373.5390625,54.7,35.6,43.8,100,26.12,15.26,0,63.03
373.546875,55.8,37,43.8,100,26.12,15.26,0,63.03
373.5546875,59.2,40.75,43.8,100,26.12,15.26,0,63.03
373.5625,59.8,41.9,43.8,100,26.12,15.26,0,63.03
373.5703125,57.2,41,43.8,100,26.12,15.26,0,63.03
373.578125,53.5,37.85,43.8,100,26.12,15.26,0,63.03
373.5859375,51.1,34.35,43.8,100,26.12,15.26,0,63.03
373.59375,54.35,34.15,43.8,100,26.12,15.26,0,63.03
373.6015625,59,35.65,43.8,100,26.12,15.26,0,63.03
373.609375,62.6,36.05,43.8,100,26.12,15.26,0,63.03
373.6171875,57.7,32.35,43.8,100,26.12,15.26,0,63.03
373.625,52.8,31.45,43.8,100,26.12,15.26,0,63.03
373.6328125,46.1,28.75,43.8,100,26.12,15.26,0,63.03
373.640625,45.65,29.45,43.8,100,26.12,15.26,0,63.03
373.6484375,46.05,29.85,43.8,100,26.12,15.26,0,63.03
373.65625,50.5,32.4,43.8,100,26.12,15.26,0,63.03
373.6640625,52.45,31.8,43.8,100,26.12,15.26,0,63.03
373.671875,57.9,33.05,43.8,100,26.12,15.26,0,63.03
373.6796875,61.35,34.05,43.8,100,26.12,15.26,0,63.03
373.6875,64.2,37.45,43.8,100,26.12,15.26,0,63.03
373.6953125,64.85,39.15,43.8,100,26.12,15.26,0,63.03
373.703125,63.35,39.4,43.8,100,26.12,15.26,0,63.03
373.7109375,59.95,38.65,43.8,100,26.12,15.26,0,63.03
373.71875,55.55,37.7,43.8,100,26.12,15.26,0,63.03
373.7265625,53.25,37.6,43.8,100,26.12,15.26,0,63.03
373.734375,52.45,37.75,43.8,100,26.12,15.26,0,63.03
373.7421875,57.4,40.75,43.8,100,26.12,15.26,0,63.03
373.75,57.05,40.1,43.8,100,26.12,15.26,0,63.03
373.7578125,56.1,39.1,43.8,100,26.12,15.26,0,63.03
373.765625,55.6,37.65,43.8,100,26.12,15.26,0,63.03
373.7734375,59.6,41.55,43.8,100,26.12,15.26,0,63.03
373.78125,58.2,42.3,43.8,100,26.12,15.26,0,63.03
373.7890625,58.05,43.4,43.8,100,26.12,15.26,0,63.03
373.796875,54.8,42.6,43.8,100,26.12,15.26,0,63.03
373.8046875,50.75,42.75,43.8,100,26.12,15.26,0,63.03
373.8125,44.35,38.95,43.8,100,26.12,15.26,0,63.03
373.8203125,40.4,36.5,43.8,100,26.12,15.26,0,63.03
373.828125,42.8,37.1,43.8,100,26.12,15.26,0,63.03
373.8359375,47.3,38.45,43.8,100,26.12,15.26,0,63.03
373.84375,45.65,36.8,43.8,100,26.12,15.26,0,63.03
373.8515625,36.5,32.9,43.8,100,26.12,15.26,0,63.03
373.859375,32.7,32.45,43.8,100,26.12,15.26,0,63.03
373.8671875,29.85,31.4,43.8,100,26.12,15.26,0,63.03
373.875,28.15,30.25,43.8,100,26.12,15.26,0,63.03
373.8828125,21.75,25.6,43.8,100,26.12,15.26,0,63.03
373.890625,20.85,23.75,43.8,100,26.12,15.26,0,63.03
373.8984375,20.9,21.35,43.8,100,26.12,15.26,0,63.03
373.90625,24.9,22.15,43.8,100,26.12,15.26,0,63.03
373.9140625,25.45,20.9,43.8,100,26.12,15.26,0,63.03
373.921875,29,22.75,43.8,100,26.12,15.26,0,63.03
373.9296875,32.95,24.75,43.8,100,26.12,15.26,0,63.03
373.9375,40.25,28.55,43.8,100,26.12,15.26,0,63.03
373.9453125,46.2,29.9,43.8,100,26.12,15.26,0,63.03
373.953125,48.7,30.25,43.8,100,26.12,15.26,0,63.03
373.9609375,46.65,29.05,43.8,100,26.12,15.26,0,63.03
373.96875,43,28.05,43.8,100,26.12,15.26,0,63.03
373.9765625,42.2,28.9,43.8,100,26.12,15.26,0,63.03
373.984375,41.05,29.15,43.8,100,26.12,15.26,0,63.03
373.9921875,43.1,30.7,43.8,100,26.12,15.26,0,63.03
374,42.6,30.5,43.8,100,26.12,15.26,0,63.03
374.0078125,42.65,32.55,43.8,100,26.12,15.26,0,63.03
374.015625,37.75,31.9,43.8,100,26.12,15.26,0,63.03
374.0234375,35.15,32.25,43.8,100,26.12,15.26,0,63.03
374.03125,31.4,29.4,43.8,100,26.12,15.26,0,63.03
374.0390625,31.7,28.25,43.8,100,26.12,15.26,0,63.03
374.046875,28.75,24.45,43.8,100,26.12,15.26,0,63.03
374.0546875,25.55,23.2,43.8,100,26.12,15.26,0,63.03
374.0625,20.85,22.4,43.8,100,26.12,15.26,0,63.03
374.0703125,19.85,24.2,43.8,100,26.12,15.26,0,63.03
374.078125,23.5,26.15,43.8,100,26.12,15.26,0,63.03
374.0859375,29.3,28.15,43.8,100,26.12,15.26,0,63.03
374.09375,34.5,28.2,43.8,100,26.12,15.26,0,63.03
374.1015625,34.2,25.8,43.8,100,26.12,15.26,0,63.03
374.109375,32.9,25.4,43.8,100,26.12,15.26,0,63.03
374.1171875,29.15,24.8,43.8,100,26.12,15.26,0,63.03
374.125,28.95,26.25,43.8,100,26.12,15.26,0,63.03
374.1328125,26.75,26.5,43.8,100,26.12,15.26,0,63.03
374.140625,29.7,30.6,43.8,100,26.12,15.26,0,63.03
374.1484375,30.15,32,43.8,100,26.12,15.26,0,63.03
374.15625,32.15,36,44.3,100,26.42,15.4,0,62.78
374.1640625,30.25,37.15,44.3,100,26.42,15.4,0,62.78
374.171875,28.8,37.5,44.3,100,26.42,15.4,0,62.78
374.1796875,25,35.2,44.3,100,26.42,15.4,0,62.78
374.1875,24,35.45,44.3,100,26.42,15.4,0,62.78
374.1953125,23.5,35.15,44.3,100,26.42,15.4,0,62.78
374.203125,24.45,37.05,44.3,100,26.42,15.4,0,62.78
374.2109375,27.7,40.6,44.3,100,26.42,15.4,0,62.78
374.21875,30.35,44.3,44.3,100,26.42,15.4,0,62.78
374.2265625,32.5,47.85,44.3,100,26.42,15.4,0,62.78
374.234375,31.5,48.3,44.3,100,26.42,15.4,0,62.78
374.2421875,31.95,49.3,44.3,100,26.42,15.4,0,62.78
374.25,28.75,48.3,44.3,100,26.42,15.4,0,62.78
374.2578125,29.2,48.5,44.3,100,26.42,15.4,0,62.78
374.265625,27,46.1,44.3,100,26.42,15.4,0,62.78
374.2734375,27.05,46.25,44.3,100,26.42,15.4,0,62.78
374.28125,22.75,43.55,44.3,100,26.42,15.4,0,62.78
374.2890625,22.05,43.7,44.3,100,26.42,15.4,0,62.78
374.296875,23.15,44,44.3,100,26.42,15.4,0,62.78
374.3046875,29.4,47.6,44.3,100,26.42,15.4,0,62.78
374.3125,33.4,50.55,44.3,100,26.42,15.4,0,62.78
374.3203125,35.3,53.2,44.3,100,26.42,15.4,0,62.78
374.328125,34.3,52.3,44.3,100,26.42,15.4,0,62.78
374.3359375,30.35,49,44.3,100,26.42,15.4,0,62.78
374.34375,27.8,46.8,44.3,100,26.42,15.4,0,62.78
374.3515625,28.1,47.3,44.3,100,26.42,15.4,0,62.78
374.359375,31,49.05,44.3,100,26.42,15.4,0,62.78
374.3671875,30.05,48.2,44.3,100,26.42,15.4,0,62.78
374.375,33.5,51.6,44.3,100,26.42,15.4,0,62.78
374.3828125,35.05,53.15,44.3,100,26.42,15.4,0,62.78
374.390625,36.5,54.1,44.3,100,26.42,15.4,0,62.78
374.3984375,35.9,53.3,44.3,100,26.42,15.4,0,62.78
374.40625,39.8,55.2,44.3,100,26.42,15.4,0,62.78
374.4140625,42.5,54.6,44.3,100,26.42,15.4,0,62.78
374.421875,48.65,57.8,44.3,100,26.42,15.4,0,62.78
374.4296875,52.75,59.1,44.3,100,26.42,15.4,0,62.78
374.4375,54.25,59.45,44.3,100,26.42,15.4,0,62.78
374.4453125,52.5,57.8,44.3,100,26.42,15.4,0,62.78
374.453125,51.2,56.6,44.3,100,26.42,15.4,0,62.78
374.4609375,50.6,54.5,44.3,100,26.42,15.4,0,62.78
374.46875,49.55,52.85,44.3,100,26.42,15.4,0,62.78
374.4765625,52,52.85,44.3,100,26.42,15.4,0,62.78
374.484375,51.8,51.65,44.3,100,26.42,15.4,0,62.78
374.4921875,52.85,52.4,44.3,100,26.42,15.4,0,62.78
374.5,52.4,52.8,44.3,100,26.42,15.4,0,62.78
374.5078125,53.25,54.15,44.3,100,26.42,15.4,0,62.78
374.515625,49.7,51.55,44.3,100,26.42,15.4,0,62.78
374.5234375,52.5,51.85,44.3,100,26.42,15.4,0,62.78
374.53125,52.1,49.65,44.3,100,26.42,15.4,0,62.78
374.5390625,52.95,49.65,44.3,100,26.42,15.4,0,62.78
374.546875,54.2,49.55,44.3,100,26.42,15.4,0,62.78
374.5546875,57.45,51.85,44.3,100,26.42,15.4,0,62.78
374.5625,55.75,51.05,44.3,100,26.42,15.4,0,62.78
374.5703125,56.2,51.5,44.3,100,26.42,15.4,0,62.78
374.578125,59.8,53.25,44.3,100,26.42,15.4,0,62.78
374.5859375,65.05,55.8,44.3,100,26.42,15.4,0,62.78
374.59375,70.15,57,44.3,100,26.42,15.4,0,62.78
374.6015625,68.55,55.2,44.3,100,26.42,15.4,0,62.78
374.609375,64.55,53.05,44.3,100,26.42,15.4,0,62.78
374.6171875,59.3,49.85,44.3,100,26.42,15.4,0,62.78
374.625,59.95,50.55,44.3,100,26.42,15.4,0,62.78
374.6328125,59.4,50.25,44.3,100,26.42,15.4,0,62.78
374.640625,60.3,51.25,44.3,100,26.42,15.4,0,62.78
374.6484375,59.4,50.65,44.3,100,26.42,15.4,0,62.78
374.65625,62.25,53.25,44.3,100,26.42,15.4,0,62.78
374.6640625,59.4,51.85,44.3,100,26.42,15.4,0,62.78
374.671875,58.25,51.7,44.3,100,26.42,15.4,0,62.78
374.6796875,57.9,50.2,44.3,100,26.42,15.4,0,62.78
374.6875,56.5,47.9,44.3,100,26.42,15.4,0,62.78
374.6953125,50.55,42.15,44.3,100,26.42,15.4,0,62.78
374.703125,46.8,39.8,44.3,100,26.42,15.4,0,62.78
374.7109375,45.65,40.2,44.3,100,26.42,15.4,0,62.78
374.71875,42.65,39.55,44.3,100,26.42,15.4,0,62.78
374.7265625,40.95,39.9,44.3,100,26.42,15.4,0,62.78
374.734375,41.05,41.6,44.3,100,26.42,15.4,0,62.78
374.7421875,47,45.3,44.3,100,26.42,15.4,0,62.78
374.75,48.9,46.5,44.3,100,26.42,15.4,0,62.78
374.7578125,48.2,47.6,44.3,100,26.42,15.4,0,62.78
374.765625,40.65,43.9,44.3,100,26.42,15.4,0,62.78
374.7734375,39.75,43.65,44.3,100,26.42,15.4,0,62.78
374.78125,44.1,44.95,44.3,100,26.42,15.4,0,62.78
374.7890625,54.55,50.7,44.3,100,26.42,15.4,0,62.78
374.796875,57.8,52.9,44.3,100,26.42,15.4,0,62.78
374.8046875,56.85,53.3,44.3,100,26.42,15.4,0,62.78
374.8125,50.55,49.6,44.3,100,26.42,15.4,0,62.78
374.8203125,46.2,47,44.3,100,26.42,15.4,0,62.78
374.828125,45.75,44.7,44.3,100,26.42,15.4,0,62.78
374.8359375,47.8,44.6,44.3,100,26.42,15.4,0,62.78
374.84375,50.35,46.15,44.3,100,26.42,15.4,0,62.78
374.8515625,49.5,46.95,44.3,100,26.42,15.4,0,62.78
374.859375,49.3,48.65,44.3,100,26.42,15.4,0,62.78
374.8671875,46.9,49.35,44.3,100,26.42,15.4,0,62.78
374.875,46.8,51.45,44.3,100,26.42,15.4,0,62.78
374.8828125,43.35,51.2,44.3,100,26.42,15.4,0,62.78
374.890625,45.3,53.05,44.3,100,26.42,15.4,0,62.78
374.8984375,45.75,52.7,44.3,100,26.42,15.4,0,62.78
374.90625,45,52.65,44.3,100,26.42,15.4,0,62.78
374.9140625,38.75,48.4,44.3,100,26.42,15.4,0,62.78
374.921875,37.15,47.35,44.3,100,26.42,15.4,0,62.78
374.9296875,36.45,46.75,44.3,100,26.42,15.4,0,62.78
374.9375,37.55,48.3,44.3,100,26.42,15.4,0,62.78
374.9453125,39.7,49.9,44.3,100,26.42,15.4,0,62.78
374.953125,43.7,53.7,44.3,100,26.42,15.4,0,62.78
374.9609375,46.8,56.4,44.3,100,26.42,15.4,0,62.78
374.96875,45.85,57.1,44.3,100,26.42,15.4,0,62.78
374.9765625,43.2,56.65,44.3,100,26.42,15.4,0,62.78
374.984375,37.1,53.7,44.3,100,26.42,15.4,0,62.78
374.9921875,34.1,51.85,44.3,100,26.42,15.4,0,62.78
375,31.4,48.95,44.3,100,26.42,15.4,0,62.78
375.0078125,33.7,48.55,44.3,100,26.42,15.4,0,62.78
375.015625,33,46.7,44.3,100,26.42,15.4,0,62.78
375.0234375,34.2,47.55,44.3,100,26.42,15.4,0,62.78
375.03125,32.25,45.95,44.3,100,26.42,15.4,0,62.78
375.0390625,31.95,45.9,44.3,100,26.42,15.4,0,62.78
375.046875,27.55,42.65,44.3,100,26.42,15.4,0,62.78
375.0546875,26.1,41.4,44.3,100,26.42,15.4,0,62.78
375.0625,26.4,41.15,44.3,100,26.42,15.4,0,62.78
375.0703125,28.8,43.25,44.3,100,26.42,15.4,0,62.78
375.078125,31.35,44.6,44.3,100,26.42,15.4,0,62.78
375.0859375,32.35,45.8,44.3,100,26.42,15.4,0,62.78
375.09375,30,44.55,44.3,100,26.42,15.4,0,62.78
375.1015625,25.7,40.95,44.3,100,26.42,15.4,0,62.78
375.109375,26.25,40.25,44.3,100,26.42,15.4,0,62.78
375.1171875,24.55,38.7,44.3,100,26.42,15.4,0,62.78
375.125,25.6,39.55,44.3,100,26.42,15.4,0,62.78
375.1328125,25.95,40.15,44.3,100,26.42,15.4,0,62.78
375.140625,31.05,43.55,44.3,100,26.42,15.4,0,62.78
375.1484375,34.15,43.8,44.3,100,26.42,15.4,0,62.78
375.15625,39.2,45.85,44.2,100,26.39,15.3,0,62.76
375.1640625,39.55,44.3,44.2,100,26.39,15.3,0,62.76
375.171875,40.4,44.55,44.2,100,26.39,15.3,0,62.76
375.1796875,37.65,43.55,44.2,100,26.39,15.3,0,62.76
375.1875,35.1,44,44.2,100,26.39,15.3,0,62.76
375.1953125,31.85,42.35,44.2,100,26.39,15.3,0,62.76
375.203125,28.4,40.3,44.2,100,26.39,15.3,0,62.76
375.2109375,24.85,36.55,44.2,100,26.39,15.3,0,62.76
375.21875,22.3,33.3,44.2,100,26.39,15.3,0,62.76
375.2265625,23.4,33,44.2,100,26.39,15.3,0,62.76
375.234375,21.8,32.6,44.2,100,26.39,15.3,0,62.76
375.2421875,20.55,33.25,44.2,100,26.39,15.3,0,62.76
375.25,19.25,33.15,44.2,100,26.39,15.3,0,62.76
375.2578125,24.05,35.5,44.2,100,26.39,15.3,0,62.76
375.265625,23.35,34.45,44.2,100,26.39,15.3,0,62.76
375.2734375,22.65,35.7,44.2,100,26.39,15.3,0,62.76
375.28125,21.55,35.9,44.2,100,26.39,15.3,0,62.76
375.2890625,25.5,37.95,44.2,100,26.39,15.3,0,62.76
375.296875,26.7,37.35,44.2,100,26.39,15.3,0,62.76
375.3046875,29,38.35,44.2,100,26.39,15.3,0,62.76
375.3125,28.45,36.95,44.2,100,26.39,15.3,0,62.76
375.3203125,27.3,35.75,44.2,100,26.39,15.3,0,62.76
375.328125,26.25,34.45,44.2,100,26.39,15.3,0,62.76
375.3359375,26.1,33.9,44.2,100,26.39,15.3,0,62.76
375.34375,27.55,34.35,44.2,100,26.39,15.3,0,62.76
375.3515625,28,35.5,44.2,100,26.39,15.3,0,62.76
375.359375,29.5,38,44.2,100,26.39,15.3,0,62.76
375.3671875,28.1,37.95,44.2,100,26.39,15.3,0,62.76
375.375,29.95,38.55,44.2,100,26.39,15.3,0,62.76
375.3828125,31.15,37.35,44.2,100,26.39,15.3,0,62.76
375.390625,34.1,38.45,44.2,100,26.39,15.3,0,62.76
375.3984375,30.8,36.75,44.2,100,26.39,15.3,0,62.76
375.40625,28.75,37.05,44.2,100,26.39,15.3,0,62.76
375.4140625,23.7,34.5,44.2,100,26.39,15.3,0,62.76
375.421875,22.95,35,44.2,100,26.39,15.3,0,62.76
375.4296875,23.8,35.25,44.2,100,26.39,15.3,0,62.76
375.4375,27.05,36.65,44.2,100,26.39,15.3,0,62.76
375.4453125,28.7,36.3,44.2,100,26.39,15.3,0,62.76
375.453125,34.35,39.25,44.2,100,26.39,15.3,0,62.76
375.4609375,42,42.85,44.2,100,26.39,15.3,0,62.76
375.46875,45.2,44.35,44.2,100,26.39,15.3,0,62.76
375.4765625,46.6,44.75,44.2,100,26.39,15.3,0,62.76
375.484375,45.2,45.1,44.2,100,26.39,15.3,0,62.76
375.4921875,43.55,47,44.2,100,26.39,15.3,0,62.76
375.5,37.75,46.15,44.2,100,26.39,15.3,0,62.76
375.5078125,36.5,45.95,44.2,100,26.39,15.3,0,62.76
375.515625,33.65,42.8,44.2,100,26.39,15.3,0,62.76
375.5234375,34.55,41.1,44.2,100,26.39,15.3,0,62.76
375.53125,35.6,38.7,44.2,100,26.39,15.3,0,62.76
375.5390625,39.05,39.95,44.2,100,26.39,15.3,0,62.76
375.546875,35.75,37.95,44.2,100,26.39,15.3,0,62.76
375.5546875,33.25,36.65,44.2,100,26.39,15.3,0,62.76
375.5625,32.35,35.25,44.2,100,26.39,15.3,0,62.76
375.5703125,31.95,34.1,44.2,100,26.39,15.3,0,62.76
375.578125,27.7,30.35,44.2,100,26.39,15.3,0,62.76
375.5859375,22.4,27.1,44.2,100,26.39,15.3,0,62.76
375.59375,19.6,25.5,44.2,100,26.39,15.3,0,62.76
375.6015625,17.75,23.85,44.2,100,26.39,15.3,0,62.76
375.609375,20.7,24.6,44.2,100,26.39,15.3,0,62.76
375.6171875,22.5,24.8,44.2,100,26.39,15.3,0,62.76
375.625,25.35,26.3,44.2,100,26.39,15.3,0,62.76
375.6328125,25.45,26.3,44.2,100,26.39,15.3,0,62.76
375.640625,28.15,29.3,44.2,100,26.39,15.3,0,62.76
375.6484375,26.25,29.2,44.2,100,26.39,15.3,0,62.76
375.65625,27,30.9,44.2,100,26.39,15.3,0,62.76
375.6640625,26.55,30,44.2,100,26.39,15.3,0,62.76
375.671875,30.6,31.15,44.2,100,26.39,15.3,0,62.76
375.6796875,34.65,31.6,44.2,100,26.39,15.3,0,62.76
375.6875,40,33.6,44.2,100,26.39,15.3,0,62.76
375.6953125,43.35,33.3,44.2,100,26.39,15.3,0,62.76
375.703125,46.45,33.95,44.2,100,26.39,15.3,0,62.76
375.7109375,48.05,34.35,44.2,100,26.39,15.3,0,62.76
375.71875,47.2,34.75,44.2,100,26.39,15.3,0,62.76
375.7265625,46,35.6,44.2,100,26.39,15.3,0,62.76
375.734375,41.65,34.8,44.2,100,26.39,15.3,0,62.76
375.7421875,41.15,35.6,44.2,100,26.39,15.3,0,62.76
375.75,42.1,36.25,44.2,100,26.39,15.3,0,62.76
375.7578125,47.35,38.1,44.2,100,26.39,15.3,0,62.76
375.765625,46.05,35.25,44.2,100,26.39,15.3,0,62.76
375.7734375,43.75,33.4,44.2,100,26.39,15.3,0,62.76
375.78125,39.2,30,44.2,100,26.39,15.3,0,62.76
375.7890625,40,30.1,44.2,100,26.39,15.3,0,62.76
375.796875,39.9,27.85,44.2,100,26.39,15.3,0,62.76
375.8046875,40.05,27.3,44.2,100,26.39,15.3,0,62.76
375.8125,37.6,27.05,44.2,100,26.39,15.3,0,62.76
375.8203125,38.05,29.5,44.2,100,26.39,15.3,0,62.76
375.828125,38.95,30.75,44.2,100,26.39,15.3,0,62.76
375.8359375,38.2,31.3,44.2,100,26.39,15.3,0,62.76
375.84375,39.3,32.35,44.2,100,26.39,15.3,0,62.76
375.8515625,39.4,33.3,44.2,100,26.39,15.3,0,62.76
375.859375,38.7,34.5,44.2,100,26.39,15.3,0,62.76
375.8671875,35.65,33.15,44.2,100,26.39,15.3,0,62.76
375.875,37.85,33.8,44.2,100,26.39,15.3,0,62.76
375.8828125,36.25,32.55,44.2,100,26.39,15.3,0,62.76
375.890625,35.05,32.35,44.2,100,26.39,15.3,0,62.76
375.8984375,30.1,29.1,44.2,100,26.39,15.3,0,62.76
375.90625,30.4,29.9,44.2,100,26.39,15.3,0,62.76
375.9140625,31.8,31.1,44.2,100,26.39,15.3,0,62.76
375.921875,37.65,34.5,44.2,100,26.39,15.3,0,62.76
375.9296875,41.65,35.35,44.2,100,26.39,15.3,0,62.76
375.9375,46.45,37.7,44.2,100,26.39,15.3,0,62.76
375.9453125,48.55,39.25,44.2,100,26.39,15.3,0,62.76
375.953125,50.95,41.6,44.2,100,26.39,15.3,0,62.76
375.9609375,55.65,44.15,44.2,100,26.39,15.3,0,62.76
375.96875,59.5,46.25,44.2,100,26.39,15.3,0,62.76
375.9765625,64.1,48.4,44.2,100,26.39,15.3,0,62.76
375.984375,67.75,49.9,44.2,100,26.39,15.3,0,62.76
375.9921875,71.5,51.1,44.2,100,26.39,15.3,0,62.76
376,69.75,47.8,44.2,100,26.39,15.3,0,62.76
376.0078125,70.35,46.95,44.2,100,26.39,15.3,0,62.76
376.015625,69,45.55,44.2,100,26.39,15.3,0,62.76
376.0234375,72.55,47.6,44.2,100,26.39,15.3,0,62.76
376.03125,73.4,47.65,44.2,100,26.39,15.3,0,62.76
376.0390625,73.45,48.75,44.2,100,26.39,15.3,0,62.76
376.046875,71.4,48.25,44.2,100,26.39,15.3,0,62.76
376.0546875,75.35,51.85,44.2,100,26.39,15.3,0,62.76
376.0625,78.25,53.6,44.2,100,26.39,15.3,0,62.76
376.0703125,80.85,55.55,44.2,100,26.39,15.3,0,62.76
376.078125,83.9,56.5,44.2,100,26.39,15.3,0,62.76
376.0859375,86.6,56.5,44.2,100,26.39,15.3,0,62.76
376.09375,87.65,55,44.2,100,26.39,15.3,0,62.76
376.1015625,82.3,51.25,44.2,100,26.39,15.3,0,62.76
376.109375,74.35,47.45,44.2,100,26.39,15.3,0,62.76
376.1171875,65.6,43.45,44.2,100,26.39,15.3,0,62.76
376.125,65.35,44.15,44.2,100,26.39,15.3,0,62.76
376.1328125,63.95,44.05,44.2,100,26.39,15.3,0,62.76
376.140625,63,45.95,44.2,100,26.39,15.3,0,62.76
376.1484375,60.85,46.6,44.2,100,26.39,15.3,0,62.76
376.15625,67.2,50.5,43.8,100,26.84,15.23,0,62.62
376.1640625,70.05,49.85,43.8,100,26.84,15.23,0,62.62
376.171875,72.1,48.35,43.8,100,26.84,15.23,0,62.62
376.1796875,72.35,45.95,43.8,100,26.84,15.23,0,62.62
376.1875,72,45.8,43.8,100,26.84,15.23,0,62.62
376.1953125,69.6,45.55,43.8,100,26.84,15.23,0,62.62
376.203125,69.35,47.35,43.8,100,26.84,15.23,0,62.62
376.2109375,69,48.3,43.8,100,26.84,15.23,0,62.62
376.21875,67.65,48.65,43.8,100,26.84,15.23,0,62.62
376.2265625,69.05,50.35,43.8,100,26.84,15.23,0,62.62
376.234375,67.55,49.85,43.8,100,26.84,15.23,0,62.62
376.2421875,68.6,50.9,43.8,100,26.84,15.23,0,62.62
376.25,68.45,50.8,43.8,100,26.84,15.23,0,62.62
376.2578125,70.6,51,43.8,100,26.84,15.23,0,62.62
376.265625,71.3,49.85,43.8,100,26.84,15.23,0,62.62
376.2734375,74.65,52.55,43.8,100,26.84,15.23,0,62.62
376.28125,72.8,51.75,43.8,100,26.84,15.23,0,62.62
376.2890625,73.15,52.45,43.8,100,26.84,15.23,0,62.62
376.296875,70.7,51.2,43.8,100,26.84,15.23,0,62.62
376.3046875,70.6,52.65,43.8,100,26.84,15.23,0,62.62
376.3125,71.7,54,43.8,100,26.84,15.23,0,62.62
376.3203125,76,57.3,43.8,100,26.84,15.23,0,62.62
376.328125,81.05,60.25,43.8,100,26.84,15.23,0,62.62
376.3359375,84.45,63.05,43.8,100,26.84,15.23,0,62.62
376.34375,82.9,63.3,43.8,100,26.84,15.23,0,62.62
376.3515625,76.45,61.65,43.8,100,26.84,15.23,0,62.62
376.359375,72.45,61.55,43.8,100,26.84,15.23,0,62.62
376.3671875,68.3,61,43.8,100,26.84,15.23,0,62.62
376.375,67.6,61.1,43.8,100,26.84,15.23,0,62.62
376.3828125,63.15,57.65,43.8,100,26.84,15.23,0,62.62
376.390625,61,55.6,43.8,100,26.84,15.23,0,62.62
376.3984375,55.9,51.9,43.8,100,26.84,15.23,0,62.62
376.40625,53.3,51,43.8,100,26.84,15.23,0,62.62
376.4140625,50.3,49.75,43.8,100,26.84,15.23,0,62.62
376.421875,53.25,52.25,43.8,100,26.84,15.23,0,62.62
376.4296875,55.6,52.4,43.8,100,26.84,15.23,0,62.62
376.4375,58.35,54.05,43.8,100,26.84,15.23,0,62.62
376.4453125,57.8,53.75,43.8,100,26.84,15.23,0,62.62
376.453125,54.95,51.8,43.8,100,26.84,15.23,0,62.62
376.4609375,50.55,48.5,43.8,100,26.84,15.23,0,62.62
376.46875,45.4,45.7,43.8,100,26.84,15.23,0,62.62
376.4765625,45.35,46.3,43.8,100,26.84,15.23,0,62.62
376.484375,48.15,49,43.8,100,26.84,15.23,0,62.62
376.4921875,53.4,51.75,43.8,100,26.84,15.23,0,62.62
376.5,54.65,50.15,43.8,100,26.84,15.23,0,62.62
376.5078125,57.95,51.05,43.8,100,26.84,15.23,0,62.62
376.515625,56.8,50.75,43.8,100,26.84,15.23,0,62.62
376.5234375,56.6,51.3,43.8,100,26.84,15.23,0,62.62
376.53125,53.95,49.55,43.8,100,26.84,15.23,0,62.62
376.5390625,54.5,50.3,43.8,100,26.84,15.23,0,62.62
376.546875,52.6,48.55,43.8,100,26.84,15.23,0,62.62
376.5546875,51.85,47.45,43.8,100,26.84,15.23,0,62.62
376.5625,50.9,45.75,43.8,100,26.84,15.23,0,62.62
376.5703125,51.75,46.15,43.8,100,26.84,15.23,0,62.62
376.578125,51.5,44.7,43.8,100,26.84,15.23,0,62.62
376.5859375,51.25,42.7,43.8,100,26.84,15.23,0,62.62
376.59375,52.65,41.85,43.8,100,26.84,15.23,0,62.62
376.6015625,52.6,40.75,43.8,100,26.84,15.23,0,62.62
376.609375,53.7,41.35,43.8,100,26.84,15.23,0,62.62
376.6171875,53.55,41.65,43.8,100,26.84,15.23,0,62.62
376.625,57.15,44.85,43.8,100,26.84,15.23,0,62.62
376.6328125,56.4,44.55,43.8,100,26.84,15.23,0,62.62
376.640625,56.75,43.9,43.8,100,26.84,15.23,0,62.62
376.6484375,52.55,40.05,43.8,100,26.84,15.23,0,62.62
376.65625,50.3,39.3,43.8,100,26.84,15.23,0,62.62
376.6640625,46.7,36.6,43.8,100,26.84,15.23,0,62.62
376.671875,50.25,38.05,43.8,100,26.84,15.23,0,62.62
376.6796875,53.5,38,43.8,100,26.84,15.23,0,62.62
376.6875,57.85,38.5,43.8,100,26.84,15.23,0,62.62
376.6953125,61.2,39.5,43.8,100,26.84,15.23,0,62.62
376.703125,63.4,43,43.8,100,26.84,15.23,0,62.62
376.7109375,64.2,44.45,43.8,100,26.84,15.23,0,62.62
376.71875,64.8,45,43.8,100,26.84,15.23,0,62.62
376.7265625,64.7,44.6,43.8,100,26.84,15.23,0,62.62
376.734375,57.35,40.9,43.8,100,26.84,15.23,0,62.62
376.7421875,49.3,37.25,43.8,100,26.84,15.23,0,62.62
376.75,42.1,32.95,43.8,100,26.84,15.23,0,62.62
376.7578125,42.1,33.15,43.8,100,26.84,15.23,0,62.62
376.765625,41.65,33.7,43.8,100,26.84,15.23,0,62.62
376.7734375,43.45,36,43.8,100,26.84,15.23,0,62.62
376.78125,42.05,35.85,43.8,100,26.84,15.23,0,62.62
376.7890625,44.75,38.05,43.8,100,26.84,15.23,0,62.62
376.796875,49.55,40.45,43.8,100,26.84,15.23,0,62.62
376.8046875,57.2,45.75,43.8,100,26.84,15.23,0,62.62
376.8125,58.7,46.45,43.8,100,26.84,15.23,0,62.62
376.8203125,56.3,44.75,43.8,100,26.84,15.23,0,62.62
376.828125,55.8,44,43.8,100,26.84,15.23,0,62.62
376.8359375,60.15,44.95,43.8,100,26.84,15.23,0,62.62
376.84375,67.15,47,43.8,100,26.84,15.23,0,62.62
376.8515625,68.65,48.3,43.8,100,26.84,15.23,0,62.62
376.859375,66.5,47.85,43.8,100,26.84,15.23,0,62.62
376.8671875,58.85,43.85,43.8,100,26.84,15.23,0,62.62
376.875,57.15,43.3,43.8,100,26.84,15.23,0,62.62
376.8828125,55.4,42,43.8,100,26.84,15.23,0,62.62
376.890625,54.25,42.3,43.8,100,26.84,15.23,0,62.62
376.8984375,50.1,41.15,43.8,100,26.84,15.23,0,62.62
376.90625,50.55,43.85,43.8,100,26.84,15.23,0,62.62
376.9140625,44.3,41.9,43.8,100,26.84,15.23,0,62.62
376.921875,42.7,41.5,43.8,100,26.84,15.23,0,62.62
376.9296875,44.85,41.35,43.8,100,26.84,15.23,0,62.62
376.9375,47.75,42.35,43.8,100,26.84,15.23,0,62.62
376.9453125,47.75,39.7,43.8,100,26.84,15.23,0,62.62
376.953125,49.1,38.9,43.8,100,26.84,15.23,0,62.62
376.9609375,49.1,37.65,43.8,100,26.84,15.23,0,62.62
376.96875,48.65,36.9,43.8,100,26.84,15.23,0,62.62
376.9765625,48.45,37.7,43.8,100,26.84,15.23,0,62.62
376.984375,43.45,36.7,43.8,100,26.84,15.23,0,62.62
376.9921875,38.35,34.7,43.8,100,26.84,15.23,0,62.62
377,33.25,32.9,43.8,100,26.84,15.23,0,62.62
377.0078125,36.15,35.05,43.8,100,26.84,15.23,0,62.62
377.015625,38.2,34.95,43.8,100,26.84,15.23,0,62.62
377.0234375,39,35.95,43.8,100,26.84,15.23,0,62.62
377.03125,36.75,35.3,43.8,100,26.84,15.23,0,62.62
377.0390625,38.8,36.7,43.8,100,26.84,15.23,0,62.62
377.046875,38.9,35.9,43.8,100,26.84,15.23,0,62.62
377.0546875,38.05,34.8,43.8,100,26.84,15.23,0,62.62
377.0625,33.6,30,43.8,100,26.84,15.23,0,62.62
377.0703125,29.6,26.45,43.8,100,26.84,15.23,0,62.62
377.078125,29,25.65,43.8,100,26.84,15.23,0,62.62
377.0859375,30.5,27,43.8,100,26.84,15.23,0,62.62
377.09375,34.25,30.2,43.8,100,26.84,15.23,0,62.62
377.1015625,35.7,33.7,43.8,100,26.84,15.23,0,62.62
377.109375,35.3,34.9,43.8,100,26.84,15.23,0,62.62
377.1171875,30.15,31.15,43.8,100,26.84,15.23,0,62.62
377.125,31.65,30.4,43.8,100,26.84,15.23,0,62.62
377.1328125,33.5,29.9,43.8,100,26.84,15.23,0,62.62
377.140625,36.45,32,43.8,100,26.84,15.23,0,62.62
377.1484375,31.6,29.9,43.8,100,26.84,15.23,0,62.62
377.15625,31.35,31.25,43.1,100,26.95,14.98,0,62.85
377.1640625,34.9,34.2,43.1,100,26.95,14.98,0,62.85
377.171875,41.6,38.85,43.1,100,26.95,14.98,0,62.85
377.1796875,39.6,36.6,43.1,100,26.95,14.98,0,62.85
377.1875,38.2,35.4,43.1,100,26.95,14.98,0,62.85
377.1953125,38,32.7,43.1,100,26.95,14.98,0,62.85
377.203125,36.45,27.75,43.1,100,26.95,14.98,0,62.85
377.2109375,34.8,23.05,43.1,100,26.95,14.98,0,62.85
377.21875,35.3,22.4,43.1,100,26.95,14.98,0,62.85
377.2265625,36.5,24.5,43.1,100,26.95,14.98,0,62.85
377.234375,35.2,25.8,43.1,100,26.95,14.98,0,62.85
377.2421875,37,27.75,43.1,100,26.95,14.98,0,62.85
377.25,36.75,27.95,43.1,100,26.95,14.98,0,62.85
377.2578125,41.35,31.1,43.1,100,26.95,14.98,0,62.85
377.265625,44.7,31.6,43.1,100,26.95,14.98,0,62.85
377.2734375,48.3,32.65,43.1,100,26.95,14.98,0,62.85
377.28125,45.45,30.65,43.1,100,26.95,14.98,0,62.85
377.2890625,42.05,29.5,43.1,100,26.95,14.98,0,62.85
377.296875,33.05,24.95,43.1,100,26.95,14.98,0,62.85
377.3046875,25.4,21.95,43.1,100,26.95,14.98,0,62.85
377.3125,16.4,17.15,43.1,100,26.95,14.98,0,62.85
377.3203125,8.6,13.2,43.1,100,26.95,14.98,0,62.85
377.328125,2.15,9.65,43.1,100,26.95,14.98,0,62.85
377.3359375,-3.4,6.9,43.1,100,26.95,14.98,0,62.85
377.34375,-6.2,4.95,43.1,100,26.95,14.98,0,62.85
377.3515625,-6.45,5.35,43.1,100,26.95,14.98,0,62.85
377.359375,-3.15,9.1,43.1,100,26.95,14.98,0,62.85
377.3671875,-4.55,9.65,43.1,100,26.95,14.98,0,62.85
377.375,-5.15,10.95,43.1,100,26.95,14.98,0,62.85
377.3828125,-6.85,11.45,43.1,100,26.95,14.98,0,62.85
377.390625,-4.75,13.8,43.1,100,26.95,14.98,0,62.85
377.3984375,-4.75,12.75,43.1,100,26.95,14.98,0,62.85
377.40625,0.7,15.05,43.1,100,26.95,14.98,0,62.85
377.4140625,2.85,16.25,43.1,100,26.95,14.98,0,62.85
377.421875,2.75,17.8,43.1,100,26.95,14.98,0,62.85
377.4296875,0.5,17.05,43.1,100,26.95,14.98,0,62.85
377.4375,1.75,18.9,43.1,100,26.95,14.98,0,62.85
377.4453125,2.2,18.8,43.1,100,26.95,14.98,0,62.85
377.453125,2.75,17.4,43.1,100,26.95,14.98,0,62.85
377.4609375,4.1,15.9,43.1,100,26.95,14.98,0,62.85
377.46875,4,15.25,43.1,100,26.95,14.98,0,62.85
377.4765625,4.1,16.3,43.1,100,26.95,14.98,0,62.85
377.484375,1.3,15.7,43.1,100,26.95,14.98,0,62.85
377.4921875,1.8,16.1,43.1,100,26.95,14.98,0,62.85
377.5,4,16.4,43.1,100,26.95,14.98,0,62.85
377.5078125,11.4,20.75,43.1,100,26.95,14.98,0,62.85
377.515625,14.45,21.85,43.1,100,26.95,14.98,0,62.85
377.5234375,18.95,23.35,43.1,100,26.95,14.98,0,62.85
377.53125,19.2,20.95,43.1,100,26.95,14.98,0,62.85
377.5390625,21.5,20.75,43.1,100,26.95,14.98,0,62.85
377.546875,23.3,20.65,43.1,100,26.95,14.98,0,62.85
377.5546875,28.25,23.55,43.1,100,26.95,14.98,0,62.85
377.5625,29.6,24.45,43.1,100,26.95,14.98,0,62.85
377.5703125,29.15,26.25,43.1,100,26.95,14.98,0,62.85
377.578125,26.55,25.4,43.1,100,26.95,14.98,0,62.85
377.5859375,24.6,24.25,43.1,100,26.95,14.98,0,62.85
377.59375,28.5,25.2,43.1,100,26.95,14.98,0,62.85
377.6015625,37,28.9,43.1,100,26.95,14.98,0,62.85
377.609375,47.4,34.45,43.1,100,26.95,14.98,0,62.85
377.6171875,48.5,35.3,43.1,100,26.95,14.98,0,62.85
377.625,46.3,33.45,43.1,100,26.95,14.98,0,62.85
377.6328125,43.5,30.6,43.1,100,26.95,14.98,0,62.85
377.640625,44.15,30.05,43.1,100,26.95,14.98,0,62.85
377.6484375,38.65,24.55,43.1,100,26.95,14.98,0,62.85
377.65625,36.7,22.75,43.1,100,26.95,14.98,0,62.85
377.6640625,37.5,23.25,43.1,100,26.95,14.98,0,62.85
377.671875,43.7,27.05,43.1,100,26.95,14.98,0,62.85
377.6796875,48.85,29.75,43.1,100,26.95,14.98,0,62.85
377.6875,52.05,32.9,43.1,100,26.95,14.98,0,62.85
377.6953125,52.5,33.15,43.1,100,26.95,14.98,0,62.85
377.703125,54.7,33.6,43.1,100,26.95,14.98,0,62.85
377.7109375,55.25,34.3,43.1,100,26.95,14.98,0,62.85
377.71875,50.85,32.95,43.1,100,26.95,14.98,0,62.85
377.7265625,47.75,31.7,43.1,100,26.95,14.98,0,62.85
377.734375,43.3,30.85,43.1,100,26.95,14.98,0,62.85
377.7421875,43.25,33.2,43.1,100,26.95,14.98,0,62.85
377.75,44.1,34.8,43.1,100,26.95,14.98,0,62.85
377.7578125,49.25,38.45,43.1,100,26.95,14.98,0,62.85
377.765625,50.6,37.95,43.1,100,26.95,14.98,0,62.85
377.7734375,52.65,39.4,43.1,100,26.95,14.98,0,62.85
377.78125,51.7,39.6,43.1,100,26.95,14.98,0,62.85
377.7890625,57.8,43.3,43.1,100,26.95,14.98,0,62.85
377.796875,62.55,44,43.1,100,26.95,14.98,0,62.85
377.8046875,64.95,44,43.1,100,26.95,14.98,0,62.85
377.8125,60.65,40.1,43.1,100,26.95,14.98,0,62.85
377.8203125,55.95,38.95,43.1,100,26.95,14.98,0,62.85
377.828125,53.8,39.8,43.1,100,26.95,14.98,0,62.85
377.8359375,55.4,42.45,43.1,100,26.95,14.98,0,62.85
377.84375,57.9,44.5,43.1,100,26.95,14.98,0,62.85
377.8515625,57.05,44.3,43.1,100,26.95,14.98,0,62.85
377.859375,56.9,44.65,43.1,100,26.95,14.98,0,62.85
377.8671875,54.6,45.15,43.1,100,26.95,14.98,0,62.85
377.875,56.15,47.05,43.1,100,26.95,14.98,0,62.85
377.8828125,56.65,46.45,43.1,100,26.95,14.98,0,62.85
377.890625,61.05,48.45,43.1,100,26.95,14.98,0,62.85
377.8984375,62.55,47.45,43.1,100,26.95,14.98,0,62.85
377.90625,64.5,46.25,43.1,100,26.95,14.98,0,62.85
377.9140625,63,43.4,43.1,100,26.95,14.98,0,62.85
377.921875,64.8,44.95,43.1,100,26.95,14.98,0,62.85
377.9296875,64.5,46.7,43.1,100,26.95,14.98,0,62.85
377.9375,65.5,49.9,43.1,100,26.95,14.98,0,62.85
377.9453125,66.45,50,43.1,100,26.95,14.98,0,62.85
377.953125,65.25,46.8,43.1,100,26.95,14.98,0,62.85
377.9609375,60.45,41.9,43.1,100,26.95,14.98,0,62.85
377.96875,54.5,38.55,43.1,100,26.95,14.98,0,62.85
377.9765625,52.85,39.3,43.1,100,26.95,14.98,0,62.85
377.984375,54.8,41.2,43.1,100,26.95,14.98,0,62.85
377.9921875,61.4,44.4,43.1,100,26.95,14.98,0,62.85
378,63,43.55,43.1,100,26.95,14.98,0,62.85
378.0078125,64.4,43.65,43.1,100,26.95,14.98,0,62.85
378.015625,60.9,40.45,43.1,100,26.95,14.98,0,62.85
378.0234375,59.6,40.7,43.1,100,26.95,14.98,0,62.85
378.03125,56.7,40.7,43.1,100,26.95,14.98,0,62.85
378.0390625,57.6,42.65,43.1,100,26.95,14.98,0,62.85
378.046875,57.05,41.35,43.1,100,26.95,14.98,0,62.85
378.0546875,57.7,41.7,43.1,100,26.95,14.98,0,62.85
378.0625,54.6,38.85,43.1,100,26.95,14.98,0,62.85
378.0703125,52.25,37.3,43.1,100,26.95,14.98,0,62.85
378.078125,50.7,36.15,43.1,100,26.95,14.98,0,62.85
378.0859375,45.8,33.4,43.1,100,26.95,14.98,0,62.85
378.09375,40.85,29.8,43.1,100,26.95,14.98,0,62.85
378.1015625,39.4,28.55,43.1,100,26.95,14.98,0,62.85
378.109375,40.4,28.55,43.1,100,26.95,14.98,0,62.85
378.1171875,35.2,26.5,43.1,100,26.95,14.98,0,62.85
378.125,36.15,28.35,43.1,100,26.95,14.98,0,62.85
378.1328125,39.8,29.85,43.1,100,26.95,14.98,0,62.85
378.140625,44.55,31.65,43.1,100,26.95,14.98,0,62.85
378.1484375,42.4,29.9,43.1,100,26.95,14.98,0,62.85
378.15625,41.8,29.95,42.8,100,27.04,14.9,0,62.86
378.1640625,34.8,26.5,42.8,100,27.04,14.9,0,62.86
378.171875,28.55,24.45,42.8,100,27.04,14.9,0,62.86
378.1796875,23.8,22.2,42.8,100,27.04,14.9,0,62.86
378.1875,24.3,22.15,42.8,100,27.04,14.9,0,62.86
378.1953125,23.95,21.05,42.8,100,27.04,14.9,0,62.86
378.203125,22.95,20.45,42.8,100,27.04,14.9,0,62.86
378.2109375,22.45,20.9,42.8,100,27.04,14.9,0,62.86
378.21875,21,22.2,42.8,100,27.04,14.9,0,62.86
378.2265625,20.55,23.45,42.8,100,27.04,14.9,0,62.86
378.234375,20,21.9,42.8,100,27.04,14.9,0,62.86
378.2421875,23.95,21.95,42.8,100,27.04,14.9,0,62.86
378.25,26.3,22.4,42.8,100,27.04,14.9,0,62.86
378.2578125,28.35,24.7,42.8,100,27.04,14.9,0,62.86
378.265625,20.65,20.55,42.8,100,27.04,14.9,0,62.86
378.2734375,11.85,17.1,42.8,100,27.04,14.9,0,62.86
378.28125,3.9,13.95,42.8,100,27.04,14.9,0,62.86
378.2890625,2.65,14.5,42.8,100,27.04,14.9,0,62.86
378.296875,-0.75,12.6,42.8,100,27.04,14.9,0,62.86
378.3046875,-0.15,13.6,42.8,100,27.04,14.9,0,62.86
378.3125,4.15,14.9,42.8,100,27.04,14.9,0,62.86
378.3203125,13.75,19.2,42.8,100,27.04,14.9,0,62.86
378.328125,22.4,21.55,42.8,100,27.04,14.9,0,62.86
378.3359375,26,22.05,42.8,100,27.04,14.9,0,62.86
378.34375,28.6,21.9,42.8,100,27.04,14.9,0,62.86
378.3515625,31.35,21.95,42.8,100,27.04,14.9,0,62.86
378.359375,35.2,23.3,42.8,100,27.04,14.9,0,62.86
378.3671875,33.05,22.8,42.8,100,27.04,14.9,0,62.86
378.375,29.15,22,42.8,100,27.04,14.9,0,62.86
378.3828125,18.15,17.9,42.8,100,27.04,14.9,0,62.86
378.390625,11.45,17,42.8,100,27.04,14.9,0,62.86
378.3984375,9.1,16.95,42.8,100,27.04,14.9,0,62.86
378.40625,14.35,21.85,42.8,100,27.04,14.9,0,62.86
378.4140625,18.8,24.9,42.8,100,27.04,14.9,0,62.86
378.421875,26.45,28.7,42.8,100,27.04,14.9,0,62.86
378.4296875,29.75,30.15,42.8,100,27.04,14.9,0,62.86
378.4375,28.2,30.3,42.8,100,27.04,14.9,0,62.86
378.4453125,23.85,27.4,42.8,100,27.04,14.9,0,62.86
378.453125,21.3,26.2,42.8,100,27.04,14.9,0,62.86
378.4609375,17.3,24.15,42.8,100,27.04,14.9,0,62.86
378.46875,12.8,21.7,42.8,100,27.04,14.9,0,62.86
378.4765625,14.35,23.4,42.8,100,27.04,14.9,0,62.86
378.484375,13.1,23.55,42.8,100,27.04,14.9,0,62.86
378.4921875,11.4,22.1,42.8,100,27.04,14.9,0,62.86
378.5,10.05,20.35,42.8,100,27.04,14.9,0,62.86
378.5078125,12.95,22.4,42.8,100,27.04,14.9,0,62.86
378.515625,12.95,22.9,42.8,100,27.04,14.9,0,62.86
378.5234375,18.1,26.35,42.8,100,27.04,14.9,0,62.86
378.53125,22.7,27.4,42.8,100,27.04,14.9,0,62.86
378.5390625,27.75,29.9,42.8,100,27.04,14.9,0,62.86
378.546875,26.6,29.05,42.8,100,27.04,14.9,0,62.86
378.5546875,27.2,29.5,42.8,100,27.04,14.9,0,62.86
378.5625,27.8,29.75,42.8,100,27.04,14.9,0,62.86
378.5703125,27.4,29.55,42.8,100,27.04,14.9,0,62.86
378.578125,25.5,26.65,42.8,100,27.04,14.9,0,62.86
378.5859375,25.6,25.75,42.8,100,27.04,14.9,0,62.86
378.59375,27.2,27.1,42.8,100,27.04,14.9,0,62.86
378.6015625,28.4,29.75,42.8,100,27.04,14.9,0,62.86
378.609375,32.6,34.35,42.8,100,27.04,14.9,0,62.86
378.6171875,31.2,33.6,42.8,100,27.04,14.9,0,62.86
378.625,30.05,32.25,42.8,100,27.04,14.9,0,62.86
378.6328125,28.6,30.75,42.8,100,27.04,14.9,0,62.86
378.640625,30.55,31.55,42.8,100,27.04,14.9,0,62.86
378.6484375,27.9,28.6,42.8,100,27.04,14.9,0,62.86
378.65625,26.4,28.05,42.8,100,27.04,14.9,0,62.86
378.6640625,21.8,25.5,42.8,100,27.04,14.9,0,62.86
378.671875,21.9,26.6,42.8,100,27.04,14.9,0,62.86
378.6796875,20.9,26.45,42.8,100,27.04,14.9,0,62.86
378.6875,17.5,24.7,42.8,100,27.04,14.9,0,62.86
378.6953125,13.3,21.45,42.8,100,27.04,14.9,0,62.86
378.703125,12.25,20.9,42.8,100,27.04,14.9,0,62.86
378.7109375,11.85,20.5,42.8,100,27.04,14.9,0,62.86
378.71875,13.5,21.9,42.8,100,27.04,14.9,0,62.86
378.7265625,18.45,25.05,42.8,100,27.04,14.9,0,62.86
378.734375,18.15,25,42.8,100,27.04,14.9,0,62.86
378.7421875,19.25,25.65,42.8,100,27.04,14.9,0,62.86
378.75,19.6,25.55,42.8,100,27.04,14.9,0,62.86
378.7578125,20.6,26.65,42.8,100,27.04,14.9,0,62.86
378.765625,18.75,25.4,42.8,100,27.04,14.9,0,62.86
378.7734375,23.9,28.55,42.8,100,27.04,14.9,0,62.86
378.78125,24.8,29.75,42.8,100,27.04,14.9,0,62.86
378.7890625,24.15,30.85,42.8,100,27.04,14.9,0,62.86
378.796875,19.95,29.05,42.8,100,27.04,14.9,0,62.86
378.8046875,16.55,28.75,42.8,100,27.04,14.9,0,62.86
378.8125,11.6,26.45,42.8,100,27.04,14.9,0,62.86
378.8203125,10.6,25.2,42.8,100,27.04,14.9,0,62.86
378.828125,10.6,23.3,42.8,100,27.04,14.9,0,62.86
378.8359375,10.05,22,42.8,100,27.04,14.9,0,62.86
378.84375,12.5,23,42.8,100,27.04,14.9,0,62.86
378.8515625,17.15,26.3,42.8,100,27.04,14.9,0,62.86
378.859375,23.55,31.9,42.8,100,27.04,14.9,0,62.86
378.8671875,24.65,33.5,42.8,100,27.04,14.9,0,62.86
378.875,24.45,32.3,42.8,100,27.04,14.9,0,62.86
378.8828125,20.3,27.25,42.8,100,27.04,14.9,0,62.86
378.890625,20.7,24.8,42.8,100,27.04,14.9,0,62.86
378.8984375,19.25,21.6,42.8,100,27.04,14.9,0,62.86
378.90625,20.75,23.1,42.8,100,27.04,14.9,0,62.86
378.9140625,20.25,24.2,42.8,100,27.04,14.9,0,62.86
378.921875,22.65,26.75,42.8,100,27.04,14.9,0,62.86
378.9296875,23.35,26.35,42.8,100,27.04,14.9,0,62.86
378.9375,24.35,27.75,42.8,100,27.04,14.9,0,62.86
378.9453125,24.6,28.35,42.8,100,27.04,14.9,0,62.86
378.953125,27.85,29.7,42.8,100,27.04,14.9,0,62.86
378.9609375,30.5,29.5,42.8,100,27.04,14.9,0,62.86
378.96875,28.1,27.55,42.8,100,27.04,14.9,0,62.86
378.9765625,27.65,27.2,42.8,100,27.04,14.9,0,62.86
378.984375,28.7,28.5,42.8,100,27.04,14.9,0,62.86
378.9921875,31.8,31.65,42.8,100,27.04,14.9,0,62.86
379,31.25,31.9,42.8,100,27.04,14.9,0,62.86
379.0078125,33.2,33.35,42.8,100,27.04,14.9,0,62.86
379.015625,28.9,30.05,42.8,100,27.04,14.9,0,62.86
379.0234375,24.75,26.75,42.8,100,27.04,14.9,0,62.86
379.03125,17.95,22.95,42.8,100,27.04,14.9,0,62.86
379.0390625,17.7,24.5,42.8,100,27.04,14.9,0,62.86
379.046875,19.8,24.55,42.8,100,27.04,14.9,0,62.86
379.0546875,23.3,25.65,42.8,100,27.04,14.9,0,62.86
379.0625,20.5,24.05,42.8,100,27.04,14.9,0,62.86
379.0703125,15.95,22.35,42.8,100,27.04,14.9,0,62.86
379.078125,9.35,20.3,42.8,100,27.04,14.9,0,62.86
379.0859375,2.25,19.5,42.8,100,27.04,14.9,0,62.86
379.09375,0.4,19.5,42.8,100,27.04,14.9,0,62.86
379.1015625,1.25,19.25,42.8,100,27.04,14.9,0,62.86
379.109375,4.45,19.6,42.8,100,27.04,14.9,0,62.86
379.1171875,5.25,18.3,42.8,100,27.04,14.9,0,62.86
379.125,9.45,19.55,42.8,100,27.04,14.9,0,62.86
379.1328125,13.7,20.75,42.8,100,27.04,14.9,0,62.86
379.140625,17.75,23.8,42.8,100,27.04,14.9,0,62.86
379.1484375,9.2,20.7,42.8,100,27.04,14.9,0,62.86
379.15625,1.6,18.2,42.9,100,26.8,14.96,0,62.85
379.1640625,-3.6,15.4,42.9,100,26.8,14.96,0,62.85
379.171875,-3.55,16.65,42.9,100,26.8,14.96,0,62.85
379.1796875,-2.7,17.1,42.9,100,26.8,14.96,0,62.85
379.1875,2.25,20.2,42.9,100,26.8,14.96,0,62.85
379.1953125,4.85,21.25,42.9,100,26.8,14.96,0,62.85
379.203125,6.2,21,42.9,100,26.8,14.96,0,62.85
379.2109375,7.9,20.1,42.9,100,26.8,14.96,0,62.85
379.21875,8.65,20.1,42.9,100,26.8,14.96,0,62.85
379.2265625,12.95,21.1,42.9,100,26.8,14.96,0,62.85
379.234375,13.95,18.65,42.9,100,26.8,14.96,0,62.85
379.2421875,13.15,15.45,42.9,100,26.8,14.96,0,62.85
379.25,6.1,9.25,42.9,100,26.8,14.96,0,62.85
379.2578125,2.65,6,42.9,100,26.8,14.96,0,62.85
379.265625,1.3,4.35,42.9,100,26.8,14.96,0,62.85
379.2734375,9.35,9.65,42.9,100,26.8,14.96,0,62.85
379.28125,14.25,13.45,42.9,100,26.8,14.96,0,62.85
379.2890625,21.65,20.15,42.9,100,26.8,14.96,0,62.85
379.296875,25.4,23.15,42.9,100,26.8,14.96,0,62.85
379.3046875,27,23.9,42.9,100,26.8,14.96,0,62.85
379.3125,22.95,21.1,42.9,100,26.8,14.96,0,62.85
379.3203125,21.65,21.1,42.9,100,26.8,14.96,0,62.85
379.328125,21.7,20.5,42.9,100,26.8,14.96,0,62.85
379.3359375,19.95,18.55,42.9,100,26.8,14.96,0,62.85
379.34375,19.1,16.85,42.9,100,26.8,14.96,0,62.85
379.3515625,18.4,16.05,42.9,100,26.8,14.96,0,62.85
379.359375,17.9,16.1,42.9,100,26.8,14.96,0,62.85
379.3671875,13.5,13.65,42.9,100,26.8,14.96,0,62.85
379.375,15.45,14.75,42.9,100,26.8,14.96,0,62.85
379.3828125,18.65,15.35,42.9,100,26.8,14.96,0,62.85
379.390625,24.25,18.05,42.9,100,26.8,14.96,0,62.85
379.3984375,25.4,19.4,42.9,100,26.8,14.96,0,62.85
379.40625,29.5,24.55,42.9,100,26.8,14.96,0,62.85
379.4140625,28,25,42.9,100,26.8,14.96,0,62.85
379.421875,24.95,23.2,42.9,100,26.8,14.96,0,62.85
379.4296875,20.2,17.9,42.9,100,26.8,14.96,0,62.85
379.4375,18.95,17.15,42.9,100,26.8,14.96,0,62.85
379.4453125,18.85,17.75,42.9,100,26.8,14.96,0,62.85
379.453125,21.5,20.35,42.9,100,26.8,14.96,0,62.85
379.4609375,23.85,22.45,42.9,100,26.8,14.96,0,62.85
379.46875,23.05,22.2,42.9,100,26.8,14.96,0,62.85
379.4765625,24.55,21.45,42.9,100,26.8,14.96,0,62.85
379.484375,24.9,19.7,42.9,100,26.8,14.96,0,62.85
379.4921875,25.25,18.45,42.9,100,26.8,14.96,0,62.85
379.5,20.95,15.95,42.9,100,26.8,14.96,0,62.85
379.5078125,20.4,17.65,42.9,100,26.8,14.96,0,62.85
379.515625,17.2,16.35,42.9,100,26.8,14.96,0,62.85
379.5234375,18.4,17.75,42.9,100,26.8,14.96,0,62.85
379.53125,19.15,19.85,42.9,100,26.8,14.96,0,62.85
379.5390625,25.15,25.75,42.9,100,26.8,14.96,0,62.85
379.546875,27.3,27.4,42.9,100,26.8,14.96,0,62.85
379.5546875,27.5,28.45,42.9,100,26.8,14.96,0,62.85
379.5625,23.05,26.25,42.9,100,26.8,14.96,0,62.85
379.5703125,18.35,25.4,42.9,100,26.8,14.96,0,62.85
379.578125,14.75,24.85,42.9,100,26.8,14.96,0,62.85
379.5859375,14.6,26.05,42.9,100,26.8,14.96,0,62.85
379.59375,16.05,27.85,42.9,100,26.8,14.96,0,62.85
379.6015625,11.6,26.8,42.9,100,26.8,14.96,0,62.85
379.609375,8.25,24.95,42.9,100,26.8,14.96,0,62.85
379.6171875,4.8,21.55,42.9,100,26.8,14.96,0,62.85
379.625,5.65,21.2,42.9,100,26.8,14.96,0,62.85
379.6328125,4.3,20.45,42.9,100,26.8,14.96,0,62.85
379.640625,7.5,23.1,42.9,100,26.8,14.96,0,62.85
379.6484375,6.95,23.1,42.9,100,26.8,14.96,0,62.85
379.65625,10.35,26.05,42.9,100,26.8,14.96,0,62.85
379.6640625,12.25,26.4,42.9,100,26.8,14.96,0,62.85
379.671875,17.3,28.05,42.9,100,26.8,14.96,0,62.85
379.6796875,20.35,27.65,42.9,100,26.8,14.96,0,62.85
379.6875,24.85,29.45,42.9,100,26.8,14.96,0,62.85
379.6953125,25.3,29.3,42.9,100,26.8,14.96,0,62.85
379.703125,22.6,29.15,42.9,100,26.8,14.96,0,62.85
379.7109375,20.05,28.6,42.9,100,26.8,14.96,0,62.85
379.71875,20.4,27,42.9,100,26.8,14.96,0,62.85
379.7265625,24.7,26,42.9,100,26.8,14.96,0,62.85
379.734375,25.25,25.1,42.9,100,26.8,14.96,0,62.85
379.7421875,23.6,26.35,42.9,100,26.8,14.96,0,62.85
379.75,16.65,25.95,42.9,100,26.8,14.96,0,62.85
379.7578125,10.7,26.55,42.9,100,26.8,14.96,0,62.85
379.765625,2.15,23.15,42.9,100,26.8,14.96,0,62.85
379.7734375,0.45,22.55,42.9,100,26.8,14.96,0,62.85
379.78125,-0.65,19.75,42.9,100,26.8,14.96,0,62.85
379.7890625,3.6,19.9,42.9,100,26.8,14.96,0,62.85
379.796875,6.05,19.8,42.9,100,26.8,14.96,0,62.85
379.8046875,9.3,23,42.9,100,26.8,14.96,0,62.85
379.8125,11.05,25.9,42.9,100,26.8,14.96,0,62.85
379.8203125,12.15,29.4,42.9,100,26.8,14.96,0,62.85
379.828125,10.8,28.85,42.9,100,26.8,14.96,0,62.85
379.8359375,11.05,27.25,42.9,100,26.8,14.96,0,62.85
379.84375,12.5,25.9,42.9,100,26.8,14.96,0,62.85
379.8515625,7.55,21.95,42.9,100,26.8,14.96,0,62.85
379.859375,3.05,19.05,42.9,100,26.8,14.96,0,62.85
379.8671875,-4.9,15.2,42.9,100,26.8,14.96,0,62.85
379.875,-6.4,14.15,42.9,100,26.8,14.96,0,62.85
379.8828125,-5.2,12.35,42.9,100,26.8,14.96,0,62.85
379.890625,-1.1,13.8,42.9,100,26.8,14.96,0,62.85
379.8984375,-6.1,11.9,42.9,100,26.8,14.96,0,62.85
379.90625,-11.15,12.55,42.9,100,26.8,14.96,0,62.85
379.9140625,-20.85,9.8,42.9,100,26.8,14.96,0,62.85
379.921875,-24.85,9.8,42.9,100,26.8,14.96,0,62.85
379.9296875,-25.6,9.85,42.9,100,26.8,14.96,0,62.85
379.9375,-25.5,10.9,42.9,100,26.8,14.96,0,62.85
379.9453125,-27.05,10.3,42.9,100,26.8,14.96,0,62.85
379.953125,-25.45,12.6,42.9,100,26.8,14.96,0,62.85
379.9609375,-23.35,15.2,42.9,100,26.8,14.96,0,62.85
379.96875,-23.65,15.95,42.9,100,26.8,14.96,0,62.85
379.9765625,-21.95,16.55,42.9,100,26.8,14.96,0,62.85
379.984375,-22.8,15.45,42.9,100,26.8,14.96,0,62.85
379.9921875,-20.3,16.8,42.9,100,26.8,14.96,0,62.85
380,-19.9,16.4,42.9,100,26.8,14.96,0,62.85
380.0078125,-19,17.05,42.9,100,26.8,14.96,0,62.85
380.015625,-20.6,16.25,42.9,100,26.8,14.96,0,62.85
380.0234375,-14.45,20.25,42.9,100,26.8,14.96,0,62.85
380.03125,-10.7,22.25,42.9,100,26.8,14.96,0,62.85
380.0390625,-5.6,26.3,42.9,100,26.8,14.96,0,62.85
380.046875,-3.8,27.25,42.9,100,26.8,14.96,0,62.85
380.0546875,-0.65,30,42.9,100,26.8,14.96,0,62.85
380.0625,2.25,31.6,42.9,100,26.8,14.96,0,62.85
380.0703125,3.9,31.7,42.9,100,26.8,14.96,0,62.85
380.078125,-0.7,28.4,42.9,100,26.8,14.96,0,62.85
380.0859375,-7.05,25.05,42.9,100,26.8,14.96,0,62.85
380.09375,-8.85,23.15,42.9,100,26.8,14.96,0,62.85
380.1015625,-8.15,23,42.9,100,26.8,14.96,0,62.85
380.109375,-2.05,26.9,42.9,100,26.8,14.96,0,62.85
380.1171875,0.4,29.05,42.9,100,26.8,14.96,0,62.85
380.125,2.5,31.95,42.9,100,26.8,14.96,0,62.85
380.1328125,0.1,31.05,42.9,100,26.8,14.96,0,62.85
380.140625,0.3,31.25,42.9,100,26.8,14.96,0,62.85
380.1484375,2.4,31.3,42.9,100,26.8,14.96,0,62.85
380.15625,14.1,36.9,43.5,100,26.98,14.76,0,62.9
380.1640625,20.05,39.65,43.5,100,26.98,14.76,0,62.9
380.171875,24.5,44.2,43.5,100,26.98,14.76,0,62.9
380.1796875,25.85,45.9,43.5,100,26.98,14.76,0,62.9
380.1875,23.75,46.1,43.5,100,26.98,14.76,0,62.9
380.1953125,18.3,43.8,43.5,100,26.98,14.76,0,62.9
380.203125,15.65,42.9,43.5,100,26.98,14.76,0,62.9
380.2109375,13.2,42.8,43.5,100,26.98,14.76,0,62.9
380.21875,10.7,43.6,43.5,100,26.98,14.76,0,62.9
380.2265625,14.8,46.6,43.5,100,26.98,14.76,0,62.9
380.234375,18.75,48.7,43.5,100,26.98,14.76,0,62.9
380.2421875,23.9,50.45,43.5,100,26.98,14.76,0,62.9
380.25,25.1,49,43.5,100,26.98,14.76,0,62.9
380.2578125,29.85,51.3,43.5,100,26.98,14.76,0,62.9
380.265625,31.45,51.2,43.5,100,26.98,14.76,0,62.9
380.2734375,33.7,51.85,43.5,100,26.98,14.76,0,62.9
380.28125,31,50,43.5,100,26.98,14.76,0,62.9
380.2890625,32.2,50.65,43.5,100,26.98,14.76,0,62.9
380.296875,30.25,48.4,43.5,100,26.98,14.76,0,62.9
380.3046875,27.95,47.9,43.5,100,26.98,14.76,0,62.9
380.3125,24.8,46.1,43.5,100,26.98,14.76,0,62.9
380.3203125,24.85,46.55,43.5,100,26.98,14.76,0,62.9
380.328125,25.95,47.05,43.5,100,26.98,14.76,0,62.9
380.3359375,28.6,47.75,43.5,100,26.98,14.76,0,62.9
380.34375,32.5,50.05,43.5,100,26.98,14.76,0,62.9
380.3515625,33.05,51.25,43.5,100,26.98,14.76,0,62.9
380.359375,34.6,52.05,43.5,100,26.98,14.76,0,62.9
380.3671875,34.65,51.8,43.5,100,26.98,14.76,0,62.9
380.375,36.8,53.3,43.5,100,26.98,14.76,0,62.9
380.3828125,33.6,50.35,43.5,100,26.98,14.76,0,62.9
380.390625,34.05,50.2,43.5,100,26.98,14.76,0,62.9
380.3984375,33,48.9,43.5,100,26.98,14.76,0,62.9
380.40625,34.7,49.6,43.5,100,26.98,14.76,0,62.9
380.4140625,33.6,48.35,43.5,100,26.98,14.76,0,62.9
380.421875,36.15,49.45,43.5,100,26.98,14.76,0,62.9
380.4296875,37.45,49.25,43.5,100,26.98,14.76,0,62.9
380.4375,41.95,53.55,43.5,100,26.98,14.76,0,62.9
380.4453125,48.1,58.1,43.5,100,26.98,14.76,0,62.9
380.453125,54.1,61.2,43.5,100,26.98,14.76,0,62.9
380.4609375,57.5,60.75,43.5,100,26.98,14.76,0,62.9
380.46875,57.2,57.9,43.5,100,26.98,14.76,0,62.9
380.4765625,58,56.1,43.5,100,26.98,14.76,0,62.9
380.484375,55.9,53.05,43.5,100,26.98,14.76,0,62.9
380.4921875,53.9,50.95,43.5,100,26.98,14.76,0,62.9
380.5,48.65,47,43.5,100,26.98,14.76,0,62.9
380.5078125,48.3,46.2,43.5,100,26.98,14.76,0,62.9
380.515625,45.45,43.6,43.5,100,26.98,14.76,0,62.9
380.5234375,45.5,44.1,43.5,100,26.98,14.76,0,62.9
380.53125,41.8,42.1,43.5,100,26.98,14.76,0,62.9
380.5390625,40.75,42.5,43.5,100,26.98,14.76,0,62.9
380.546875,39.35,41.05,43.5,100,26.98,14.76,0,62.9
380.5546875,41.05,41.15,43.5,100,26.98,14.76,0,62.9
380.5625,40.9,39.55,43.5,100,26.98,14.76,0,62.9
380.5703125,41.15,38.95,43.5,100,26.98,14.76,0,62.9
380.578125,41.85,37.85,43.5,100,26.98,14.76,0,62.9
380.5859375,41.95,38.3,43.5,100,26.98,14.76,0,62.9
380.59375,44.55,40.45,43.5,100,26.98,14.76,0,62.9
380.6015625,47.5,40.95,43.5,100,26.98,14.76,0,62.9
380.609375,50.5,40.15,43.5,100,26.98,14.76,0,62.9
380.6171875,45.2,36.1,43.5,100,26.98,14.76,0,62.9
380.625,41.15,35.85,43.5,100,26.98,14.76,0,62.9
380.6328125,36.95,34.95,43.5,100,26.98,14.76,0,62.9
380.640625,40.75,38.1,43.5,100,26.98,14.76,0,62.9
380.6484375,44.6,40.45,43.5,100,26.98,14.76,0,62.9
380.65625,54.25,45.95,43.5,100,26.98,14.76,0,62.9
380.6640625,61.5,47.15,43.5,100,26.98,14.76,0,62.9
380.671875,64.9,47.9,43.5,100,26.98,14.76,0,62.9
380.6796875,56.5,43.85,43.5,100,26.98,14.76,0,62.9
380.6875,45,39.1,43.5,100,26.98,14.76,0,62.9
380.6953125,35.15,33.25,43.5,100,26.98,14.76,0,62.9
380.703125,29.8,29.85,43.5,100,26.98,14.76,0,62.9
380.7109375,29.05,28,43.5,100,26.98,14.76,0,62.9
380.71875,30.7,28.05,43.5,100,26.98,14.76,0,62.9
380.7265625,35.35,30.3,43.5,100,26.98,14.76,0,62.9
380.734375,36.95,30.95,43.5,100,26.98,14.76,0,62.9
380.7421875,40.05,33.55,43.5,100,26.98,14.76,0,62.9
380.75,40.65,35.55,43.5,100,26.98,14.76,0,62.9
380.7578125,43.75,38.45,43.5,100,26.98,14.76,0,62.9
380.765625,42,36.5,43.5,100,26.98,14.76,0,62.9
380.7734375,44.15,36.3,43.5,100,26.98,14.76,0,62.9
380.78125,43.1,33.25,43.5,100,26.98,14.76,0,62.9
380.7890625,44.15,33.6,43.5,100,26.98,14.76,0,62.9
380.796875,44.45,33.8,43.5,100,26.98,14.76,0,62.9
380.8046875,49.4,37.5,43.5,100,26.98,14.76,0,62.9
380.8125,51.05,39.2,43.5,100,26.98,14.76,0,62.9
380.8203125,48.75,39.6,43.5,100,26.98,14.76,0,62.9
380.828125,46.1,39.95,43.5,100,26.98,14.76,0,62.9
380.8359375,45.85,43,43.5,100,26.98,14.76,0,62.9
380.84375,47.45,46.5,43.5,100,26.98,14.76,0,62.9
380.8515625,47.85,48.8,43.5,100,26.98,14.76,0,62.9
380.859375,49.35,52,43.5,100,26.98,14.76,0,62.9
380.8671875,46.2,53.05,43.5,100,26.98,14.76,0,62.9
380.875,47.2,56.25,43.5,100,26.98,14.76,0,62.9
380.8828125,46.15,56.45,43.5,100,26.98,14.76,0,62.9
380.890625,48.15,57.7,43.5,100,26.98,14.76,0,62.9
380.8984375,48.6,56.85,43.5,100,26.98,14.76,0,62.9
380.90625,52.7,58.9,43.5,100,26.98,14.76,0,62.9
380.9140625,53.9,58.9,43.5,100,26.98,14.76,0,62.9
380.921875,57.45,60.85,43.5,100,26.98,14.76,0,62.9
380.9296875,57.8,59.3,43.5,100,26.98,14.76,0,62.9
380.9375,60.45,61.65,43.5,100,26.98,14.76,0,62.9
380.9453125,63.9,64.95,43.5,100,26.98,14.76,0,62.9
380.953125,65.2,66.7,43.5,100,26.98,14.76,0,62.9
380.9609375,67.35,68.5,43.5,100,26.98,14.76,0,62.9
380.96875,70.65,70.65,43.5,100,26.98,14.76,0,62.9
380.9765625,72.25,70.4,43.5,100,26.98,14.76,0,62.9
380.984375,68.1,67.35,43.5,100,26.98,14.76,0,62.9
380.9921875,66.2,67.3,43.5,100,26.98,14.76,0,62.9
381,63.2,67.25,43.5,100,26.98,14.76,0,62.9
381.0078125,68.15,70.8,43.5,100,26.98,14.76,0,62.9
381.015625,69.7,70.15,43.5,100,26.98,14.76,0,62.9
381.0234375,70.25,70.1,43.5,100,26.98,14.76,0,62.9
381.03125,66.7,67.45,43.5,100,26.98,14.76,0,62.9
381.0390625,67.65,66.8,43.5,100,26.98,14.76,0,62.9
381.046875,68.2,65.45,43.5,100,26.98,14.76,0,62.9
381.0546875,70.85,66.95,43.5,100,26.98,14.76,0,62.9
381.0625,66.45,64.15,43.5,100,26.98,14.76,0,62.9
381.0703125,58.65,60.65,43.5,100,26.98,14.76,0,62.9
381.078125,54.65,57.5,43.5,100,26.98,14.76,0,62.9
381.0859375,56.2,56.5,43.5,100,26.98,14.76,0,62.9
381.09375,59.95,58.5,43.5,100,26.98,14.76,0,62.9
381.1015625,58.9,59.1,43.5,100,26.98,14.76,0,62.9
381.109375,56.85,58.45,43.5,100,26.98,14.76,0,62.9
381.1171875,52.75,55.15,43.5,100,26.98,14.76,0,62.9
381.125,52.8,53.6,43.5,100,26.98,14.76,0,62.9
381.1328125,47.75,49.1,43.5,100,26.98,14.76,0,62.9
381.140625,45.1,47.55,43.5,100,26.98,14.76,0,62.9
381.1484375,43.3,45.35,43.5,100,26.98,14.76,0,62.9
381.15625,51,50.35,44.4,100,26.72,14.67,0,62.95
381.1640625,57.85,54.05,44.4,100,26.72,14.67,0,62.95
381.171875,63.85,57.25,44.4,100,26.72,14.67,0,62.95
381.1796875,64.6,56.8,44.4,100,26.72,14.67,0,62.95
381.1875,63.35,56.7,44.4,100,26.72,14.67,0,62.95
381.1953125,59.75,53.55,44.4,100,26.72,14.67,0,62.95
381.203125,58.2,52.45,44.4,100,26.72,14.67,0,62.95
381.2109375,58.95,52.65,44.4,100,26.72,14.67,0,62.95
381.21875,58.9,52.15,44.4,100,26.72,14.67,0,62.95
381.2265625,59.75,53,44.4,100,26.72,14.67,0,62.95
381.234375,55.5,51.75,44.4,100,26.72,14.67,0,62.95
381.2421875,53.35,50.45,44.4,100,26.72,14.67,0,62.95
381.25,51.15,47.9,44.4,100,26.72,14.67,0,62.95
381.2578125,52.8,48.5,44.4,100,26.72,14.67,0,62.95
381.265625,49.6,45.8,44.4,100,26.72,14.67,0,62.95
381.2734375,50.45,46.05,44.4,100,26.72,14.67,0,62.95
381.28125,48.9,44.55,44.4,100,26.72,14.67,0,62.95
381.2890625,49.35,45.75,44.4,100,26.72,14.67,0,62.95
381.296875,46.85,45.55,44.4,100,26.72,14.67,0,62.95
381.3046875,46.45,47.25,44.4,100,26.72,14.67,0,62.95
381.3125,46.95,47.45,44.4,100,26.72,14.67,0,62.95
381.3203125,50.05,48.5,44.4,100,26.72,14.67,0,62.95
381.328125,53.65,48.55,44.4,100,26.72,14.67,0,62.95
381.3359375,56.05,48.5,44.4,100,26.72,14.67,0,62.95
381.34375,57.5,48.8,44.4,100,26.72,14.67,0,62.95
381.3515625,54.6,47.65,44.4,100,26.72,14.67,0,62.95
381.359375,53.75,47.9,44.4,100,26.72,14.67,0,62.95
381.3671875,51.2,47.9,44.4,100,26.72,14.67,0,62.95
381.375,51.3,50.3,44.4,100,26.72,14.67,0,62.95
381.3828125,47.25,48.9,44.4,100,26.72,14.67,0,62.95
381.390625,47.1,50.35,44.4,100,26.72,14.67,0,62.95
381.3984375,44.65,49.45,44.4,100,26.72,14.67,0,62.95
381.40625,42.8,48.9,44.4,100,26.72,14.67,0,62.95
381.4140625,36.75,44.7,44.4,100,26.72,14.67,0,62.95
381.421875,36.15,43.45,44.4,100,26.72,14.67,0,62.95
381.4296875,38,42,44.4,100,26.72,14.67,0,62.95
381.4375,44.65,45,44.4,100,26.72,14.67,0,62.95
381.4453125,50.35,47.3,44.4,100,26.72,14.67,0,62.95
381.453125,48.8,47.1,44.4,100,26.72,14.67,0,62.95
381.4609375,40.35,43.6,44.4,100,26.72,14.67,0,62.95
381.46875,33.7,41.35,44.4,100,26.72,14.67,0,62.95
381.4765625,33.3,41.5,44.4,100,26.72,14.67,0,62.95
381.484375,29.65,39.8,44.4,100,26.72,14.67,0,62.95
381.4921875,27.6,39.2,44.4,100,26.72,14.67,0,62.95
381.5,23.15,36.5,44.4,100,26.72,14.67,0,62.95
381.5078125,22.15,36.75,44.4,100,26.72,14.67,0,62.95
381.515625,20.95,37.2,44.4,100,26.72,14.67,0,62.95
381.5234375,26.25,41.1,44.4,100,26.72,14.67,0,62.95
381.53125,26.75,40.05,44.4,100,26.72,14.67,0,62.95
381.5390625,28.4,40.85,44.4,100,26.72,14.67,0,62.95
381.546875,28.4,40.35,44.4,100,26.72,14.67,0,62.95
381.5546875,27.4,39.55,44.4,100,26.72,14.67,0,62.95
381.5625,21.15,35.4,44.4,100,26.72,14.67,0,62.95
381.5703125,17.3,33.35,44.4,100,26.72,14.67,0,62.95
381.578125,16.75,31.85,44.4,100,26.72,14.67,0,62.95
381.5859375,16.15,31,44.4,100,26.72,14.67,0,62.95
381.59375,16.9,30.7,44.4,100,26.72,14.67,0,62.95
381.6015625,15,28.85,44.4,100,26.72,14.67,0,62.95
381.609375,14.15,28.05,44.4,100,26.72,14.67,0,62.95
381.6171875,9.85,25.2,44.4,100,26.72,14.67,0,62.95
381.625,6.95,23.85,44.4,100,26.72,14.67,0,62.95
381.6328125,-1.3,19.35,44.4,100,26.72,14.67,0,62.95
381.640625,-4.9,17.8,44.4,100,26.72,14.67,0,62.95
381.6484375,-8.15,15.85,44.4,100,26.72,14.67,0,62.95
381.65625,-5.9,18,44.4,100,26.72,14.67,0,62.95
381.6640625,-4.05,17.75,44.4,100,26.72,14.67,0,62.95
381.671875,2.55,21.25,44.4,100,26.72,14.67,0,62.95
381.6796875,4.95,21.85,44.4,100,26.72,14.67,0,62.95
381.6875,4.75,20.6,44.4,100,26.72,14.67,0,62.95
381.6953125,2.95,17.4,44.4,100,26.72,14.67,0,62.95
381.703125,2.25,15.65,44.4,100,26.72,14.67,0,62.95
381.7109375,1.4,14.15,44.4,100,26.72,14.67,0,62.95
381.71875,-1.5,12.7,44.4,100,26.72,14.67,0,62.95
381.7265625,-2.2,13.5,44.4,100,26.72,14.67,0,62.95
381.734375,-5.6,13.85,44.4,100,26.72,14.67,0,62.95
381.7421875,-5.6,15.65,44.4,100,26.72,14.67,0,62.95
381.75,-5.4,15.3,44.4,100,26.72,14.67,0,62.95
381.7578125,-1.9,17,44.4,100,26.72,14.67,0,62.95
381.765625,-2.5,16.15,44.4,100,26.72,14.67,0,62.95
381.7734375,1.65,19.25,44.4,100,26.72,14.67,0,62.95
381.78125,3.25,20.05,44.4,100,26.72,14.67,0,62.95
381.7890625,6.65,22.1,44.4,100,26.72,14.67,0,62.95
381.796875,5.6,19.85,44.4,100,26.72,14.67,0,62.95
381.8046875,2.65,16.75,44.4,100,26.72,14.67,0,62.95
381.8125,-2.9,12.65,44.4,100,26.72,14.67,0,62.95
381.8203125,-3.65,14,44.4,100,26.72,14.67,0,62.95
381.828125,-0.1,17.2,44.4,100,26.72,14.67,0,62.95
381.8359375,1.4,18.35,44.4,100,26.72,14.67,0,62.95
381.84375,0.45,18.55,44.4,100,26.72,14.67,0,62.95
381.8515625,-2.05,18,44.4,100,26.72,14.67,0,62.95
381.859375,0.2,19.9,44.4,100,26.72,14.67,0,62.95
381.8671875,-1.75,19.1,44.4,100,26.72,14.67,0,62.95
381.875,-2.9,19.35,44.4,100,26.72,14.67,0,62.95
381.8828125,-6.85,17.8,44.4,100,26.72,14.67,0,62.95
381.890625,-7.25,18.75,44.4,100,26.72,14.67,0,62.95
381.8984375,-9.45,16.75,44.4,100,26.72,14.67,0,62.95
381.90625,-4.9,19.1,44.4,100,26.72,14.67,0,62.95
381.9140625,-2.95,19.55,44.4,100,26.72,14.67,0,62.95
381.921875,-1.05,20.65,44.4,100,26.72,14.67,0,62.95
381.9296875,-0.7,20.6,44.4,100,26.72,14.67,0,62.95
381.9375,0.95,22.7,44.4,100,26.72,14.67,0,62.95
381.9453125,-0.05,22.35,44.4,100,26.72,14.67,0,62.95
381.953125,-2.1,22.55,44.4,100,26.72,14.67,0,62.95
381.9609375,-2.55,23.05,44.4,100,26.72,14.67,0,62.95
381.96875,-2.25,23.35,44.4,100,26.72,14.67,0,62.95
381.9765625,0.65,24.55,44.4,100,26.72,14.67,0,62.95
381.984375,-0.7,23.45,44.4,100,26.72,14.67,0,62.95
381.9921875,-1.05,23.15,44.4,100,26.72,14.67,0,62.95
382,-3.05,21.95,44.4,100,26.72,14.67,0,62.95
382.0078125,-0.6,24.55,44.4,100,26.72,14.67,0,62.95
382.015625,-1.7,24.05,44.4,100,26.72,14.67,0,62.95
382.0234375,0.3,24.65,44.4,100,26.72,14.67,0,62.95
382.03125,0.2,23.75,44.4,100,26.72,14.67,0,62.95
382.0390625,2.35,25.6,44.4,100,26.72,14.67,0,62.95
382.046875,2.55,25.65,44.4,100,26.72,14.67,0,62.95
382.0546875,6.1,27.9,44.4,100,26.72,14.67,0,62.95
382.0625,9.05,28.45,44.4,100,26.72,14.67,0,62.95
382.0703125,9.55,28.2,44.4,100,26.72,14.67,0,62.95
382.078125,6.55,26.15,44.4,100,26.72,14.67,0,62.95
382.0859375,3.95,24.35,44.4,100,26.72,14.67,0,62.95
382.09375,6.95,26.05,44.4,100,26.72,14.67,0,62.95
382.1015625,8.8,29.1,44.4,100,26.72,14.67,0,62.95
382.109375,13.35,33.2,44.4,100,26.72,14.67,0,62.95
382.1171875,14.6,32.7,44.4,100,26.72,14.67,0,62.95
382.125,16.85,33.1,44.4,100,26.72,14.67,0,62.95
382.1328125,18.15,32.65,44.4,100,26.72,14.67,0,62.95
382.140625,26.3,35.4,44.4,100,26.72,14.67,0,62.95
382.1484375,28.35,33.5,44.4,100,26.72,14.67,0,62.95
382.15625,28.6,33.9,42.9,100,26.77,14.6,0,63.02
382.1640625,24.85,33.35,42.9,100,26.77,14.6,0,63.02
382.171875,23.15,34.6,42.9,100,26.77,14.6,0,63.02
382.1796875,18.65,32.5,42.9,100,26.77,14.6,0,63.02
382.1875,17.6,31.95,42.9,100,26.77,14.6,0,63.02
382.1953125,19.65,31.9,42.9,100,26.77,14.6,0,63.02
382.203125,24.8,34.85,42.9,100,26.77,14.6,0,63.02
382.2109375,32.9,39.7,42.9,100,26.77,14.6,0,63.02
382.21875,38.4,43.4,42.9,100,26.77,14.6,0,63.02
382.2265625,39.1,44.8,42.9,100,26.77,14.6,0,63.02
382.234375,32.75,42.1,42.9,100,26.77,14.6,0,63.02
382.2421875,31,42,42.9,100,26.77,14.6,0,63.02
382.25,26.65,40.75,42.9,100,26.77,14.6,0,63.02
382.2578125,22.6,39.6,42.9,100,26.77,14.6,0,63.02
382.265625,18,35.55,42.9,100,26.77,14.6,0,63.02
382.2734375,21.8,36.75,42.9,100,26.77,14.6,0,63.02
382.28125,23.4,37.15,42.9,100,26.77,14.6,0,63.02
382.2890625,27,39.4,42.9,100,26.77,14.6,0,63.02
382.296875,28.2,39.2,42.9,100,26.77,14.6,0,63.02
382.3046875,29.7,39.5,42.9,100,26.77,14.6,0,63.02
382.3125,30.75,39.1,42.9,100,26.77,14.6,0,63.02
382.3203125,35.75,41.95,42.9,100,26.77,14.6,0,63.02
382.328125,41.05,45.35,42.9,100,26.77,14.6,0,63.02
382.3359375,43.5,47.35,42.9,100,26.77,14.6,0,63.02
382.34375,44.8,48.55,42.9,100,26.77,14.6,0,63.02
382.3515625,42.05,46.5,42.9,100,26.77,14.6,0,63.02
382.359375,38.15,43.95,42.9,100,26.77,14.6,0,63.02
382.3671875,28.3,37.95,42.9,100,26.77,14.6,0,63.02
382.375,25.9,36.95,42.9,100,26.77,14.6,0,63.02
382.3828125,29.45,38.95,42.9,100,26.77,14.6,0,63.02
382.390625,36.75,45.05,42.9,100,26.77,14.6,0,63.02
382.3984375,35.65,45.55,42.9,100,26.77,14.6,0,63.02
382.40625,39.85,48.55,42.9,100,26.77,14.6,0,63.02
382.4140625,42.75,49.1,42.9,100,26.77,14.6,0,63.02
382.421875,44.4,49.2,42.9,100,26.77,14.6,0,63.02
382.4296875,45.6,46.8,42.9,100,26.77,14.6,0,63.02
382.4375,50.35,48.4,42.9,100,26.77,14.6,0,63.02
382.4453125,50.95,48.3,42.9,100,26.77,14.6,0,63.02
382.453125,48.15,47.3,42.9,100,26.77,14.6,0,63.02
382.4609375,45.75,45.65,42.9,100,26.77,14.6,0,63.02
382.46875,42.15,43.8,42.9,100,26.77,14.6,0,63.02
382.4765625,39.2,42.3,42.9,100,26.77,14.6,0,63.02
382.484375,32.85,39.4,42.9,100,26.77,14.6,0,63.02
382.4921875,30.95,38.6,42.9,100,26.77,14.6,0,63.02
382.5,28.2,36.95,42.9,100,26.77,14.6,0,63.02
382.5078125,28.5,37.45,42.9,100,26.77,14.6,0,63.02
382.515625,25.4,34.7,42.9,100,26.77,14.6,0,63.02
382.5234375,25.3,33.55,42.9,100,26.77,14.6,0,63.02
382.53125,24,31.65,42.9,100,26.77,14.6,0,63.02
382.5390625,28.15,34.35,42.9,100,26.77,14.6,0,63.02
382.546875,29.25,35.35,42.9,100,26.77,14.6,0,63.02
382.5546875,30.15,36.9,42.9,100,26.77,14.6,0,63.02
382.5625,31.1,36.9,42.9,100,26.77,14.6,0,63.02
382.5703125,30.5,36.05,42.9,100,26.77,14.6,0,63.02
382.578125,27,33,42.9,100,26.77,14.6,0,63.02
382.5859375,25.2,30.8,42.9,100,26.77,14.6,0,63.02
382.59375,27.8,31.65,42.9,100,26.77,14.6,0,63.02
382.6015625,27.85,31.15,42.9,100,26.77,14.6,0,63.02
382.609375,29.75,31.9,42.9,100,26.77,14.6,0,63.02
382.6171875,27.8,30.5,42.9,100,26.77,14.6,0,63.02
382.625,28.35,30.8,42.9,100,26.77,14.6,0,63.02
382.6328125,25.5,28.3,42.9,100,26.77,14.6,0,63.02
382.640625,25.8,28.35,42.9,100,26.77,14.6,0,63.02
382.6484375,23.55,27.05,42.9,100,26.77,14.6,0,63.02
382.65625,25.35,30.55,42.9,100,26.77,14.6,0,63.02
382.6640625,23.2,29.75,42.9,100,26.77,14.6,0,63.02
382.671875,23.7,29.15,42.9,100,26.77,14.6,0,63.02
382.6796875,23.8,27.5,42.9,100,26.77,14.6,0,63.02
382.6875,24.5,27.65,42.9,100,26.77,14.6,0,63.02
382.6953125,23.7,25.3,42.9,100,26.77,14.6,0,63.02
382.703125,22.2,23.65,42.9,100,26.77,14.6,0,63.02
382.7109375,21.4,22.9,42.9,100,26.77,14.6,0,63.02
382.71875,21.2,23.1,42.9,100,26.77,14.6,0,63.02
382.7265625,24.6,25.15,42.9,100,26.77,14.6,0,63.02
382.734375,26.85,27.5,42.9,100,26.77,14.6,0,63.02
382.7421875,30.7,30.6,42.9,100,26.77,14.6,0,63.02
382.75,27.6,28.2,42.9,100,26.77,14.6,0,63.02
382.7578125,27.45,27.3,42.9,100,26.77,14.6,0,63.02
382.765625,27.3,26.1,42.9,100,26.77,14.6,0,63.02
382.7734375,29.9,27.1,42.9,100,26.77,14.6,0,63.02
382.78125,28.6,25.7,42.9,100,26.77,14.6,0,63.02
382.7890625,30.15,27.6,42.9,100,26.77,14.6,0,63.02
382.796875,27.35,25.9,42.9,100,26.77,14.6,0,63.02
382.8046875,26.85,25.35,42.9,100,26.77,14.6,0,63.02
382.8125,28.65,24.8,42.9,100,26.77,14.6,0,63.02
382.8203125,30.75,24.25,42.9,100,26.77,14.6,0,63.02
382.828125,30.15,22.65,42.9,100,26.77,14.6,0,63.02
382.8359375,26.35,21.6,42.9,100,26.77,14.6,0,63.02
382.84375,25.7,21.6,42.9,100,26.77,14.6,0,63.02
382.8515625,27.35,22.05,42.9,100,26.77,14.6,0,63.02
382.859375,30.75,24.3,42.9,100,26.77,14.6,0,63.02
382.8671875,26.6,22.45,42.9,100,26.77,14.6,0,63.02
382.875,25.1,22.4,42.9,100,26.77,14.6,0,63.02
382.8828125,22.55,20.65,42.9,100,26.77,14.6,0,63.02
382.890625,23.05,20.3,42.9,100,26.77,14.6,0,63.02
382.8984375,20.2,17,42.9,100,26.77,14.6,0,63.02
382.90625,21.85,17.85,42.9,100,26.77,14.6,0,63.02
382.9140625,22.55,17.45,42.9,100,26.77,14.6,0,63.02
382.921875,26.25,19,42.9,100,26.77,14.6,0,63.02
382.9296875,26.35,19.05,42.9,100,26.77,14.6,0,63.02
382.9375,25.4,19.9,42.9,100,26.77,14.6,0,63.02
382.9453125,23.1,18.8,42.9,100,26.77,14.6,0,63.02
382.953125,20.3,17.45,42.9,100,26.77,14.6,0,63.02
382.9609375,18.55,16.2,42.9,100,26.77,14.6,0,63.02
382.96875,15,13.95,42.9,100,26.77,14.6,0,63.02
382.9765625,12.3,12.4,42.9,100,26.77,14.6,0,63.02
382.984375,7.45,9.05,42.9,100,26.77,14.6,0,63.02
382.9921875,7,8.7,42.9,100,26.77,14.6,0,63.02
383,5.35,7.6,42.9,100,26.77,14.6,0,63.02
383.0078125,5.6,8.55,42.9,100,26.77,14.6,0,63.02
383.015625,0.15,5.85,42.9,100,26.77,14.6,0,63.02
383.0234375,1.25,6.5,42.9,100,26.77,14.6,0,63.02
383.03125,2.1,5.15,42.9,100,26.77,14.6,0,63.02
383.0390625,5.25,7.15,42.9,100,26.77,14.6,0,63.02
383.046875,7.75,8.45,42.9,100,26.77,14.6,0,63.02
383.0546875,12.45,11.2,42.9,100,26.77,14.6,0,63.02
383.0625,12.15,9.95,42.9,100,26.77,14.6,0,63.02
383.0703125,12.05,8.55,42.9,100,26.77,14.6,0,63.02
383.078125,11,5.75,42.9,100,26.77,14.6,0,63.02
383.0859375,6.9,2.45,42.9,100,26.77,14.6,0,63.02
383.09375,6.3,1.35,42.9,100,26.77,14.6,0,63.02
383.1015625,4.8,0.4,42.9,100,26.77,14.6,0,63.02
383.109375,4,0.4,42.9,100,26.77,14.6,0,63.02
383.1171875,2.95,-0.4,42.9,100,26.77,14.6,0,63.02
383.125,6.5,1.45,42.9,100,26.77,14.6,0,63.02
383.1328125,5.85,0.5,42.9,100,26.77,14.6,0,63.02
383.140625,8.4,1.4,42.9,100,26.77,14.6,0,63.02
383.1484375,7.25,-0.4,42.9,100,26.77,14.6,0,63.02
383.15625,8.3,0.35,43.3,100,26.94,14.68,0,62.78
383.1640625,7.4,-0.3,43.3,100,26.94,14.68,0,62.78
383.171875,8.3,0.6,43.3,100,26.94,14.68,0,62.78
383.1796875,5.6,-1.7,43.3,100,26.94,14.68,0,62.78
383.1875,2.7,-4.4,43.3,100,26.94,14.68,0,62.78
383.1953125,0.35,-6.8,43.3,100,26.94,14.68,0,62.78
383.203125,0.95,-6.9,43.3,100,26.94,14.68,0,62.78
383.2109375,6.2,-4.45,43.3,100,26.94,14.68,0,62.78
383.21875,9.75,-2.5,43.3,100,26.94,14.68,0,62.78
383.2265625,10.9,-1.7,43.3,100,26.94,14.68,0,62.78
383.234375,9.75,-2.65,43.3,100,26.94,14.68,0,62.78
383.2421875,15.95,0.7,43.3,100,26.94,14.68,0,62.78
383.25,19.85,2.1,43.3,100,26.94,14.68,0,62.78
383.2578125,22.9,4.2,43.3,100,26.94,14.68,0,62.78
383.265625,19.95,2.9,43.3,100,26.94,14.68,0,62.78
383.2734375,21.1,4.75,43.3,100,26.94,14.68,0,62.78
383.28125,21.15,4.85,43.3,100,26.94,14.68,0,62.78
383.2890625,24.7,7.55,43.3,100,26.94,14.68,0,62.78
383.296875,27.35,7.85,43.3,100,26.94,14.68,0,62.78
383.3046875,31.7,10.1,43.3,100,26.94,14.68,0,62.78
383.3125,34.05,11.3,43.3,100,26.94,14.68,0,62.78
383.3203125,37.5,15.15,43.3,100,26.94,14.68,0,62.78
383.328125,40.4,18.8,43.3,100,26.94,14.68,0,62.78
383.3359375,37.2,20.1,43.3,100,26.94,14.68,0,62.78
383.34375,33.85,20.05,43.3,100,26.94,14.68,0,62.78
383.3515625,32.25,19.85,43.3,100,26.94,14.68,0,62.78
383.359375,36.35,23.45,43.3,100,26.94,14.68,0,62.78
383.3671875,36.3,25.5,43.3,100,26.94,14.68,0,62.78
383.375,36.3,27.45,43.3,100,26.94,14.68,0,62.78
383.3828125,33,26.6,43.3,100,26.94,14.68,0,62.78
383.390625,36.35,29.85,43.3,100,26.94,14.68,0,62.78
383.3984375,37.55,30.25,43.3,100,26.94,14.68,0,62.78
383.40625,40.8,32.1,43.3,100,26.94,14.68,0,62.78
383.4140625,40.3,31.25,43.3,100,26.94,14.68,0,62.78
383.421875,42.9,31.9,43.3,100,26.94,14.68,0,62.78
383.4296875,44.25,31.2,43.3,100,26.94,14.68,0,62.78
383.4375,46.15,32.6,43.3,100,26.94,14.68,0,62.78
383.4453125,47.3,33.25,43.3,100,26.94,14.68,0,62.78
383.453125,48.1,35.05,43.3,100,26.94,14.68,0,62.78
383.4609375,46.05,35.05,43.3,100,26.94,14.68,0,62.78
383.46875,41.55,32.75,43.3,100,26.94,14.68,0,62.78
383.4765625,40.55,32.15,43.3,100,26.94,14.68,0,62.78
383.484375,40.1,31.1,43.3,100,26.94,14.68,0,62.78
383.4921875,44,31.95,43.3,100,26.94,14.68,0,62.78
383.5,44.5,31.1,43.3,100,26.94,14.68,0,62.78
383.5078125,48.3,33.45,43.3,100,26.94,14.68,0,62.78
383.515625,50.75,34.7,43.3,100,26.94,14.68,0,62.78
383.5234375,52.65,36.8,43.3,100,26.94,14.68,0,62.78
383.53125,49.65,34.25,43.3,100,26.94,14.68,0,62.78
383.5390625,49.9,33.6,43.3,100,26.94,14.68,0,62.78
383.546875,48.25,30.55,43.3,100,26.94,14.68,0,62.78
383.5546875,48.45,29.15,43.3,100,26.94,14.68,0,62.78
383.5625,51.3,29.7,43.3,100,26.94,14.68,0,62.78
383.5703125,54.75,32.8,43.3,100,26.94,14.68,0,62.78
383.578125,56.95,34.35,43.3,100,26.94,14.68,0,62.78
383.5859375,55.35,33.95,43.3,100,26.94,14.68,0,62.78
383.59375,52.35,32.75,43.3,100,26.94,14.68,0,62.78
383.6015625,47.9,30.05,43.3,100,26.94,14.68,0,62.78
383.609375,48.4,29.6,43.3,100,26.94,14.68,0,62.78
383.6171875,46.1,27.5,43.3,100,26.94,14.68,0,62.78
383.625,47.2,28.55,43.3,100,26.94,14.68,0,62.78
383.6328125,45.65,28.1,43.3,100,26.94,14.68,0,62.78
383.640625,45.1,28.5,43.3,100,26.94,14.68,0,62.78
383.6484375,40.05,24.9,43.3,100,26.94,14.68,0,62.78
383.65625,39.4,24.05,43.3,100,26.94,14.68,0,62.78
383.6640625,38.2,21.8,43.3,100,26.94,14.68,0,62.78
383.671875,40.3,22.8,43.3,100,26.94,14.68,0,62.78
383.6796875,40.75,22.65,43.3,100,26.94,14.68,0,62.78
383.6875,41.25,22.65,43.3,100,26.94,14.68,0,62.78
383.6953125,41.05,21.7,43.3,100,26.94,14.68,0,62.78
383.703125,42.1,22.1,43.3,100,26.94,14.68,0,62.78
383.7109375,41.65,22.05,43.3,100,26.94,14.68,0,62.78
383.71875,38.9,20.2,43.3,100,26.94,14.68,0,62.78
383.7265625,39.7,19.55,43.3,100,26.94,14.68,0,62.78
383.734375,37.65,18,43.3,100,26.94,14.68,0,62.78
383.7421875,38,18.55,43.3,100,26.94,14.68,0,62.78
383.75,36,16.45,43.3,100,26.94,14.68,0,62.78
383.7578125,36.9,16.6,43.3,100,26.94,14.68,0,62.78
383.765625,38.35,17.8,43.3,100,26.94,14.68,0,62.78
383.7734375,46,23.65,43.3,100,26.94,14.68,0,62.78
383.78125,46.3,24.55,43.3,100,26.94,14.68,0,62.78
383.7890625,45.85,25.85,43.3,100,26.94,14.68,0,62.78
383.796875,44.9,25.7,43.3,100,26.94,14.68,0,62.78
383.8046875,45.9,26,43.3,100,26.94,14.68,0,62.78
383.8125,47.5,25.4,43.3,100,26.94,14.68,0,62.78
383.8203125,49.85,26.95,43.3,100,26.94,14.68,0,62.78
383.828125,51.5,28,43.3,100,26.94,14.68,0,62.78
383.8359375,52.8,27.95,43.3,100,26.94,14.68,0,62.78
383.84375,52.8,27.85,43.3,100,26.94,14.68,0,62.78
383.8515625,47.6,25.55,43.3,100,26.94,14.68,0,62.78
383.859375,47.05,25.35,43.3,100,26.94,14.68,0,62.78
383.8671875,48.15,25.1,43.3,100,26.94,14.68,0,62.78
383.875,51.2,26.45,43.3,100,26.94,14.68,0,62.78
383.8828125,50.75,25.05,43.3,100,26.94,14.68,0,62.78
383.890625,52.85,27.45,43.3,100,26.94,14.68,0,62.78
383.8984375,50,27.1,43.3,100,26.94,14.68,0,62.78
383.90625,49,27.7,43.3,100,26.94,14.68,0,62.78
383.9140625,47.85,26.75,43.3,100,26.94,14.68,0,62.78
383.921875,51.4,29.3,43.3,100,26.94,14.68,0,62.78
383.9296875,55.1,31.1,43.3,100,26.94,14.68,0,62.78
383.9375,59.4,34,43.3,100,26.94,14.68,0,62.78
383.9453125,58.4,33.3,43.3,100,26.94,14.68,0,62.78
383.953125,53.7,31.7,43.3,100,26.94,14.68,0,62.78
383.9609375,51.1,30.5,43.3,100,26.94,14.68,0,62.78
383.96875,49.4,28.65,43.3,100,26.94,14.68,0,62.78
383.9765625,49.45,27.8,43.3,100,26.94,14.68,0,62.78
383.984375,46.3,25.85,43.3,100,26.94,14.68,0,62.78
383.9921875,44.1,25.95,43.3,100,26.94,14.68,0,62.78
384,39.15,26,43.3,100,26.94,14.68,0,62.78
384.0078125,39.8,28.6,43.3,100,26.94,14.68,0,62.78
384.015625,40.2,28.65,43.3,100,26.94,14.68,0,62.78
384.0234375,41.9,29.8,43.3,100,26.94,14.68,0,62.78
384.03125,38.75,27.75,43.3,100,26.94,14.68,0,62.78
384.0390625,37.15,27.85,43.3,100,26.94,14.68,0,62.78
384.046875,33.8,27.1,43.3,100,26.94,14.68,0,62.78
384.0546875,32.05,26.9,43.3,100,26.94,14.68,0,62.78
384.0625,30.65,24.9,43.3,100,26.94,14.68,0,62.78
384.0703125,32.9,25.45,43.3,100,26.94,14.68,0,62.78
384.078125,38.2,27.3,43.3,100,26.94,14.68,0,62.78
384.0859375,41.7,28.75,43.3,100,26.94,14.68,0,62.78
384.09375,45.95,32,43.3,100,26.94,14.68,0,62.78
384.1015625,49,34.65,43.3,100,26.94,14.68,0,62.78
384.109375,51.05,36,43.3,100,26.94,14.68,0,62.78
384.1171875,48.6,34.65,43.3,100,26.94,14.68,0,62.78
384.125,50.9,37.75,43.3,100,26.94,14.68,0,62.78
384.1328125,52.15,38.2,43.3,100,26.94,14.68,0,62.78
384.140625,55.95,39.45,43.3,100,26.94,14.68,0,62.78
384.1484375,54.6,37.6,43.3,100,26.94,14.68,0,62.78
384.15625,53.1,37.25,42.3,100,26.85,14.73,0,62.75
384.1640625,48.95,35.35,42.3,100,26.85,14.73,0,62.75
384.171875,48.6,37,42.3,100,26.85,14.73,0,62.75
384.1796875,47.4,36.8,42.3,100,26.85,14.73,0,62.75
384.1875,46.3,36.75,42.3,100,26.85,14.73,0,62.75
384.1953125,44.2,34.75,42.3,100,26.85,14.73,0,62.75
384.203125,42.5,32.45,42.3,100,26.85,14.73,0,62.75
384.2109375,41.2,30.95,42.3,100,26.85,14.73,0,62.75
384.21875,40.05,31.8,42.3,100,26.85,14.73,0,62.75
384.2265625,44.15,36.45,42.3,100,26.85,14.73,0,62.75
384.234375,46.75,40,42.3,100,26.85,14.73,0,62.75
384.2421875,49.85,43,42.3,100,26.85,14.73,0,62.75
384.25,48.1,41.45,42.3,100,26.85,14.73,0,62.75
384.2578125,47.1,39.55,42.3,100,26.85,14.73,0,62.75
384.265625,43,35.45,42.3,100,26.85,14.73,0,62.75
384.2734375,43,34.75,42.3,100,26.85,14.73,0,62.75
384.28125,41.3,32.95,42.3,100,26.85,14.73,0,62.75
384.2890625,42.05,33.15,42.3,100,26.85,14.73,0,62.75
384.296875,39.25,30.35,42.3,100,26.85,14.73,0,62.75
384.3046875,36.9,28.75,42.3,100,26.85,14.73,0,62.75
384.3125,37.15,28.45,42.3,100,26.85,14.73,0,62.75
384.3203125,40,31.45,42.3,100,26.85,14.73,0,62.75
384.328125,41.35,33.5,42.3,100,26.85,14.73,0,62.75
384.3359375,41.05,33.4,42.3,100,26.85,14.73,0,62.75
384.34375,40.35,32,42.3,100,26.85,14.73,0,62.75
384.3515625,36.1,28.1,42.3,100,26.85,14.73,0,62.75
384.359375,36.3,25.8,42.3,100,26.85,14.73,0,62.75
384.3671875,36.25,23.1,42.3,100,26.85,14.73,0,62.75
384.375,37.85,23.85,42.3,100,26.85,14.73,0,62.75
384.3828125,35.1,23.5,42.3,100,26.85,14.73,0,62.75
384.390625,35.55,26.5,42.3,100,26.85,14.73,0,62.75
384.3984375,34.6,27.5,42.3,100,26.85,14.73,0,62.75
384.40625,36.6,29.6,42.3,100,26.85,14.73,0,62.75
384.4140625,33.15,28.05,42.3,100,26.85,14.73,0,62.75
384.421875,30.55,27.75,42.3,100,26.85,14.73,0,62.75
384.4296875,31.35,26.8,42.3,100,26.85,14.73,0,62.75
384.4375,38.05,29.25,42.3,100,26.85,14.73,0,62.75
384.4453125,43,31.8,42.3,100,26.85,14.73,0,62.75
384.453125,44.75,34.15,42.3,100,26.85,14.73,0,62.75
384.4609375,45.25,34.1,42.3,100,26.85,14.73,0,62.75
384.46875,42.65,32.2,42.3,100,26.85,14.73,0,62.75
384.4765625,41.7,32,42.3,100,26.85,14.73,0,62.75
384.484375,41.2,30.3,42.3,100,26.85,14.73,0,62.75
384.4921875,44.4,28.6,42.3,100,26.85,14.73,0,62.75
384.5,43.65,25.45,42.3,100,26.85,14.73,0,62.75
384.5078125,43.8,25.85,42.3,100,26.85,14.73,0,62.75
384.515625,39.65,24.5,42.3,100,26.85,14.73,0,62.75
384.5234375,39.2,26.1,42.3,100,26.85,14.73,0,62.75
384.53125,39.55,26.95,42.3,100,26.85,14.73,0,62.75
384.5390625,44.15,28.95,42.3,100,26.85,14.73,0,62.75
384.546875,47.3,28.6,42.3,100,26.85,14.73,0,62.75
384.5546875,49,29.7,42.3,100,26.85,14.73,0,62.75
384.5625,42.9,27.1,42.3,100,26.85,14.73,0,62.75
384.5703125,36.15,25.1,42.3,100,26.85,14.73,0,62.75
384.578125,33.9,25.4,42.3,100,26.85,14.73,0,62.75
384.5859375,32.05,25.75,42.3,100,26.85,14.73,0,62.75
384.59375,33.35,26.25,42.3,100,26.85,14.73,0,62.75
384.6015625,38.4,27.9,42.3,100,26.85,14.73,0,62.75
384.609375,47.95,31.95,42.3,100,26.85,14.73,0,62.75
384.6171875,52.3,33.45,42.3,100,26.85,14.73,0,62.75
384.625,55.75,36.55,42.3,100,26.85,14.73,0,62.75
384.6328125,53,35.05,42.3,100,26.85,14.73,0,62.75
384.640625,52.9,34.9,42.3,100,26.85,14.73,0,62.75
384.6484375,50.6,33.15,42.3,100,26.85,14.73,0,62.75
384.65625,50.45,33.6,42.3,100,26.85,14.73,0,62.75
384.6640625,46.5,30.75,42.3,100,26.85,14.73,0,62.75
384.671875,44.55,29.7,42.3,100,26.85,14.73,0,62.75
384.6796875,41.4,27.5,42.3,100,26.85,14.73,0,62.75
384.6875,42.2,28.3,42.3,100,26.85,14.73,0,62.75
384.6953125,45.4,29.55,42.3,100,26.85,14.73,0,62.75
384.703125,49.1,31.85,42.3,100,26.85,14.73,0,62.75
384.7109375,52.3,34.15,42.3,100,26.85,14.73,0,62.75
384.71875,52.7,35.25,42.3,100,26.85,14.73,0,62.75
384.7265625,54.15,35.95,42.3,100,26.85,14.73,0,62.75
384.734375,54.95,35.25,42.3,100,26.85,14.73,0,62.75
384.7421875,59.55,36.05,42.3,100,26.85,14.73,0,62.75
384.75,61.75,36.95,42.3,100,26.85,14.73,0,62.75
384.7578125,66.6,42.05,42.3,100,26.85,14.73,0,62.75
384.765625,68.45,44.7,42.3,100,26.85,14.73,0,62.75
384.7734375,73.35,49.3,42.3,100,26.85,14.73,0,62.75
384.78125,73.75,50.7,42.3,100,26.85,14.73,0,62.75
384.7890625,71.85,49.75,42.3,100,26.85,14.73,0,62.75
384.796875,66.2,43.8,42.3,100,26.85,14.73,0,62.75
384.8046875,62.6,39.7,42.3,100,26.85,14.73,0,62.75
384.8125,59.4,37.6,42.3,100,26.85,14.73,0,62.75
384.8203125,59.65,40.7,42.3,100,26.85,14.73,0,62.75
384.828125,63.85,45.9,42.3,100,26.85,14.73,0,62.75
384.8359375,67.05,48.25,42.3,100,26.85,14.73,0,62.75
384.84375,66.9,47.2,42.3,100,26.85,14.73,0,62.75
384.8515625,61.8,42.85,42.3,100,26.85,14.73,0,62.75
384.859375,61.45,41.45,42.3,100,26.85,14.73,0,62.75
384.8671875,61.75,40.25,42.3,100,26.85,14.73,0,62.75
384.875,64.7,40.85,42.3,100,26.85,14.73,0,62.75
384.8828125,64.55,39.4,42.3,100,26.85,14.73,0,62.75
384.890625,68,41.15,42.3,100,26.85,14.73,0,62.75
384.8984375,65,38.95,42.3,100,26.85,14.73,0,62.75
384.90625,63,39.05,42.3,100,26.85,14.73,0,62.75
384.9140625,62.55,39.2,42.3,100,26.85,14.73,0,62.75
384.921875,64.55,41.35,42.3,100,26.85,14.73,0,62.75
384.9296875,62.4,39.05,42.3,100,26.85,14.73,0,62.75
384.9375,61.3,36.4,42.3,100,26.85,14.73,0,62.75
384.9453125,60.45,34.75,42.3,100,26.85,14.73,0,62.75
384.953125,60.3,35.8,42.3,100,26.85,14.73,0,62.75
384.9609375,63.4,38.25,42.3,100,26.85,14.73,0,62.75
384.96875,68.2,40.7,42.3,100,26.85,14.73,0,62.75
384.9765625,73.25,42.85,42.3,100,26.85,14.73,0,62.75
384.984375,72.1,40.9,42.3,100,26.85,14.73,0,62.75
384.9921875,70.85,39.65,42.3,100,26.85,14.73,0,62.75
385,67.9,36.15,42.3,100,26.85,14.73,0,62.75
385.0078125,69.5,34,42.3,100,26.85,14.73,0,62.75
385.015625,67.95,30.35,42.3,100,26.85,14.73,0,62.75
385.0234375,67.2,30.65,42.3,100,26.85,14.73,0,62.75
385.03125,62.55,29.15,42.3,100,26.85,14.73,0,62.75
385.0390625,62.65,31.15,42.3,100,26.85,14.73,0,62.75
385.046875,65.15,34.1,42.3,100,26.85,14.73,0,62.75
385.0546875,70.25,38.4,42.3,100,26.85,14.73,0,62.75
385.0625,71.85,37.65,42.3,100,26.85,14.73,0,62.75
385.0703125,70,34.9,42.3,100,26.85,14.73,0,62.75
385.078125,67.3,33.2,42.3,100,26.85,14.73,0,62.75
385.0859375,66.7,34.5,42.3,100,26.85,14.73,0,62.75
385.09375,68.95,36.05,42.3,100,26.85,14.73,0,62.75
385.1015625,69,35.65,42.3,100,26.85,14.73,0,62.75
385.109375,72.6,37.6,42.3,100,26.85,14.73,0,62.75
385.1171875,74.95,39.05,42.3,100,26.85,14.73,0,62.75
385.125,77.5,40.85,42.3,100,26.85,14.73,0,62.75
385.1328125,74.6,38.8,42.3,100,26.85,14.73,0,62.75
385.140625,73.7,38.55,42.3,100,26.85,14.73,0,62.75
385.1484375,68.85,35.35,42.3,100,26.85,14.73,0,62.75
385.15625,66.15,33.95,42,100,26.83,14.78,0,62.7
385.1640625,62.05,31.55,42,100,26.83,14.78,0,62.7
385.171875,63.8,33,42,100,26.83,14.78,0,62.7
385.1796875,65.5,33.8,42,100,26.83,14.78,0,62.7
385.1875,65.4,34.5,42,100,26.83,14.78,0,62.7
385.1953125,61.05,31.8,42,100,26.83,14.78,0,62.7
385.203125,56.7,29.15,42,100,26.83,14.78,0,62.7
385.2109375,54.4,28.1,42,100,26.83,14.78,0,62.7
385.21875,54.6,29.25,42,100,26.83,14.78,0,62.7
385.2265625,58.35,32.5,42,100,26.83,14.78,0,62.7
385.234375,58.5,32.75,42,100,26.83,14.78,0,62.7
385.2421875,60.5,32.95,42,100,26.83,14.78,0,62.7
385.25,60,30.75,42,100,26.83,14.78,0,62.7
385.2578125,60.75,30.55,42,100,26.83,14.78,0,62.7
385.265625,57.6,28.7,42,100,26.83,14.78,0,62.7
385.2734375,58.05,29.4,42,100,26.83,14.78,0,62.7
385.28125,57.25,27.95,42,100,26.83,14.78,0,62.7
385.2890625,57.65,27.45,42,100,26.83,14.78,0,62.7
385.296875,52.15,23.4,42,100,26.83,14.78,0,62.7
385.3046875,47.5,21.45,42,100,26.83,14.78,0,62.7
385.3125,46.95,21.45,42,100,26.83,14.78,0,62.7
385.3203125,49.55,23.65,42,100,26.83,14.78,0,62.7
385.328125,46.6,22.35,42,100,26.83,14.78,0,62.7
385.3359375,39.4,19.35,42,100,26.83,14.78,0,62.7
385.34375,39.05,17.8,42,100,26.83,14.78,0,62.7
385.3515625,42.65,17.6,42,100,26.83,14.78,0,62.7
385.359375,49.85,21.15,42,100,26.83,14.78,0,62.7
385.3671875,55.65,24.95,42,100,26.83,14.78,0,62.7
385.375,64.15,30.45,42,100,26.83,14.78,0,62.7
385.3828125,64.2,31.2,42,100,26.83,14.78,0,62.7
385.390625,62.85,32.15,42,100,26.83,14.78,0,62.7
385.3984375,58.9,29.75,42,100,26.83,14.78,0,62.7
385.40625,59.35,29.9,42,100,26.83,14.78,0,62.7
385.4140625,57.6,28.2,42,100,26.83,14.78,0,62.7
385.421875,57.4,29.55,42,100,26.83,14.78,0,62.7
385.4296875,54.1,28.7,42,100,26.83,14.78,0,62.7
385.4375,52.1,28.45,42,100,26.83,14.78,0,62.7
385.4453125,52.5,29.1,42,100,26.83,14.78,0,62.7
385.453125,53,29.55,42,100,26.83,14.78,0,62.7
385.4609375,51.25,27.25,42,100,26.83,14.78,0,62.7
385.46875,47.6,25.2,42,100,26.83,14.78,0,62.7
385.4765625,47.95,26.45,42,100,26.83,14.78,0,62.7
385.484375,47.85,25.65,42,100,26.83,14.78,0,62.7
385.4921875,49.3,25.6,42,100,26.83,14.78,0,62.7
385.5,43.95,21.8,42,100,26.83,14.78,0,62.7
385.5078125,43.1,22,42,100,26.83,14.78,0,62.7
385.515625,44.75,24.1,42,100,26.83,14.78,0,62.7
385.5234375,48.5,27.9,42,100,26.83,14.78,0,62.7
385.53125,47.1,26.9,42,100,26.83,14.78,0,62.7
385.5390625,48.2,27.5,42,100,26.83,14.78,0,62.7
385.546875,47.2,24.9,42,100,26.83,14.78,0,62.7
385.5546875,49.8,24.85,42,100,26.83,14.78,0,62.7
385.5625,54.45,26.6,42,100,26.83,14.78,0,62.7
385.5703125,59.1,29.7,42,100,26.83,14.78,0,62.7
385.578125,61.6,31.7,42,100,26.83,14.78,0,62.7
385.5859375,60.05,31.5,42,100,26.83,14.78,0,62.7
385.59375,58.1,30.15,42,100,26.83,14.78,0,62.7
385.6015625,57.55,29.95,42,100,26.83,14.78,0,62.7
385.609375,62.65,32.75,42,100,26.83,14.78,0,62.7
385.6171875,63.9,33.55,42,100,26.83,14.78,0,62.7
385.625,65.2,35.65,42,100,26.83,14.78,0,62.7
385.6328125,61.85,33.05,42,100,26.83,14.78,0,62.7
385.640625,62.7,32.55,42,100,26.83,14.78,0,62.7
385.6484375,61.8,31.7,42,100,26.83,14.78,0,62.7
385.65625,62.35,32.4,42,100,26.83,14.78,0,62.7
385.6640625,58.35,29.2,42,100,26.83,14.78,0,62.7
385.671875,56.05,27.8,42,100,26.83,14.78,0,62.7
385.6796875,52.75,25.6,42,100,26.83,14.78,0,62.7
385.6875,50.75,25.15,42,100,26.83,14.78,0,62.7
385.6953125,48.7,23.55,42,100,26.83,14.78,0,62.7
385.703125,47.75,21.6,42,100,26.83,14.78,0,62.7
385.7109375,49.95,21.65,42,100,26.83,14.78,0,62.7
385.71875,53.15,22.5,42,100,26.83,14.78,0,62.7
385.7265625,57.75,24.6,42,100,26.83,14.78,0,62.7
385.734375,58.95,26.85,42,100,26.83,14.78,0,62.7
385.7421875,60.7,29.5,42,100,26.83,14.78,0,62.7
385.75,57.25,27.9,42,100,26.83,14.78,0,62.7
385.7578125,56.4,29.4,42,100,26.83,14.78,0,62.7
385.765625,53.55,29.95,42,100,26.83,14.78,0,62.7
385.7734375,52.55,31.05,42,100,26.83,14.78,0,62.7
385.78125,50.7,30.5,42,100,26.83,14.78,0,62.7
385.7890625,54.15,32.9,42,100,26.83,14.78,0,62.7
385.796875,54.1,32.25,42,100,26.83,14.78,0,62.7
385.8046875,53.85,33,42,100,26.83,14.78,0,62.7
385.8125,54.6,34.55,42,100,26.83,14.78,0,62.7
385.8203125,56.4,36.4,42,100,26.83,14.78,0,62.7
385.828125,56.05,34.9,42,100,26.83,14.78,0,62.7
385.8359375,53.4,32.85,42,100,26.83,14.78,0,62.7
385.84375,53.55,33.3,42,100,26.83,14.78,0,62.7
385.8515625,55.4,35.1,42,100,26.83,14.78,0,62.7
385.859375,57.5,37,42,100,26.83,14.78,0,62.7
385.8671875,51.85,33.7,42,100,26.83,14.78,0,62.7
385.875,47.35,31.5,42,100,26.83,14.78,0,62.7
385.8828125,42.45,29.45,42,100,26.83,14.78,0,62.7
385.890625,45.4,31.6,42,100,26.83,14.78,0,62.7
385.8984375,49.65,32.55,42,100,26.83,14.78,0,62.7
385.90625,56.65,34.75,42,100,26.83,14.78,0,62.7
385.9140625,59.4,33.9,42,100,26.83,14.78,0,62.7
385.921875,63.25,35.75,42,100,26.83,14.78,0,62.7
385.9296875,63.2,36.45,42,100,26.83,14.78,0,62.7
385.9375,62.9,37.65,42,100,26.83,14.78,0,62.7
385.9453125,61.35,36.6,42,100,26.83,14.78,0,62.7
385.953125,58.35,34.65,42,100,26.83,14.78,0,62.7
385.9609375,55.55,31.75,42,100,26.83,14.78,0,62.7
385.96875,52.75,29.8,42,100,26.83,14.78,0,62.7
385.9765625,53.3,30.5,42,100,26.83,14.78,0,62.7
385.984375,52.85,28.55,42,100,26.83,14.78,0,62.7
385.9921875,54.35,25.95,42,100,26.83,14.78,0,62.7
386,50.95,21.4,42,100,26.83,14.78,0,62.7
386.0078125,47.3,19.8,42,100,26.83,14.78,0,62.7
386.015625,39.4,16.35,42,100,26.83,14.78,0,62.7
386.0234375,33.1,15.4,42,100,26.83,14.78,0,62.7
386.03125,24.7,13.3,42,100,26.83,14.78,0,62.7
386.0390625,24.9,14.35,42,100,26.83,14.78,0,62.7
386.046875,30,14.55,42,100,26.83,14.78,0,62.7
386.0546875,35.3,16,42,100,26.83,14.78,0,62.7
386.0625,34,14.65,42,100,26.83,14.78,0,62.7
386.0703125,34.2,15.4,42,100,26.83,14.78,0,62.7
386.078125,39.75,19.4,42,100,26.83,14.78,0,62.7
386.0859375,47.4,24.3,42,100,26.83,14.78,0,62.7
386.09375,52.85,26,42,100,26.83,14.78,0,62.7
386.1015625,50.95,23.3,42,100,26.83,14.78,0,62.7
386.109375,48,20.1,42,100,26.83,14.78,0,62.7
386.1171875,41.15,15.4,42,100,26.83,14.78,0,62.7
386.125,36.45,13.7,42,100,26.83,14.78,0,62.7
386.1328125,30.15,9.95,42,100,26.83,14.78,0,62.7
386.140625,28.1,9.6,42,100,26.83,14.78,0,62.7
386.1484375,25.1,8.75,42,100,26.83,14.78,0,62.7
386.15625,26.95,10.6,42.6,100,26.97,14.64,0,62.81
386.1640625,27.45,9.75,42.6,100,26.97,14.64,0,62.81
386.171875,29.45,11.05,42.6,100,26.97,14.64,0,62.81
386.1796875,27.65,10.6,42.6,100,26.97,14.64,0,62.81
386.1875,25.4,11.5,42.6,100,26.97,14.64,0,62.81
386.1953125,25.85,13.05,42.6,100,26.97,14.64,0,62.81
386.203125,29,15.4,42.6,100,26.97,14.64,0,62.81
386.2109375,31.15,16.55,42.6,100,26.97,14.64,0,62.81
386.21875,31.25,17.65,42.6,100,26.97,14.64,0,62.81
386.2265625,30.45,18.8,42.6,100,26.97,14.64,0,62.81
386.234375,22.95,17,42.6,100,26.97,14.64,0,62.81
386.2421875,18.55,17.25,42.6,100,26.97,14.64,0,62.81
386.25,17.7,18.5,42.6,100,26.97,14.64,0,62.81
386.2578125,21.5,22.35,42.6,100,26.97,14.64,0,62.81
386.265625,20.8,22.4,42.6,100,26.97,14.64,0,62.81
386.2734375,23,23.75,42.6,100,26.97,14.64,0,62.81
386.28125,23.25,22.85,42.6,100,26.97,14.64,0,62.81
386.2890625,27,25.25,42.6,100,26.97,14.64,0,62.81
386.296875,29.9,27.35,42.6,100,26.97,14.64,0,62.81
386.3046875,31.25,29.1,42.6,100,26.97,14.64,0,62.81
386.3125,28.4,26.75,42.6,100,26.97,14.64,0,62.81
386.3203125,25.75,24.95,42.6,100,26.97,14.64,0,62.81
386.328125,23.75,24.3,42.6,100,26.97,14.64,0,62.81
386.3359375,20.8,24.55,42.6,100,26.97,14.64,0,62.81
386.34375,21,26.1,42.6,100,26.97,14.64,0,62.81
386.3515625,22.5,28.25,42.6,100,26.97,14.64,0,62.81
386.359375,26.1,32.05,42.6,100,26.97,14.64,0,62.81
386.3671875,22,31.45,42.6,100,26.97,14.64,0,62.81
386.375,17.7,30.2,42.6,100,26.97,14.64,0,62.81
386.3828125,11.4,27.85,42.6,100,26.97,14.64,0,62.81
386.390625,8.4,28.05,42.6,100,26.97,14.64,0,62.81
386.3984375,2.2,25.45,42.6,100,26.97,14.64,0,62.81
386.40625,2.1,26.35,42.6,100,26.97,14.64,0,62.81
386.4140625,2.4,25.6,42.6,100,26.97,14.64,0,62.81
386.421875,4.1,25.45,42.6,100,26.97,14.64,0,62.81
386.4296875,3.65,24.25,42.6,100,26.97,14.64,0,62.81
386.4375,6.05,26.35,42.6,100,26.97,14.64,0,62.81
386.4453125,7.2,26.55,42.6,100,26.97,14.64,0,62.81
386.453125,6.6,25.25,42.6,100,26.97,14.64,0,62.81
386.4609375,6.25,24.3,42.6,100,26.97,14.64,0,62.81
386.46875,6.6,23.65,42.6,100,26.97,14.64,0,62.81
386.4765625,8.65,23.65,42.6,100,26.97,14.64,0,62.81
386.484375,7.55,23,42.6,100,26.97,14.64,0,62.81
386.4921875,7.35,23.9,42.6,100,26.97,14.64,0,62.81
386.5,4.85,22.75,42.6,100,26.97,14.64,0,62.81
386.5078125,5.9,23.6,42.6,100,26.97,14.64,0,62.81
386.515625,4.2,21.9,42.6,100,26.97,14.64,0,62.81
386.5234375,4.95,22.3,42.6,100,26.97,14.64,0,62.81
386.53125,5.1,21.7,42.6,100,26.97,14.64,0,62.81
386.5390625,7.2,21.4,42.6,100,26.97,14.64,0,62.81
386.546875,5.35,18.2,42.6,100,26.97,14.64,0,62.81
386.5546875,6,18.9,42.6,100,26.97,14.64,0,62.81
386.5625,6.9,20.05,42.6,100,26.97,14.64,0,62.81
386.5703125,8.7,21.4,42.6,100,26.97,14.64,0,62.81
386.578125,11.35,22.45,42.6,100,26.97,14.64,0,62.81
386.5859375,11.4,22.5,42.6,100,26.97,14.64,0,62.81
386.59375,10.1,22.35,42.6,100,26.97,14.64,0,62.81
386.6015625,6.15,20.35,42.6,100,26.97,14.64,0,62.81
386.609375,3.45,18.35,42.6,100,26.97,14.64,0,62.81
386.6171875,-2.55,15.05,42.6,100,26.97,14.64,0,62.81
386.625,-3.6,15.55,42.6,100,26.97,14.64,0,62.81
386.6328125,-6.5,13.95,42.6,100,26.97,14.64,0,62.81
386.640625,-4,15.8,42.6,100,26.97,14.64,0,62.81
386.6484375,-1,18.1,42.6,100,26.97,14.64,0,62.81
386.65625,5.35,23.5,42.6,100,26.97,14.64,0,62.81
386.6640625,7.6,25.2,42.6,100,26.97,14.64,0,62.81
386.671875,10.25,26.95,42.6,100,26.97,14.64,0,62.81
386.6796875,9.35,25.7,42.6,100,26.97,14.64,0,62.81
386.6875,8.55,25.2,42.6,100,26.97,14.64,0,62.81
386.6953125,5.6,23.25,42.6,100,26.97,14.64,0,62.81
386.703125,3.8,23.55,42.6,100,26.97,14.64,0,62.81
386.7109375,5,25.55,42.6,100,26.97,14.64,0,62.81
386.71875,4.35,26.6,42.6,100,26.97,14.64,0,62.81
386.7265625,2.95,26.3,42.6,100,26.97,14.64,0,62.81
386.734375,1.3,25.15,42.6,100,26.97,14.64,0,62.81
386.7421875,5.1,26.8,42.6,100,26.97,14.64,0,62.81
386.75,8.85,27.75,42.6,100,26.97,14.64,0,62.81
386.7578125,16.7,31.5,42.6,100,26.97,14.64,0,62.81
386.765625,17.35,30.8,42.6,100,26.97,14.64,0,62.81
386.7734375,16,30.1,42.6,100,26.97,14.64,0,62.81
386.78125,11.6,28.05,42.6,100,26.97,14.64,0,62.81
386.7890625,11.75,29.75,42.6,100,26.97,14.64,0,62.81
386.796875,13.3,31.5,42.6,100,26.97,14.64,0,62.81
386.8046875,19.35,36.1,42.6,100,26.97,14.64,0,62.81
386.8125,21.7,37.4,42.6,100,26.97,14.64,0,62.81
386.8203125,20.75,36.9,42.6,100,26.97,14.64,0,62.81
386.828125,18.8,35.6,42.6,100,26.97,14.64,0,62.81
386.8359375,19,36.1,42.6,100,26.97,14.64,0,62.81
386.84375,22.6,37.9,42.6,100,26.97,14.64,0,62.81
386.8515625,25.8,38.35,42.6,100,26.97,14.64,0,62.81
386.859375,30.7,39.7,42.6,100,26.97,14.64,0,62.81
386.8671875,29.95,38.7,42.6,100,26.97,14.64,0,62.81
386.875,29.95,39.3,42.6,100,26.97,14.64,0,62.81
386.8828125,27.05,38.45,42.6,100,26.97,14.64,0,62.81
386.890625,26.6,40.7,42.6,100,26.97,14.64,0,62.81
386.8984375,24.6,41.95,42.6,100,26.97,14.64,0,62.81
386.90625,29.25,46,42.6,100,26.97,14.64,0,62.81
386.9140625,30.45,45.3,42.6,100,26.97,14.64,0,62.81
386.921875,29.7,43.75,42.6,100,26.97,14.64,0,62.81
386.9296875,27.3,41.3,42.6,100,26.97,14.64,0,62.81
386.9375,26.9,41.3,42.6,100,26.97,14.64,0,62.81
386.9453125,23.65,39.6,42.6,100,26.97,14.64,0,62.81
386.953125,19,37.55,42.6,100,26.97,14.64,0,62.81
386.9609375,18.15,35.75,42.6,100,26.97,14.64,0,62.81
386.96875,20.45,34.75,42.6,100,26.97,14.64,0,62.81
386.9765625,25.15,36.75,42.6,100,26.97,14.64,0,62.81
386.984375,26.4,38.6,42.6,100,26.97,14.64,0,62.81
386.9921875,29.3,41.7,42.6,100,26.97,14.64,0,62.81
387,28.55,42.45,42.6,100,26.97,14.64,0,62.81
387.0078125,28.25,43.8,42.6,100,26.97,14.64,0,62.81
387.015625,23.4,41.1,42.6,100,26.97,14.64,0,62.81
387.0234375,23.55,41.15,42.6,100,26.97,14.64,0,62.81
387.03125,23.85,40.2,42.6,100,26.97,14.64,0,62.81
387.0390625,27.7,42.5,42.6,100,26.97,14.64,0,62.81
387.046875,31,43.65,42.6,100,26.97,14.64,0,62.81
387.0546875,35.65,46.4,42.6,100,26.97,14.64,0,62.81
387.0625,34.85,46.55,42.6,100,26.97,14.64,0,62.81
387.0703125,32.45,45.85,42.6,100,26.97,14.64,0,62.81
387.078125,29.2,43.15,42.6,100,26.97,14.64,0,62.81
387.0859375,20.95,39,42.6,100,26.97,14.64,0,62.81
387.09375,13.1,34.95,42.6,100,26.97,14.64,0,62.81
387.1015625,8.2,30.95,42.6,100,26.97,14.64,0,62.81
387.109375,9.65,30.3,42.6,100,26.97,14.64,0,62.81
387.1171875,10.65,30.1,42.6,100,26.97,14.64,0,62.81
387.125,13.6,31.4,42.6,100,26.97,14.64,0,62.81
387.1328125,12.1,29.95,42.6,100,26.97,14.64,0,62.81
387.140625,13.45,30.5,42.6,100,26.97,14.64,0,62.81
387.1484375,10.5,28.85,42.6,100,26.97,14.64,0,62.81
387.15625,9.25,29.2,43,100,26.99,14.53,0,62.87
387.1640625,8.45,29.2,43,100,26.99,14.53,0,62.87
387.171875,14.85,33.4,43,100,26.99,14.53,0,62.87
387.1796875,21.1,36.9,43,100,26.99,14.53,0,62.87
387.1875,27.05,41.05,43,100,26.99,14.53,0,62.87
387.1953125,29.8,42.7,43,100,26.99,14.53,0,62.87
387.203125,29.2,42.55,43,100,26.99,14.53,0,62.87
387.2109375,27.05,39.6,43,100,26.99,14.53,0,62.87
387.21875,22.95,35.9,43,100,26.99,14.53,0,62.87
387.2265625,19.8,34.1,43,100,26.99,14.53,0,62.87
387.234375,17.65,33.4,43,100,26.99,14.53,0,62.87
387.2421875,21.75,36.55,43,100,26.99,14.53,0,62.87
387.25,23.45,38.3,43,100,26.99,14.53,0,62.87
387.2578125,26.8,40.65,43,100,26.99,14.53,0,62.87
387.265625,27.3,40.7,43,100,26.99,14.53,0,62.87
387.2734375,29.95,42.2,43,100,26.99,14.53,0,62.87
387.28125,28.45,38.95,43,100,26.99,14.53,0,62.87
387.2890625,27,37.4,43,100,26.99,14.53,0,62.87
387.296875,23.25,36.15,43,100,26.99,14.53,0,62.87
387.3046875,23.25,37.05,43,100,26.99,14.53,0,62.87
387.3125,23.3,36.25,43,100,26.99,14.53,0,62.87
387.3203125,21.95,35.9,43,100,26.99,14.53,0,62.87
387.328125,19.45,33.85,43,100,26.99,14.53,0,62.87
387.3359375,16.9,31.6,43,100,26.99,14.53,0,62.87
387.34375,15.95,30.5,43,100,26.99,14.53,0,62.87
387.3515625,11.05,26.85,43,100,26.99,14.53,0,62.87
387.359375,6.45,23.65,43,100,26.99,14.53,0,62.87
387.3671875,1.9,21.55,43,100,26.99,14.53,0,62.87
387.375,3.3,23.1,43,100,26.99,14.53,0,62.87
387.3828125,1.35,22.2,43,100,26.99,14.53,0,62.87
387.390625,1,23.35,43,100,26.99,14.53,0,62.87
387.3984375,-0.85,21.95,43,100,26.99,14.53,0,62.87
387.40625,2.3,22.65,43,100,26.99,14.53,0,62.87
387.4140625,2.75,20.9,43,100,26.99,14.53,0,62.87
387.421875,4.55,20.85,43,100,26.99,14.53,0,62.87
387.4296875,2.15,19.2,43,100,26.99,14.53,0,62.87
387.4375,-0.4,19.55,43,100,26.99,14.53,0,62.87
387.4453125,-1.95,18.6,43,100,26.99,14.53,0,62.87
387.453125,-1.9,18.85,43,100,26.99,14.53,0,62.87
387.4609375,-2.15,19.7,43,100,26.99,14.53,0,62.87
387.46875,-1.75,20.6,43,100,26.99,14.53,0,62.87
387.4765625,0.4,21.75,43,100,26.99,14.53,0,62.87
387.484375,-2.15,20.2,43,100,26.99,14.53,0,62.87
387.4921875,-3.55,18.85,43,100,26.99,14.53,0,62.87
387.5,-6.7,15.95,43,100,26.99,14.53,0,62.87
387.5078125,-6.15,15.2,43,100,26.99,14.53,0,62.87
387.515625,-7.1,12.35,43,100,26.99,14.53,0,62.87
387.5234375,-2.85,13.75,43,100,26.99,14.53,0,62.87
387.53125,-1.55,13.55,43,100,26.99,14.53,0,62.87
387.5390625,-1.15,13.85,43,100,26.99,14.53,0,62.87
387.546875,-4.05,12.4,43,100,26.99,14.53,0,62.87
387.5546875,-0.4,15.1,43,100,26.99,14.53,0,62.87
387.5625,4.95,18.05,43,100,26.99,14.53,0,62.87
387.5703125,6,19.3,43,100,26.99,14.53,0,62.87
387.578125,2.55,16.9,43,100,26.99,14.53,0,62.87
387.5859375,-1.15,14.55,43,100,26.99,14.53,0,62.87
387.59375,0.05,15.15,43,100,26.99,14.53,0,62.87
387.6015625,5.05,17.35,43,100,26.99,14.53,0,62.87
387.609375,14.5,21.2,43,100,26.99,14.53,0,62.87
387.6171875,17.7,21.4,43,100,26.99,14.53,0,62.87
387.625,17.95,21.7,43,100,26.99,14.53,0,62.87
387.6328125,13,19.55,43,100,26.99,14.53,0,62.87
387.640625,13.15,20.35,43,100,26.99,14.53,0,62.87
387.6484375,11.1,18.4,43,100,26.99,14.53,0,62.87
387.65625,8.95,17.3,43,100,26.99,14.53,0,62.87
387.6640625,3,13.75,43,100,26.99,14.53,0,62.87
387.671875,2.25,14.55,43,100,26.99,14.53,0,62.87
387.6796875,0.7,14.55,43,100,26.99,14.53,0,62.87
387.6875,0.8,15.65,43,100,26.99,14.53,0,62.87
387.6953125,3.8,17.25,43,100,26.99,14.53,0,62.87
387.703125,7.7,18.55,43,100,26.99,14.53,0,62.87
387.7109375,8.25,16.6,43,100,26.99,14.53,0,62.87
387.71875,5.35,13.95,43,100,26.99,14.53,0,62.87
387.7265625,4.9,13.85,43,100,26.99,14.53,0,62.87
387.734375,5.7,15.25,43,100,26.99,14.53,0,62.87
387.7421875,13.3,21.1,43,100,26.99,14.53,0,62.87
387.75,16.25,22.8,43,100,26.99,14.53,0,62.87
387.7578125,17.55,23.5,43,100,26.99,14.53,0,62.87
387.765625,15.55,22.95,43,100,26.99,14.53,0,62.87
387.7734375,17.8,25.3,43,100,26.99,14.53,0,62.87
387.78125,18.85,25.65,43,100,26.99,14.53,0,62.87
387.7890625,25.7,28.85,43,100,26.99,14.53,0,62.87
387.796875,27.55,26.95,43,100,26.99,14.53,0,62.87
387.8046875,25.8,24,43,100,26.99,14.53,0,62.87
387.8125,23.3,21.8,43,100,26.99,14.53,0,62.87
387.8203125,24.6,23.1,43,100,26.99,14.53,0,62.87
387.828125,26.6,24.85,43,100,26.99,14.53,0,62.87
387.8359375,28.7,26.85,43,100,26.99,14.53,0,62.87
387.84375,31.35,28.7,43,100,26.99,14.53,0,62.87
387.8515625,30.15,28.4,43,100,26.99,14.53,0,62.87
387.859375,29,27.8,43,100,26.99,14.53,0,62.87
387.8671875,25.85,25.4,43,100,26.99,14.53,0,62.87
387.875,28.95,27.5,43,100,26.99,14.53,0,62.87
387.8828125,31.1,28.7,43,100,26.99,14.53,0,62.87
387.890625,34.7,30.7,43,100,26.99,14.53,0,62.87
387.8984375,33.35,28.4,43,100,26.99,14.53,0,62.87
387.90625,31.9,26.8,43,100,26.99,14.53,0,62.87
387.9140625,26,23.25,43,100,26.99,14.53,0,62.87
387.921875,22.55,22.45,43,100,26.99,14.53,0,62.87
387.9296875,20.3,21.05,43,100,26.99,14.53,0,62.87
387.9375,22.3,24.3,43,100,26.99,14.53,0,62.87
387.9453125,24.35,26.55,43,100,26.99,14.53,0,62.87
387.953125,25.1,27.3,43,100,26.99,14.53,0,62.87
387.9609375,25.75,28,43,100,26.99,14.53,0,62.87
387.96875,24.4,28,43,100,26.99,14.53,0,62.87
387.9765625,26.75,28.45,43,100,26.99,14.53,0,62.87
387.984375,31.75,30.35,43,100,26.99,14.53,0,62.87
387.9921875,38.3,33.6,43,100,26.99,14.53,0,62.87
388,37.65,32.6,43,100,26.99,14.53,0,62.87
388.0078125,38.75,32.7,43,100,26.99,14.53,0,62.87
388.015625,36.1,29.3,43,100,26.99,14.53,0,62.87
388.0234375,36.8,28.35,43,100,26.99,14.53,0,62.87
388.03125,36.3,28.15,43,100,26.99,14.53,0,62.87
388.0390625,36.2,29.25,43,100,26.99,14.53,0,62.87
388.046875,33.05,27.65,43,100,26.99,14.53,0,62.87
388.0546875,34.75,29.9,43,100,26.99,14.53,0,62.87
388.0625,35.3,31.1,43,100,26.99,14.53,0,62.87
388.0703125,34.55,31.5,43,100,26.99,14.53,0,62.87
388.078125,31.25,30.05,43,100,26.99,14.53,0,62.87
388.0859375,24.65,27.05,43,100,26.99,14.53,0,62.87
388.09375,20.7,25.15,43,100,26.99,14.53,0,62.87
388.1015625,20.8,25.65,43,100,26.99,14.53,0,62.87
388.109375,24.65,28.3,43,100,26.99,14.53,0,62.87
388.1171875,26.35,28.55,43,100,26.99,14.53,0,62.87
388.125,28.45,29.75,43,100,26.99,14.53,0,62.87
388.1328125,25.45,27.7,43,100,26.99,14.53,0,62.87
388.140625,26.35,27.5,43,100,26.99,14.53,0,62.87
388.1484375,26.4,26.8,43,100,26.99,14.53,0,62.87
388.15625,27.85,28.15,44.3,100,26.87,14.72,0,62.78
388.1640625,26.3,25.6,44.3,100,26.87,14.72,0,62.78
388.171875,26.45,26.1,44.3,100,26.87,14.72,0,62.78
388.1796875,25.65,26.55,44.3,100,26.87,14.72,0,62.78
388.1875,28.8,28.9,44.3,100,26.87,14.72,0,62.78
388.1953125,32.6,31.65,44.3,100,26.87,14.72,0,62.78
388.203125,33.45,34,44.3,100,26.87,14.72,0,62.78
388.2109375,33.55,32.95,44.3,100,26.87,14.72,0,62.78
388.21875,33.15,31.05,44.3,100,26.87,14.72,0,62.78
388.2265625,34.5,31.75,44.3,100,26.87,14.72,0,62.78
388.234375,32.85,31.35,44.3,100,26.87,14.72,0,62.78
388.2421875,33.7,31.9,44.3,100,26.87,14.72,0,62.78
388.25,32.3,30.1,44.3,100,26.87,14.72,0,62.78
388.2578125,33.65,29.6,44.3,100,26.87,14.72,0,62.78
388.265625,29.9,27.5,44.3,100,26.87,14.72,0,62.78
388.2734375,30.35,29.65,44.3,100,26.87,14.72,0,62.78
388.28125,32.95,30.6,44.3,100,26.87,14.72,0,62.78
388.2890625,36.15,32.25,44.3,100,26.87,14.72,0,62.78
388.296875,31.6,29.95,44.3,100,26.87,14.72,0,62.78
388.3046875,30.35,29.5,44.3,100,26.87,14.72,0,62.78
388.3125,31.1,29.05,44.3,100,26.87,14.72,0,62.78
388.3203125,30.25,28.2,44.3,100,26.87,14.72,0,62.78
388.328125,26.75,24.9,44.3,100,26.87,14.72,0,62.78
388.3359375,27.35,23.85,44.3,100,26.87,14.72,0,62.78
388.34375,34.3,27.3,44.3,100,26.87,14.72,0,62.78
388.3515625,36.8,29.5,44.3,100,26.87,14.72,0,62.78
388.359375,34.35,29.6,44.3,100,26.87,14.72,0,62.78
388.3671875,31.95,28.2,44.3,100,26.87,14.72,0,62.78
388.375,37.65,29.5,44.3,100,26.87,14.72,0,62.78
388.3828125,40.15,27.45,44.3,100,26.87,14.72,0,62.78
388.390625,43.9,27.65,44.3,100,26.87,14.72,0,62.78
388.3984375,43.95,26.5,44.3,100,26.87,14.72,0,62.78
388.40625,46.1,27.35,44.3,100,26.87,14.72,0,62.78
388.4140625,45.8,25.85,44.3,100,26.87,14.72,0,62.78
388.421875,44.95,26.05,44.3,100,26.87,14.72,0,62.78
388.4296875,41.45,24.5,44.3,100,26.87,14.72,0,62.78
388.4375,42.3,25.8,44.3,100,26.87,14.72,0,62.78
388.4453125,43.1,26.25,44.3,100,26.87,14.72,0,62.78
388.453125,42.2,25.65,44.3,100,26.87,14.72,0,62.78
388.4609375,40.25,24.35,44.3,100,26.87,14.72,0,62.78
388.46875,34.2,21.6,44.3,100,26.87,14.72,0,62.78
388.4765625,28.6,19.3,44.3,100,26.87,14.72,0,62.78
388.484375,22,16.95,44.3,100,26.87,14.72,0,62.78
388.4921875,18.45,15.9,44.3,100,26.87,14.72,0,62.78
388.5,12.65,12.4,44.3,100,26.87,14.72,0,62.78
388.5078125,12.7,12,44.3,100,26.87,14.72,0,62.78
388.515625,11.55,9.6,44.3,100,26.87,14.72,0,62.78
388.5234375,14.25,10.5,44.3,100,26.87,14.72,0,62.78
388.53125,14.75,10.6,44.3,100,26.87,14.72,0,62.78
388.5390625,17,12.25,44.3,100,26.87,14.72,0,62.78
388.546875,15.25,11.15,44.3,100,26.87,14.72,0,62.78
388.5546875,13.65,11.25,44.3,100,26.87,14.72,0,62.78
388.5625,10.15,9.05,44.3,100,26.87,14.72,0,62.78
388.5703125,7.8,7.7,44.3,100,26.87,14.72,0,62.78
388.578125,8.6,7.75,44.3,100,26.87,14.72,0,62.78
388.5859375,12.95,10.45,44.3,100,26.87,14.72,0,62.78
388.59375,17.35,13.7,44.3,100,26.87,14.72,0,62.78
388.6015625,17.45,13.75,44.3,100,26.87,14.72,0,62.78
388.609375,19.4,13.75,44.3,100,26.87,14.72,0,62.78
388.6171875,17.4,12.15,44.3,100,26.87,14.72,0,62.78
388.625,16.35,12.25,44.3,100,26.87,14.72,0,62.78
388.6328125,16.05,12.6,44.3,100,26.87,14.72,0,62.78
388.640625,20.95,17.3,44.3,100,26.87,14.72,0,62.78
388.6484375,20.5,18.25,44.3,100,26.87,14.72,0,62.78
388.65625,22,19.85,44.3,100,26.87,14.72,0,62.78
388.6640625,22.65,19.1,44.3,100,26.87,14.72,0,62.78
388.671875,26.4,20.7,44.3,100,26.87,14.72,0,62.78
388.6796875,30.05,21.35,44.3,100,26.87,14.72,0,62.78
388.6875,35.55,23.75,44.3,100,26.87,14.72,0,62.78
388.6953125,38.45,24.45,44.3,100,26.87,14.72,0,62.78
388.703125,40.2,26,44.3,100,26.87,14.72,0,62.78
388.7109375,43.6,28.35,44.3,100,26.87,14.72,0,62.78
388.71875,45.15,29.55,44.3,100,26.87,14.72,0,62.78
388.7265625,46.3,29.75,44.3,100,26.87,14.72,0,62.78
388.734375,43.5,27.35,44.3,100,26.87,14.72,0,62.78
388.7421875,42.85,27.85,44.3,100,26.87,14.72,0,62.78
388.75,40.35,27.65,44.3,100,26.87,14.72,0,62.78
388.7578125,41.65,28.5,44.3,100,26.87,14.72,0,62.78
388.765625,41.35,27.05,44.3,100,26.87,14.72,0,62.78
388.7734375,43.35,27.9,44.3,100,26.87,14.72,0,62.78
388.78125,39.1,25.05,44.3,100,26.87,14.72,0,62.78
388.7890625,36.45,24.3,44.3,100,26.87,14.72,0,62.78
388.796875,36.15,23.8,44.3,100,26.87,14.72,0,62.78
388.8046875,40.5,26.4,44.3,100,26.87,14.72,0,62.78
388.8125,42.05,26.6,44.3,100,26.87,14.72,0,62.78
388.8203125,44.4,27.5,44.3,100,26.87,14.72,0,62.78
388.828125,47,28.25,44.3,100,26.87,14.72,0,62.78
388.8359375,49.8,29.8,44.3,100,26.87,14.72,0,62.78
388.84375,53.3,31.95,44.3,100,26.87,14.72,0,62.78
388.8515625,51.7,32.05,44.3,100,26.87,14.72,0,62.78
388.859375,49.25,31.45,44.3,100,26.87,14.72,0,62.78
388.8671875,47.65,30.5,44.3,100,26.87,14.72,0,62.78
388.875,51.75,33.25,44.3,100,26.87,14.72,0,62.78
388.8828125,52.45,33.25,44.3,100,26.87,14.72,0,62.78
388.890625,54.75,34.9,44.3,100,26.87,14.72,0,62.78
388.8984375,54.9,35.35,44.3,100,26.87,14.72,0,62.78
388.90625,57.4,37.3,44.3,100,26.87,14.72,0,62.78
388.9140625,56.65,36.35,44.3,100,26.87,14.72,0,62.78
388.921875,57.6,38.3,44.3,100,26.87,14.72,0,62.78
388.9296875,56.55,38.75,44.3,100,26.87,14.72,0,62.78
388.9375,55,38.95,44.3,100,26.87,14.72,0,62.78
388.9453125,53.2,37.45,44.3,100,26.87,14.72,0,62.78
388.953125,55.85,38.6,44.3,100,26.87,14.72,0,62.78
388.9609375,63.1,41,44.3,100,26.87,14.72,0,62.78
388.96875,69.2,43.15,44.3,100,26.87,14.72,0,62.78
388.9765625,73.1,44.75,44.3,100,26.87,14.72,0,62.78
388.984375,70.3,41.85,44.3,100,26.87,14.72,0,62.78
388.9921875,68.35,38.9,44.3,100,26.87,14.72,0,62.78
389,64.2,35.9,44.3,100,26.87,14.72,0,62.78
389.0078125,64.95,37.1,44.3,100,26.87,14.72,0,62.78
389.015625,63.9,36.75,44.3,100,26.87,14.72,0,62.78
389.0234375,62,35.7,44.3,100,26.87,14.72,0,62.78
389.03125,55.2,29.35,44.3,100,26.87,14.72,0,62.78
389.0390625,57.25,28.5,44.3,100,26.87,14.72,0,62.78
389.046875,62,30,44.3,100,26.87,14.72,0,62.78
389.0546875,69.8,35.25,44.3,100,26.87,14.72,0,62.78
389.0625,76.75,40.35,44.3,100,26.87,14.72,0,62.78
389.0703125,80.15,43.5,44.3,100,26.87,14.72,0,62.78
389.078125,77.8,40.95,44.3,100,26.87,14.72,0,62.78
389.0859375,75.8,38.45,44.3,100,26.87,14.72,0,62.78
389.09375,74.4,36.7,44.3,100,26.87,14.72,0,62.78
389.1015625,68.45,33.75,44.3,100,26.87,14.72,0,62.78
389.109375,66.15,34.25,44.3,100,26.87,14.72,0,62.78
389.1171875,65.9,35,44.3,100,26.87,14.72,0,62.78
389.125,67.25,35.7,44.3,100,26.87,14.72,0,62.78
389.1328125,62.6,32.5,44.3,100,26.87,14.72,0,62.78
389.140625,62.15,32.75,44.3,100,26.87,14.72,0,62.78
389.1484375,61.6,31.6,44.3,100,26.87,14.72,0,62.78
389.15625,64.65,33.65,43.3,100,26.62,14.88,0,62.7
389.1640625,62.55,33.7,43.3,100,26.62,14.88,0,62.7
389.171875,58.2,34.25,43.3,100,26.62,14.88,0,62.7
389.1796875,51.5,32.35,43.3,100,26.62,14.88,0,62.7
389.1875,47.65,30.85,43.3,100,26.62,14.88,0,62.7
389.1953125,41.1,26.55,43.3,100,26.62,14.88,0,62.7
389.203125,34.15,23.65,43.3,100,26.62,14.88,0,62.7
389.2109375,32.4,23.4,43.3,100,26.62,14.88,0,62.7
389.21875,32.7,24.15,43.3,100,26.62,14.88,0,62.7
389.2265625,35.3,26.05,43.3,100,26.62,14.88,0,62.7
389.234375,36.1,26.95,43.3,100,26.62,14.88,0,62.7
389.2421875,39.2,28.4,43.3,100,26.62,14.88,0,62.7
389.25,41.7,29,43.3,100,26.62,14.88,0,62.7
389.2578125,48.9,33.4,43.3,100,26.62,14.88,0,62.7
389.265625,50.95,34.95,43.3,100,26.62,14.88,0,62.7
389.2734375,51.4,35.9,43.3,100,26.62,14.88,0,62.7
389.28125,43.55,32.1,43.3,100,26.62,14.88,0,62.7
389.2890625,35.7,29.65,43.3,100,26.62,14.88,0,62.7
389.296875,29.45,26.2,43.3,100,26.62,14.88,0,62.7
389.3046875,29.5,25.35,43.3,100,26.62,14.88,0,62.7
389.3125,31.7,25.4,43.3,100,26.62,14.88,0,62.7
389.3203125,39.1,29.2,43.3,100,26.62,14.88,0,62.7
389.328125,47.9,34.8,43.3,100,26.62,14.88,0,62.7
389.3359375,50,37.8,43.3,100,26.62,14.88,0,62.7
389.34375,46.05,35.9,43.3,100,26.62,14.88,0,62.7
389.3515625,41.15,31.5,43.3,100,26.62,14.88,0,62.7
389.359375,42.75,31.75,43.3,100,26.62,14.88,0,62.7
389.3671875,42.55,31.25,43.3,100,26.62,14.88,0,62.7
389.375,44.2,31.55,43.3,100,26.62,14.88,0,62.7
389.3828125,42.75,29.75,43.3,100,26.62,14.88,0,62.7
389.390625,42.4,30.6,43.3,100,26.62,14.88,0,62.7
389.3984375,36.4,28.3,43.3,100,26.62,14.88,0,62.7
389.40625,35.45,31.3,43.3,100,26.62,14.88,0,62.7
389.4140625,35.25,35.1,43.3,100,26.62,14.88,0,62.7
389.421875,39.2,39.55,43.3,100,26.62,14.88,0,62.7
389.4296875,44.25,40.05,43.3,100,26.62,14.88,0,62.7
389.4375,49.7,41.3,43.3,100,26.62,14.88,0,62.7
389.4453125,49.3,39.15,43.3,100,26.62,14.88,0,62.7
389.453125,47.9,38,43.3,100,26.62,14.88,0,62.7
389.4609375,48.85,40.2,43.3,100,26.62,14.88,0,62.7
389.46875,50.5,44.25,43.3,100,26.62,14.88,0,62.7
389.4765625,54.4,47.2,43.3,100,26.62,14.88,0,62.7
389.484375,53.95,45.75,43.3,100,26.62,14.88,0,62.7
389.4921875,52.95,44.35,43.3,100,26.62,14.88,0,62.7
389.5,50.05,43.15,43.3,100,26.62,14.88,0,62.7
389.5078125,51,45.1,43.3,100,26.62,14.88,0,62.7
389.515625,48.75,44.55,43.3,100,26.62,14.88,0,62.7
389.5234375,48.25,44.75,43.3,100,26.62,14.88,0,62.7
389.53125,44.95,42.6,43.3,100,26.62,14.88,0,62.7
389.5390625,44.1,43.25,43.3,100,26.62,14.88,0,62.7
389.546875,41.25,43.3,43.3,100,26.62,14.88,0,62.7
389.5546875,40.8,46.15,43.3,100,26.62,14.88,0,62.7
389.5625,38.7,47.65,43.3,100,26.62,14.88,0,62.7
389.5703125,37.55,49.15,43.3,100,26.62,14.88,0,62.7
389.578125,40.35,51,43.3,100,26.62,14.88,0,62.7
389.5859375,44.2,52.45,43.3,100,26.62,14.88,0,62.7
389.59375,45.9,51.6,43.3,100,26.62,14.88,0,62.7
389.6015625,43.6,48.95,43.3,100,26.62,14.88,0,62.7
389.609375,41.3,46.9,43.3,100,26.62,14.88,0,62.7
389.6171875,36.8,43.25,43.3,100,26.62,14.88,0,62.7
389.625,38.5,43.5,43.3,100,26.62,14.88,0,62.7
389.6328125,38,42,43.3,100,26.62,14.88,0,62.7
389.640625,39.55,42.35,43.3,100,26.62,14.88,0,62.7
389.6484375,37.45,40.35,43.3,100,26.62,14.88,0,62.7
389.65625,36.25,40.6,43.3,100,26.62,14.88,0,62.7
389.6640625,33.55,39,43.3,100,26.62,14.88,0,62.7
389.671875,37.5,40.9,43.3,100,26.62,14.88,0,62.7
389.6796875,39.4,39.9,43.3,100,26.62,14.88,0,62.7
389.6875,39.55,39.25,43.3,100,26.62,14.88,0,62.7
389.6953125,37.45,37.65,43.3,100,26.62,14.88,0,62.7
389.703125,35.15,37.25,43.3,100,26.62,14.88,0,62.7
389.7109375,34.3,37.4,43.3,100,26.62,14.88,0,62.7
389.71875,32.8,37.6,43.3,100,26.62,14.88,0,62.7
389.7265625,32.35,37.9,43.3,100,26.62,14.88,0,62.7
389.734375,31.3,35.95,43.3,100,26.62,14.88,0,62.7
389.7421875,32.4,34.1,43.3,100,26.62,14.88,0,62.7
389.75,28.5,30.3,43.3,100,26.62,14.88,0,62.7
389.7578125,26.5,29.5,43.3,100,26.62,14.88,0,62.7
389.765625,25.05,29.25,43.3,100,26.62,14.88,0,62.7
389.7734375,31.6,33.4,43.3,100,26.62,14.88,0,62.7
389.78125,34.55,34.1,43.3,100,26.62,14.88,0,62.7
389.7890625,33.75,33.55,43.3,100,26.62,14.88,0,62.7
389.796875,28.35,29.9,43.3,100,26.62,14.88,0,62.7
389.8046875,27.15,29.25,43.3,100,26.62,14.88,0,62.7
389.8125,26.5,28.2,43.3,100,26.62,14.88,0,62.7
389.8203125,28.8,30.15,43.3,100,26.62,14.88,0,62.7
389.828125,33.8,33.4,43.3,100,26.62,14.88,0,62.7
389.8359375,38.2,35.85,43.3,100,26.62,14.88,0,62.7
389.84375,40.95,36.7,43.3,100,26.62,14.88,0,62.7
389.8515625,40.4,35.45,43.3,100,26.62,14.88,0,62.7
389.859375,40.65,34.6,43.3,100,26.62,14.88,0,62.7
389.8671875,39.15,33.9,43.3,100,26.62,14.88,0,62.7
389.875,41.25,36.6,43.3,100,26.62,14.88,0,62.7
389.8828125,40.55,36.65,43.3,100,26.62,14.88,0,62.7
389.890625,42.3,38.8,43.3,100,26.62,14.88,0,62.7
389.8984375,39.25,37.35,43.3,100,26.62,14.88,0,62.7
389.90625,39.8,38,43.3,100,26.62,14.88,0,62.7
389.9140625,44.05,40.15,43.3,100,26.62,14.88,0,62.7
389.921875,54,46.7,43.3,100,26.62,14.88,0,62.7
389.9296875,59.05,48.6,43.3,100,26.62,14.88,0,62.7
389.9375,60.3,49.4,43.3,100,26.62,14.88,0,62.7
389.9453125,57.85,47.9,43.3,100,26.62,14.88,0,62.7
389.953125,55.85,47.85,43.3,100,26.62,14.88,0,62.7
389.9609375,56.9,49.65,43.3,100,26.62,14.88,0,62.7
389.96875,56.5,49.55,43.3,100,26.62,14.88,0,62.7
389.9765625,54.5,47.95,43.3,100,26.62,14.88,0,62.7
389.984375,50.1,44.75,43.3,100,26.62,14.88,0,62.7
389.9921875,49.25,42.85,43.3,100,26.62,14.88,0,62.7
390,44.5,39.3,43.3,100,26.62,14.88,0,62.7
390.0078125,43.2,39.65,43.3,100,26.62,14.88,0,62.7
390.015625,43.75,39.75,43.3,100,26.62,14.88,0,62.7
390.0234375,49.75,43.5,43.3,100,26.62,14.88,0,62.7
390.03125,53,45.1,43.3,100,26.62,14.88,0,62.7
390.0390625,59.45,48.7,43.3,100,26.62,14.88,0,62.7
390.046875,62.65,49.6,43.3,100,26.62,14.88,0,62.7
390.0546875,62.25,48.1,43.3,100,26.62,14.88,0,62.7
390.0625,57.5,43.45,43.3,100,26.62,14.88,0,62.7
390.0703125,54.45,41.15,43.3,100,26.62,14.88,0,62.7
390.078125,50.4,37.75,43.3,100,26.62,14.88,0,62.7
390.0859375,44.8,34.65,43.3,100,26.62,14.88,0,62.7
390.09375,40.7,32.3,43.3,100,26.62,14.88,0,62.7
390.1015625,34,27.15,43.3,100,26.62,14.88,0,62.7
390.109375,31.45,24.75,43.3,100,26.62,14.88,0,62.7
390.1171875,31.05,24.65,43.3,100,26.62,14.88,0,62.7
390.125,34.15,27.3,43.3,100,26.62,14.88,0,62.7
390.1328125,33.5,27.15,43.3,100,26.62,14.88,0,62.7
390.140625,35.25,27.75,43.3,100,26.62,14.88,0,62.7
390.1484375,31.6,23.45,43.3,100,26.62,14.88,0,62.7
390.15625,30.45,23.15,42.8,100,26.41,14.87,0,62.71
390.1640625,27,22.55,42.8,100,26.41,14.87,0,62.71
390.171875,24.45,22.05,42.8,100,26.41,14.87,0,62.71
390.1796875,19.65,19.1,42.8,100,26.41,14.87,0,62.71
390.1875,17,17.6,42.8,100,26.41,14.87,0,62.71
390.1953125,13.4,14.25,42.8,100,26.41,14.87,0,62.71
390.203125,10.25,12.55,42.8,100,26.41,14.87,0,62.71
390.2109375,9,12.75,42.8,100,26.41,14.87,0,62.71
390.21875,8.5,13.25,42.8,100,26.41,14.87,0,62.71
390.2265625,11.45,15.55,42.8,100,26.41,14.87,0,62.71
390.234375,13.85,17.1,42.8,100,26.41,14.87,0,62.71
390.2421875,17.8,18.15,42.8,100,26.41,14.87,0,62.71
390.25,17.2,16.5,42.8,100,26.41,14.87,0,62.71
390.2578125,18.95,17.8,42.8,100,26.41,14.87,0,62.71
390.265625,18.1,18,42.8,100,26.41,14.87,0,62.71
390.2734375,18.6,19.05,42.8,100,26.41,14.87,0,62.71
390.28125,15,16.35,42.8,100,26.41,14.87,0,62.71
390.2890625,12.5,15.25,42.8,100,26.41,14.87,0,62.71
390.296875,7.45,12.2,42.8,100,26.41,14.87,0,62.71
390.3046875,6.65,12,42.8,100,26.41,14.87,0,62.71
390.3125,7.75,13,42.8,100,26.41,14.87,0,62.71
390.3203125,13,17.25,42.8,100,26.41,14.87,0,62.71
390.328125,21.65,21.8,42.8,100,26.41,14.87,0,62.71
390.3359375,29.05,25.1,42.8,100,26.41,14.87,0,62.71
390.34375,33.5,25.75,42.8,100,26.41,14.87,0,62.71
390.3515625,32.65,23.4,42.8,100,26.41,14.87,0,62.71
390.359375,31.05,21.45,42.8,100,26.41,14.87,0,62.71
390.3671875,27.9,18.4,42.8,100,26.41,14.87,0,62.71
390.375,29.25,18.8,42.8,100,26.41,14.87,0,62.71
390.3828125,27.7,18.7,42.8,100,26.41,14.87,0,62.71
390.390625,26.45,19.75,42.8,100,26.41,14.87,0,62.71
390.3984375,21,17.3,42.8,100,26.41,14.87,0,62.71
390.40625,20.9,17.6,42.8,100,26.41,14.87,0,62.71
390.4140625,21.25,16.15,42.8,100,26.41,14.87,0,62.71
390.421875,25,16.85,42.8,100,26.41,14.87,0,62.71
390.4296875,28.45,16.8,42.8,100,26.41,14.87,0,62.71
390.4375,34.35,20.3,42.8,100,26.41,14.87,0,62.71
390.4453125,39.45,22.45,42.8,100,26.41,14.87,0,62.71
390.453125,42.45,22.8,42.8,100,26.41,14.87,0,62.71
390.4609375,43.1,22.85,42.8,100,26.41,14.87,0,62.71
390.46875,41.55,23.65,42.8,100,26.41,14.87,0,62.71
390.4765625,42,24.65,42.8,100,26.41,14.87,0,62.71
390.484375,39.45,24.15,42.8,100,26.41,14.87,0,62.71
390.4921875,36.15,24,42.8,100,26.41,14.87,0,62.71
390.5,27.7,20.15,42.8,100,26.41,14.87,0,62.71
390.5078125,24.45,19.95,42.8,100,26.41,14.87,0,62.71
390.515625,22.2,21,42.8,100,26.41,14.87,0,62.71
390.5234375,26.2,25.75,42.8,100,26.41,14.87,0,62.71
390.53125,28.5,27.2,42.8,100,26.41,14.87,0,62.71
390.5390625,33.5,30.05,42.8,100,26.41,14.87,0,62.71
390.546875,34,29.9,42.8,100,26.41,14.87,0,62.71
390.5546875,36.9,31.6,42.8,100,26.41,14.87,0,62.71
390.5625,39.95,32.1,42.8,100,26.41,14.87,0,62.71
390.5703125,41.3,32.3,42.8,100,26.41,14.87,0,62.71
390.578125,38.95,30.05,42.8,100,26.41,14.87,0,62.71
390.5859375,36.6,29.2,42.8,100,26.41,14.87,0,62.71
390.59375,35.8,29.55,42.8,100,26.41,14.87,0,62.71
390.6015625,35.25,28.9,42.8,100,26.41,14.87,0,62.71
390.609375,38.6,30.15,42.8,100,26.41,14.87,0,62.71
390.6171875,39.95,30.4,42.8,100,26.41,14.87,0,62.71
390.625,45,33,42.8,100,26.41,14.87,0,62.71
390.6328125,49.1,35.5,42.8,100,26.41,14.87,0,62.71
390.640625,55.55,41,42.8,100,26.41,14.87,0,62.71
390.6484375,56.65,41.35,42.8,100,26.41,14.87,0,62.71
390.65625,57.1,41.6,42.8,100,26.41,14.87,0,62.71
390.6640625,53.8,38.5,42.8,100,26.41,14.87,0,62.71
390.671875,51.45,36.25,42.8,100,26.41,14.87,0,62.71
390.6796875,44.65,32.55,42.8,100,26.41,14.87,0,62.71
390.6875,41.3,32.15,42.8,100,26.41,14.87,0,62.71
390.6953125,45.3,34.55,42.8,100,26.41,14.87,0,62.71
390.703125,50.25,38.75,42.8,100,26.41,14.87,0,62.71
390.7109375,52.05,40.1,42.8,100,26.41,14.87,0,62.71
390.71875,52.85,38.9,42.8,100,26.41,14.87,0,62.71
390.7265625,56.6,40.35,42.8,100,26.41,14.87,0,62.71
390.734375,55.05,40.2,42.8,100,26.41,14.87,0,62.71
390.7421875,53.5,39.8,42.8,100,26.41,14.87,0,62.71
390.75,49.6,37.75,42.8,100,26.41,14.87,0,62.71
390.7578125,49.8,38.9,42.8,100,26.41,14.87,0,62.71
390.765625,47.7,37.7,42.8,100,26.41,14.87,0,62.71
390.7734375,49.3,39.3,42.8,100,26.41,14.87,0,62.71
390.78125,44.45,37.05,42.8,100,26.41,14.87,0,62.71
390.7890625,40.05,36,42.8,100,26.41,14.87,0,62.71
390.796875,37.7,34.55,42.8,100,26.41,14.87,0,62.71
390.8046875,43.75,37.05,42.8,100,26.41,14.87,0,62.71
390.8125,48.6,38.7,42.8,100,26.41,14.87,0,62.71
390.8203125,49.95,39.75,42.8,100,26.41,14.87,0,62.71
390.828125,45.3,36.35,42.8,100,26.41,14.87,0,62.71
390.8359375,39.75,32.4,42.8,100,26.41,14.87,0,62.71
390.84375,37.65,30.7,42.8,100,26.41,14.87,0,62.71
390.8515625,33.15,28.45,42.8,100,26.41,14.87,0,62.71
390.859375,28.05,26.8,42.8,100,26.41,14.87,0,62.71
390.8671875,24.7,25.55,42.8,100,26.41,14.87,0,62.71
390.875,29.3,28.35,42.8,100,26.41,14.87,0,62.71
390.8828125,32.25,29.85,42.8,100,26.41,14.87,0,62.71
390.890625,34,31.45,42.8,100,26.41,14.87,0,62.71
390.8984375,30.2,29,42.8,100,26.41,14.87,0,62.71
390.90625,30.9,29.4,42.8,100,26.41,14.87,0,62.71
390.9140625,32.75,28.7,42.8,100,26.41,14.87,0,62.71
390.921875,35.05,29.05,42.8,100,26.41,14.87,0,62.71
390.9296875,33.25,28.1,42.8,100,26.41,14.87,0,62.71
390.9375,31.15,29.5,42.8,100,26.41,14.87,0,62.71
390.9453125,27.7,29.6,42.8,100,26.41,14.87,0,62.71
390.953125,24.55,29.45,42.8,100,26.41,14.87,0,62.71
390.9609375,22,28.05,42.8,100,26.41,14.87,0,62.71
390.96875,18.05,25.9,42.8,100,26.41,14.87,0,62.71
390.9765625,17.8,26.95,42.8,100,26.41,14.87,0,62.71
390.984375,19.05,29.3,42.8,100,26.41,14.87,0,62.71
390.9921875,22.95,32.9,42.8,100,26.41,14.87,0,62.71
391,21.7,32.65,42.8,100,26.41,14.87,0,62.71
391.0078125,19,31.6,42.8,100,26.41,14.87,0,62.71
391.015625,10.7,25.9,42.8,100,26.41,14.87,0,62.71
391.0234375,8.85,24.7,42.8,100,26.41,14.87,0,62.71
391.03125,9.4,24.65,42.8,100,26.41,14.87,0,62.71
391.0390625,13.45,28.8,42.8,100,26.41,14.87,0,62.71
391.046875,16.15,32,42.8,100,26.41,14.87,0,62.71
391.0546875,20.75,36.7,42.8,100,26.41,14.87,0,62.71
391.0625,17.8,35.85,42.8,100,26.41,14.87,0,62.71
391.0703125,10.55,32.7,42.8,100,26.41,14.87,0,62.71
391.078125,5.95,30.15,42.8,100,26.41,14.87,0,62.71
391.0859375,4.25,29.9,42.8,100,26.41,14.87,0,62.71
391.09375,3,29.35,42.8,100,26.41,14.87,0,62.71
391.1015625,3.6,29.1,42.8,100,26.41,14.87,0,62.71
391.109375,8.4,31.85,42.8,100,26.41,14.87,0,62.71
391.1171875,7,32.65,42.8,100,26.41,14.87,0,62.71
391.125,6.9,34.9,42.8,100,26.41,14.87,0,62.71
391.1328125,5.4,35.1,42.8,100,26.41,14.87,0,62.71
391.140625,8.55,37.6,42.8,100,26.41,14.87,0,62.71
391.1484375,9.95,37.7,42.8,100,26.41,14.87,0,62.71
391.15625,10.75,38.15,41.2,100,26.37,14.88,0,62.69
391.1640625,4.05,33.55,41.2,100,26.37,14.88,0,62.69
391.171875,-1.7,30.25,41.2,100,26.37,14.88,0,62.69
391.1796875,-10.05,25.75,41.2,100,26.37,14.88,0,62.69
391.1875,-13.7,25.2,41.2,100,26.37,14.88,0,62.69
391.1953125,-10.15,27,41.2,100,26.37,14.88,0,62.69
391.203125,-5.1,29,41.2,100,26.37,14.88,0,62.69
391.2109375,-3.25,27.65,41.2,100,26.37,14.88,0,62.69
391.21875,-3.75,25,41.2,100,26.37,14.88,0,62.69
391.2265625,-4.3,24.75,41.2,100,26.37,14.88,0,62.69
391.234375,-7.55,25.2,41.2,100,26.37,14.88,0,62.69
391.2421875,-7.85,27,41.2,100,26.37,14.88,0,62.69
391.25,-12.6,24.9,41.2,100,26.37,14.88,0,62.69
391.2578125,-14.55,24.05,41.2,100,26.37,14.88,0,62.69
391.265625,-18.25,20.8,41.2,100,26.37,14.88,0,62.69
391.2734375,-17.5,21.85,41.2,100,26.37,14.88,0,62.69
391.28125,-19,21.6,41.2,100,26.37,14.88,0,62.69
391.2890625,-18.65,22.15,41.2,100,26.37,14.88,0,62.69
391.296875,-22.65,19.35,41.2,100,26.37,14.88,0,62.69
391.3046875,-21.8,19.75,41.2,100,26.37,14.88,0,62.69
391.3125,-20,19.65,41.2,100,26.37,14.88,0,62.69
391.3203125,-19.5,20.05,41.2,100,26.37,14.88,0,62.69
391.328125,-19.8,21.85,41.2,100,26.37,14.88,0,62.69
391.3359375,-17.5,26.5,41.2,100,26.37,14.88,0,62.69
391.34375,-15.3,29.15,41.2,100,26.37,14.88,0,62.69
391.3515625,-17.3,27.5,41.2,100,26.37,14.88,0,62.69
391.359375,-18.6,26.95,41.2,100,26.37,14.88,0,62.69
391.3671875,-21.9,25.2,41.2,100,26.37,14.88,0,62.69
391.375,-21.35,24.8,41.2,100,26.37,14.88,0,62.69
391.3828125,-23.8,23.05,41.2,100,26.37,14.88,0,62.69
391.390625,-25.65,22.7,41.2,100,26.37,14.88,0,62.69
391.3984375,-29.05,18.1,41.2,100,26.37,14.88,0,62.69
391.40625,-26.9,17.7,41.2,100,26.37,14.88,0,62.69
391.4140625,-28.05,17.25,41.2,100,26.37,14.88,0,62.69
391.421875,-30.45,18.1,41.2,100,26.37,14.88,0,62.69
391.4296875,-34.15,18.9,41.2,100,26.37,14.88,0,62.69
391.4375,-33.5,22.95,41.2,100,26.37,14.88,0,62.69
391.4453125,-32.45,22.6,41.2,100,26.37,14.88,0,62.69
391.453125,-31.85,19.8,41.2,100,26.37,14.88,0,62.69
391.4609375,-29,16.9,41.2,100,26.37,14.88,0,62.69
391.46875,-27.25,14.2,41.2,100,26.37,14.88,0,62.69
391.4765625,-26.8,13.65,41.2,100,26.37,14.88,0,62.69
391.484375,-32.85,12.85,41.2,100,26.37,14.88,0,62.69
391.4921875,-39.15,13.35,41.2,100,26.37,14.88,0,62.69
391.5,-44.8,12.9,41.2,100,26.37,14.88,0,62.69
391.5078125,-41.15,15.1,41.2,100,26.37,14.88,0,62.69
391.515625,-37.15,15.35,41.2,100,26.37,14.88,0,62.69
391.5234375,-29.45,18.4,41.2,100,26.37,14.88,0,62.69
391.53125,-27.3,18.2,41.2,100,26.37,14.88,0,62.69
391.5390625,-24.25,18.95,41.2,100,26.37,14.88,0,62.69
391.546875,-23.6,17.7,41.2,100,26.37,14.88,0,62.69
391.5546875,-24.1,18,41.2,100,26.37,14.88,0,62.69
391.5625,-26.05,18.15,41.2,100,26.37,14.88,0,62.69
391.5703125,-25.35,19.45,41.2,100,26.37,14.88,0,62.69
391.578125,-30.1,17.45,41.2,100,26.37,14.88,0,62.69
391.5859375,-38,13.85,41.2,100,26.37,14.88,0,62.69
391.59375,-42.1,10.7,41.2,100,26.37,14.88,0,62.69
391.6015625,-47.7,6.7,41.2,100,26.37,14.88,0,62.69
391.609375,-51.05,5.8,41.2,100,26.37,14.88,0,62.69
391.6171875,-53.7,4.05,41.2,100,26.37,14.88,0,62.69
391.625,-51.8,4.25,41.2,100,26.37,14.88,0,62.69
391.6328125,-48.3,5.2,41.2,100,26.37,14.88,0,62.69
391.640625,-39.65,10,41.2,100,26.37,14.88,0,62.69
391.6484375,-36.6,11.25,41.2,100,26.37,14.88,0,62.69
391.65625,-34.8,13.25,41.2,100,26.37,14.88,0,62.69
391.6640625,-40,9.25,41.2,100,26.37,14.88,0,62.69
391.671875,-42.95,6.5,41.2,100,26.37,14.88,0,62.69
391.6796875,-42.9,4.8,41.2,100,26.37,14.88,0,62.69
391.6875,-43.9,4.25,41.2,100,26.37,14.88,0,62.69
391.6953125,-47.5,1.9,41.2,100,26.37,14.88,0,62.69
391.703125,-46.95,1.65,41.2,100,26.37,14.88,0,62.69
391.7109375,-44.05,2.35,41.2,100,26.37,14.88,0,62.69
391.71875,-40.9,4.4,41.2,100,26.37,14.88,0,62.69
391.7265625,-36,6.9,41.2,100,26.37,14.88,0,62.69
391.734375,-35.25,6.7,41.2,100,26.37,14.88,0,62.69
391.7421875,-30.1,8.75,41.2,100,26.37,14.88,0,62.69
391.75,-25.05,10.3,41.2,100,26.37,14.88,0,62.69
391.7578125,-22,13.5,41.2,100,26.37,14.88,0,62.69
391.765625,-29.2,12.35,41.2,100,26.37,14.88,0,62.69
391.7734375,-34.95,11.55,41.2,100,26.37,14.88,0,62.69
391.78125,-42.2,7.35,41.2,100,26.37,14.88,0,62.69
391.7890625,-43.8,3.9,41.2,100,26.37,14.88,0,62.69
391.796875,-41.65,0.15,41.2,100,26.37,14.88,0,62.69
391.8046875,-32.3,3.2,41.2,100,26.37,14.88,0,62.69
391.8125,-24,7.55,41.2,100,26.37,14.88,0,62.69
391.8203125,-19.9,11.55,41.2,100,26.37,14.88,0,62.69
391.828125,-22.85,11.6,41.2,100,26.37,14.88,0,62.69
391.8359375,-30.3,8.55,41.2,100,26.37,14.88,0,62.69
391.84375,-34.65,6.35,41.2,100,26.37,14.88,0,62.69
391.8515625,-36.5,5.55,41.2,100,26.37,14.88,0,62.69
391.859375,-35,7,41.2,100,26.37,14.88,0,62.69
391.8671875,-35,7.4,41.2,100,26.37,14.88,0,62.69
391.875,-31.35,9.95,41.2,100,26.37,14.88,0,62.69
391.8828125,-31.15,9.7,41.2,100,26.37,14.88,0,62.69
391.890625,-27.05,12,41.2,100,26.37,14.88,0,62.69
391.8984375,-27.35,10.95,41.2,100,26.37,14.88,0,62.69
391.90625,-27.65,11.15,41.2,100,26.37,14.88,0,62.69
391.9140625,-28.15,9.7,41.2,100,26.37,14.88,0,62.69
391.921875,-27.2,9.25,41.2,100,26.37,14.88,0,62.69
391.9296875,-34.8,3.6,41.2,100,26.37,14.88,0,62.69
391.9375,-42.6,-0.9,41.2,100,26.37,14.88,0,62.69
391.9453125,-47.2,-2.1,41.2,100,26.37,14.88,0,62.69
391.953125,-47.5,1.4,41.2,100,26.37,14.88,0,62.69
391.9609375,-42.4,4.8,41.2,100,26.37,14.88,0,62.69
391.96875,-38,5.9,41.2,100,26.37,14.88,0,62.69
391.9765625,-35.55,6.05,41.2,100,26.37,14.88,0,62.69
391.984375,-33.65,4.35,41.2,100,26.37,14.88,0,62.69
391.9921875,-28.35,4.15,41.2,100,26.37,14.88,0,62.69
392,-29.05,3.5,41.2,100,26.37,14.88,0,62.69
392.0078125,-29,4.85,41.2,100,26.37,14.88,0,62.69
392.015625,-31.45,3.45,41.2,100,26.37,14.88,0,62.69
392.0234375,-30.65,5.45,41.2,100,26.37,14.88,0,62.69
392.03125,-32.35,4.95,41.2,100,26.37,14.88,0,62.69
392.0390625,-30,4.9,41.2,100,26.37,14.88,0,62.69
392.046875,-29.3,2.65,41.2,100,26.37,14.88,0,62.69
392.0546875,-28.05,2.1,41.2,100,26.37,14.88,0,62.69
392.0625,-27.35,1,41.2,100,26.37,14.88,0,62.69
392.0703125,-24.3,2.15,41.2,100,26.37,14.88,0,62.69
392.078125,-22.95,1.8,41.2,100,26.37,14.88,0,62.69
392.0859375,-25.45,0.4,41.2,100,26.37,14.88,0,62.69
392.09375,-25.75,1.65,41.2,100,26.37,14.88,0,62.69
392.1015625,-24.35,2.5,41.2,100,26.37,14.88,0,62.69
392.109375,-21.5,2.25,41.2,100,26.37,14.88,0,62.69
392.1171875,-23.8,-1.15,41.2,100,26.37,14.88,0,62.69
392.125,-25.75,-2.45,41.2,100,26.37,14.88,0,62.69
392.1328125,-27.45,-2.85,41.2,100,26.37,14.88,0,62.69
392.140625,-19.8,2.25,41.2,100,26.37,14.88,0,62.69
392.1484375,-12.95,5.85,41.2,100,26.37,14.88,0,62.69
392.15625,-6.75,9.85,41.5,100,26.54,15.02,0,62.69
392.1640625,-7.4,7.45,41.5,100,26.54,15.02,0,62.69
392.171875,-9,4.7,41.5,100,26.54,15.02,0,62.69
392.1796875,-12.5,1.85,41.5,100,26.54,15.02,0,62.69
392.1875,-8.95,4.15,41.5,100,26.54,15.02,0,62.69
392.1953125,-5.9,4.15,41.5,100,26.54,15.02,0,62.69
392.203125,-10.5,0.3,41.5,100,26.54,15.02,0,62.69
392.2109375,-15.25,-4.35,41.5,100,26.54,15.02,0,62.69
392.21875,-12.9,-4.55,41.5,100,26.54,15.02,0,62.69
392.2265625,-6.05,-1.5,41.5,100,26.54,15.02,0,62.69
392.234375,-0.85,0.6,41.5,100,26.54,15.02,0,62.69
392.2421875,8.05,4.35,41.5,100,26.54,15.02,0,62.69
392.25,12.85,5.6,41.5,100,26.54,15.02,0,62.69
392.2578125,16.25,7.1,41.5,100,26.54,15.02,0,62.69
392.265625,12.25,4.8,41.5,100,26.54,15.02,0,62.69
392.2734375,12.45,5,41.5,100,26.54,15.02,0,62.69
392.28125,15,5.35,41.5,100,26.54,15.02,0,62.69
392.2890625,20.7,9.65,41.5,100,26.54,15.02,0,62.69
392.296875,20.2,10.9,41.5,100,26.54,15.02,0,62.69
392.3046875,19.05,12.55,41.5,100,26.54,15.02,0,62.69
392.3125,16.75,12.9,41.5,100,26.54,15.02,0,62.69
392.3203125,17.75,14.5,41.5,100,26.54,15.02,0,62.69
392.328125,18.35,15.05,41.5,100,26.54,15.02,0,62.69
392.3359375,17.95,16.25,41.5,100,26.54,15.02,0,62.69
392.34375,21.9,18.05,41.5,100,26.54,15.02,0,62.69
392.3515625,25.55,18.15,41.5,100,26.54,15.02,0,62.69
392.359375,28.4,19.05,41.5,100,26.54,15.02,0,62.69
392.3671875,28.95,19.55,41.5,100,26.54,15.02,0,62.69
392.375,32.55,22.6,41.5,100,26.54,15.02,0,62.69
392.3828125,30.05,21.45,41.5,100,26.54,15.02,0,62.69
392.390625,27.75,20.15,41.5,100,26.54,15.02,0,62.69
392.3984375,23.5,16.85,41.5,100,26.54,15.02,0,62.69
392.40625,23.9,17.3,41.5,100,26.54,15.02,0,62.69
392.4140625,21.05,14.55,41.5,100,26.54,15.02,0,62.69
392.421875,18.35,12.5,41.5,100,26.54,15.02,0,62.69
392.4296875,14.1,9.1,41.5,100,26.54,15.02,0,62.69
392.4375,13.2,9.25,41.5,100,26.54,15.02,0,62.69
392.4453125,13.6,10.2,41.5,100,26.54,15.02,0,62.69
392.453125,19.45,14.75,41.5,100,26.54,15.02,0,62.69
392.4609375,30.7,20.6,41.5,100,26.54,15.02,0,62.69
392.46875,40.15,24.3,41.5,100,26.54,15.02,0,62.69
392.4765625,46.25,25.65,41.5,100,26.54,15.02,0,62.69
392.484375,45.6,24.35,41.5,100,26.54,15.02,0,62.69
392.4921875,43.55,23.25,41.5,100,26.54,15.02,0,62.69
392.5,36.65,19.6,41.5,100,26.54,15.02,0,62.69
392.5078125,37.25,20.45,41.5,100,26.54,15.02,0,62.69
392.515625,40,20.4,41.5,100,26.54,15.02,0,62.69
392.5234375,44,21.15,41.5,100,26.54,15.02,0,62.69
392.53125,41.2,19.25,41.5,100,26.54,15.02,0,62.69
392.5390625,40.2,20.1,41.5,100,26.54,15.02,0,62.69
392.546875,36.15,17.85,41.5,100,26.54,15.02,0,62.69
392.5546875,37.75,19.05,41.5,100,26.54,15.02,0,62.69
392.5625,44.9,22.95,41.5,100,26.54,15.02,0,62.69
392.5703125,52,27.55,41.5,100,26.54,15.02,0,62.69
392.578125,53,27.8,41.5,100,26.54,15.02,0,62.69
392.5859375,49.1,25.7,41.5,100,26.54,15.02,0,62.69
392.59375,45.65,23.95,41.5,100,26.54,15.02,0,62.69
392.6015625,44.35,22.95,41.5,100,26.54,15.02,0,62.69
392.609375,49.25,24.7,41.5,100,26.54,15.02,0,62.69
392.6171875,53.55,26.2,41.5,100,26.54,15.02,0,62.69
392.625,60.1,30.75,41.5,100,26.54,15.02,0,62.69
392.6328125,59.7,30.95,41.5,100,26.54,15.02,0,62.69
392.640625,57.75,29.7,41.5,100,26.54,15.02,0,62.69
392.6484375,53,26.25,41.5,100,26.54,15.02,0,62.69
392.65625,52.6,26.75,41.5,100,26.54,15.02,0,62.69
392.6640625,49.75,24.55,41.5,100,26.54,15.02,0,62.69
392.671875,50.7,24.9,41.5,100,26.54,15.02,0,62.69
392.6796875,52.55,26.35,41.5,100,26.54,15.02,0,62.69
392.6875,56.3,30.25,41.5,100,26.54,15.02,0,62.69
392.6953125,59.75,32.3,41.5,100,26.54,15.02,0,62.69
392.703125,62.75,33.05,41.5,100,26.54,15.02,0,62.69
392.7109375,63.7,32.25,41.5,100,26.54,15.02,0,62.69
392.71875,61.45,29.7,41.5,100,26.54,15.02,0,62.69
392.7265625,59.1,27.25,41.5,100,26.54,15.02,0,62.69
392.734375,52.9,23.35,41.5,100,26.54,15.02,0,62.69
392.7421875,47.85,21.15,41.5,100,26.54,15.02,0,62.69
392.75,41.15,17.7,41.5,100,26.54,15.02,0,62.69
392.7578125,41.5,18.95,41.5,100,26.54,15.02,0,62.69
392.765625,43,20.25,41.5,100,26.54,15.02,0,62.69
392.7734375,46,22.7,41.5,100,26.54,15.02,0,62.69
392.78125,44.3,21.15,41.5,100,26.54,15.02,0,62.69
392.7890625,45.8,22.1,41.5,100,26.54,15.02,0,62.69
392.796875,44.85,21.75,41.5,100,26.54,15.02,0,62.69
392.8046875,45.5,23.8,41.5,100,26.54,15.02,0,62.69
392.8125,45.35,24.6,41.5,100,26.54,15.02,0,62.69
392.8203125,45.2,25.35,41.5,100,26.54,15.02,0,62.69
392.828125,44,24.85,41.5,100,26.54,15.02,0,62.69
392.8359375,41.85,23.95,41.5,100,26.54,15.02,0,62.69
392.84375,40.65,23.15,41.5,100,26.54,15.02,0,62.69
392.8515625,40.05,23.95,41.5,100,26.54,15.02,0,62.69
392.859375,42.85,27,41.5,100,26.54,15.02,0,62.69
392.8671875,44.55,27.45,41.5,100,26.54,15.02,0,62.69
392.875,49,28.4,41.5,100,26.54,15.02,0,62.69
392.8828125,49,25.9,41.5,100,26.54,15.02,0,62.69
392.890625,50.85,24.75,41.5,100,26.54,15.02,0,62.69
392.8984375,49.3,22.2,41.5,100,26.54,15.02,0,62.69
392.90625,48.6,22.25,41.5,100,26.54,15.02,0,62.69
392.9140625,46.85,20.4,41.5,100,26.54,15.02,0,62.69
392.921875,49.15,21.1,41.5,100,26.54,15.02,0,62.69
392.9296875,48.75,20.55,41.5,100,26.54,15.02,0,62.69
392.9375,47.35,19.15,41.5,100,26.54,15.02,0,62.69
392.9453125,43.25,15.55,41.5,100,26.54,15.02,0,62.69
392.953125,39.95,15.05,41.5,100,26.54,15.02,0,62.69
392.9609375,40.75,18.2,41.5,100,26.54,15.02,0,62.69
392.96875,41.2,20.6,41.5,100,26.54,15.02,0,62.69
392.9765625,41.65,22.25,41.5,100,26.54,15.02,0,62.69
392.984375,39.7,21.7,41.5,100,26.54,15.02,0,62.69
392.9921875,38.15,21.8,41.5,100,26.54,15.02,0,62.69
393,32.4,19.2,41.5,100,26.54,15.02,0,62.69
393.0078125,31.15,18.5,41.5,100,26.54,15.02,0,62.69
393.015625,27.5,16.1,41.5,100,26.54,15.02,0,62.69
393.0234375,29.05,18.45,41.5,100,26.54,15.02,0,62.69
393.03125,30.7,19.45,41.5,100,26.54,15.02,0,62.69
393.0390625,34.65,22.35,41.5,100,26.54,15.02,0,62.69
393.046875,33.05,21.1,41.5,100,26.54,15.02,0,62.69
393.0546875,29.55,19.15,41.5,100,26.54,15.02,0,62.69
393.0625,24.1,15.1,41.5,100,26.54,15.02,0,62.69
393.0703125,22.95,14,41.5,100,26.54,15.02,0,62.69
393.078125,23.75,13.25,41.5,100,26.54,15.02,0,62.69
393.0859375,24.7,13.95,41.5,100,26.54,15.02,0,62.69
393.09375,27.1,15.35,41.5,100,26.54,15.02,0,62.69
393.1015625,27.05,15.7,41.5,100,26.54,15.02,0,62.69
393.109375,26.6,15.65,41.5,100,26.54,15.02,0,62.69
393.1171875,24.15,13.65,41.5,100,26.54,15.02,0,62.69
393.125,27.2,14.65,41.5,100,26.54,15.02,0,62.69
393.1328125,30.3,15.3,41.5,100,26.54,15.02,0,62.69
393.140625,35.65,18.3,41.5,100,26.54,15.02,0,62.69
393.1484375,36.15,18.1,41.5,100,26.54,15.02,0,62.69
393.15625,38.2,18.45,41.6,100,26.79,14.93,0,62.79
393.1640625,36.25,15.2,41.6,100,26.79,14.93,0,62.79
393.171875,35.7,15.4,41.6,100,26.79,14.93,0,62.79
393.1796875,33.6,14.45,41.6,100,26.79,14.93,0,62.79
393.1875,33.45,14.45,41.6,100,26.79,14.93,0,62.79
393.1953125,35.8,15.75,41.6,100,26.79,14.93,0,62.79
393.203125,37.95,18.7,41.6,100,26.79,14.93,0,62.79
393.2109375,37.2,20.05,41.6,100,26.79,14.93,0,62.79
393.21875,34.75,20.65,41.6,100,26.79,14.93,0,62.79
393.2265625,35,21.2,41.6,100,26.79,14.93,0,62.79
393.234375,31.25,17.55,41.6,100,26.79,14.93,0,62.79
393.2421875,28.45,14.55,41.6,100,26.79,14.93,0,62.79
393.25,24.6,10.85,41.6,100,26.79,14.93,0,62.79
393.2578125,26.55,11.4,41.6,100,26.79,14.93,0,62.79
393.265625,29.1,12.6,41.6,100,26.79,14.93,0,62.79
393.2734375,35.4,16.25,41.6,100,26.79,14.93,0,62.79
393.28125,38.25,16.6,41.6,100,26.79,14.93,0,62.79
393.2890625,43.7,20.3,41.6,100,26.79,14.93,0,62.79
393.296875,44.55,21.75,41.6,100,26.79,14.93,0,62.79
393.3046875,43.85,22.35,41.6,100,26.79,14.93,0,62.79
393.3125,39.45,19.3,41.6,100,26.79,14.93,0,62.79
393.3203125,34.8,16.85,41.6,100,26.79,14.93,0,62.79
393.328125,33.5,16,41.6,100,26.79,14.93,0,62.79
393.3359375,35.3,16.85,41.6,100,26.79,14.93,0,62.79
393.34375,37.7,17.35,41.6,100,26.79,14.93,0,62.79
393.3515625,39.35,18,41.6,100,26.79,14.93,0,62.79
393.359375,42.6,20.1,41.6,100,26.79,14.93,0,62.79
393.3671875,40.75,19.15,41.6,100,26.79,14.93,0,62.79
393.375,41,20.45,41.6,100,26.79,14.93,0,62.79
393.3828125,38.8,20.45,41.6,100,26.79,14.93,0,62.79
393.390625,41.35,23.25,41.6,100,26.79,14.93,0,62.79
393.3984375,44.3,24.65,41.6,100,26.79,14.93,0,62.79
393.40625,50.25,29.35,41.6,100,26.79,14.93,0,62.79
393.4140625,52.35,31.65,41.6,100,26.79,14.93,0,62.79
393.421875,53.35,33,41.6,100,26.79,14.93,0,62.79
393.4296875,48.7,29.4,41.6,100,26.79,14.93,0,62.79
393.4375,47.15,28.2,41.6,100,26.79,14.93,0,62.79
393.4453125,47.25,26.9,41.6,100,26.79,14.93,0,62.79
393.453125,46.7,26.35,41.6,100,26.79,14.93,0,62.79
393.4609375,47.25,26.5,41.6,100,26.79,14.93,0,62.79
393.46875,46.05,26.55,41.6,100,26.79,14.93,0,62.79
393.4765625,44.65,27.1,41.6,100,26.79,14.93,0,62.79
393.484375,45.15,27.7,41.6,100,26.79,14.93,0,62.79
393.4921875,51.05,30.15,41.6,100,26.79,14.93,0,62.79
393.5,52.6,29.85,41.6,100,26.79,14.93,0,62.79
393.5078125,56.4,31.25,41.6,100,26.79,14.93,0,62.79
393.515625,57.65,29.35,41.6,100,26.79,14.93,0,62.79
393.5234375,62.5,30.45,41.6,100,26.79,14.93,0,62.79
393.53125,64.45,30.15,41.6,100,26.79,14.93,0,62.79
393.5390625,66.8,30.85,41.6,100,26.79,14.93,0,62.79
393.546875,65.2,29.35,41.6,100,26.79,14.93,0,62.79
393.5546875,63.65,29.7,41.6,100,26.79,14.93,0,62.79
393.5625,60.25,28.75,41.6,100,26.79,14.93,0,62.79
393.5703125,60.1,29.85,41.6,100,26.79,14.93,0,62.79
393.578125,58.25,29.2,41.6,100,26.79,14.93,0,62.79
393.5859375,51.9,26.2,41.6,100,26.79,14.93,0,62.79
393.59375,47.85,24.1,41.6,100,26.79,14.93,0,62.79
393.6015625,45.9,23.15,41.6,100,26.79,14.93,0,62.79
393.609375,49.35,25.95,41.6,100,26.79,14.93,0,62.79
393.6171875,51.9,27.8,41.6,100,26.79,14.93,0,62.79
393.625,52.45,27.85,41.6,100,26.79,14.93,0,62.79
393.6328125,47.7,23.9,41.6,100,26.79,14.93,0,62.79
393.640625,49.5,25.9,41.6,100,26.79,14.93,0,62.79
393.6484375,51,27.65,41.6,100,26.79,14.93,0,62.79
393.65625,55.55,30.65,41.6,100,26.79,14.93,0,62.79
393.6640625,58.5,31.45,41.6,100,26.79,14.93,0,62.79
393.671875,62.4,33.95,41.6,100,26.79,14.93,0,62.79
393.6796875,60.7,31.55,41.6,100,26.79,14.93,0,62.79
393.6875,55.75,27.8,41.6,100,26.79,14.93,0,62.79
393.6953125,49,23.2,41.6,100,26.79,14.93,0,62.79
393.703125,45,20.85,41.6,100,26.79,14.93,0,62.79
393.7109375,43.6,20.7,41.6,100,26.79,14.93,0,62.79
393.71875,41.35,21.5,41.6,100,26.79,14.93,0,62.79
393.7265625,41.6,23.2,41.6,100,26.79,14.93,0,62.79
393.734375,39.2,22.95,41.6,100,26.79,14.93,0,62.79
393.7421875,38.1,23.75,41.6,100,26.79,14.93,0,62.79
393.75,35.1,21.35,41.6,100,26.79,14.93,0,62.79
393.7578125,35.15,19.9,41.6,100,26.79,14.93,0,62.79
393.765625,30.55,15.25,41.6,100,26.79,14.93,0,62.79
393.7734375,29.2,12.55,41.6,100,26.79,14.93,0,62.79
393.78125,26.95,9,41.6,100,26.79,14.93,0,62.79
393.7890625,29.55,11,41.6,100,26.79,14.93,0,62.79
393.796875,31.4,11.85,41.6,100,26.79,14.93,0,62.79
393.8046875,34.4,13.3,41.6,100,26.79,14.93,0,62.79
393.8125,33.3,12.05,41.6,100,26.79,14.93,0,62.79
393.8203125,30.3,11.3,41.6,100,26.79,14.93,0,62.79
393.828125,26.2,11.1,41.6,100,26.79,14.93,0,62.79
393.8359375,24.85,13.65,41.6,100,26.79,14.93,0,62.79
393.84375,26.75,16.7,41.6,100,26.79,14.93,0,62.79
393.8515625,26.55,17.05,41.6,100,26.79,14.93,0,62.79
393.859375,26.5,16.9,41.6,100,26.79,14.93,0,62.79
393.8671875,23.55,15.4,41.6,100,26.79,14.93,0,62.79
393.875,23.95,16.45,41.6,100,26.79,14.93,0,62.79
393.8828125,23.05,14.75,41.6,100,26.79,14.93,0,62.79
393.890625,21.9,12.45,41.6,100,26.79,14.93,0,62.79
393.8984375,13.05,6.55,41.6,100,26.79,14.93,0,62.79
393.90625,10.35,5.65,41.6,100,26.79,14.93,0,62.79
393.9140625,13.2,7.7,41.6,100,26.79,14.93,0,62.79
393.921875,22.05,13.95,41.6,100,26.79,14.93,0,62.79
393.9296875,28.85,16.7,41.6,100,26.79,14.93,0,62.79
393.9375,31.95,17.4,41.6,100,26.79,14.93,0,62.79
393.9453125,28.95,15.5,41.6,100,26.79,14.93,0,62.79
393.953125,25,13.55,41.6,100,26.79,14.93,0,62.79
393.9609375,21.6,11.05,41.6,100,26.79,14.93,0,62.79
393.96875,17.95,10.4,41.6,100,26.79,14.93,0,62.79
393.9765625,20.65,13.4,41.6,100,26.79,14.93,0,62.79
393.984375,25.8,16.4,41.6,100,26.79,14.93,0,62.79
393.9921875,33.25,21.55,41.6,100,26.79,14.93,0,62.79
394,35.9,23.45,41.6,100,26.79,14.93,0,62.79
394.0078125,41.25,26.5,41.6,100,26.79,14.93,0,62.79
394.015625,43.4,27.1,41.6,100,26.79,14.93,0,62.79
394.0234375,46.7,28.7,41.6,100,26.79,14.93,0,62.79
394.03125,46.25,26.65,41.6,100,26.79,14.93,0,62.79
394.0390625,48.85,27.85,41.6,100,26.79,14.93,0,62.79
394.046875,46.4,26,41.6,100,26.79,14.93,0,62.79
394.0546875,41.35,24.4,41.6,100,26.79,14.93,0,62.79
394.0625,37.2,23.2,41.6,100,26.79,14.93,0,62.79
394.0703125,38.4,24.95,41.6,100,26.79,14.93,0,62.79
394.078125,38.5,24.7,41.6,100,26.79,14.93,0,62.79
394.0859375,36.4,22.9,41.6,100,26.79,14.93,0,62.79
394.09375,39.55,23.25,41.6,100,26.79,14.93,0,62.79
394.1015625,44.7,25.35,41.6,100,26.79,14.93,0,62.79
394.109375,49.85,27.35,41.6,100,26.79,14.93,0,62.79
394.1171875,50.75,26.55,41.6,100,26.79,14.93,0,62.79
394.125,51.7,27.7,41.6,100,26.79,14.93,0,62.79
394.1328125,47.05,25.75,41.6,100,26.79,14.93,0,62.79
394.140625,47.75,26,41.6,100,26.79,14.93,0,62.79
394.1484375,49.15,25.95,41.6,100,26.79,14.93,0,62.79
394.15625,53.15,29,41.7,100,27.06,14.98,0,62.69
394.1640625,54,29.05,41.7,100,27.06,14.98,0,62.69
394.171875,57,31.4,41.7,100,27.06,14.98,0,62.69
394.1796875,57.3,31.1,41.7,100,27.06,14.98,0,62.69
394.1875,57.7,30.85,41.7,100,27.06,14.98,0,62.69
394.1953125,56.4,29.7,41.7,100,27.06,14.98,0,62.69
394.203125,53.75,29.35,41.7,100,27.06,14.98,0,62.69
394.2109375,51.9,27.4,41.7,100,27.06,14.98,0,62.69
394.21875,48.5,24.4,41.7,100,27.06,14.98,0,62.69
394.2265625,43.85,22.6,41.7,100,27.06,14.98,0,62.69
394.234375,36.3,20.4,41.7,100,27.06,14.98,0,62.69
394.2421875,33.3,20.1,41.7,100,27.06,14.98,0,62.69
394.25,28.3,18.55,41.7,100,27.06,14.98,0,62.69
394.2578125,25.15,17.9,41.7,100,27.06,14.98,0,62.69
394.265625,20.3,13.85,41.7,100,27.06,14.98,0,62.69
394.2734375,20.15,13.95,41.7,100,27.06,14.98,0,62.69
394.28125,18.65,14.2,41.7,100,27.06,14.98,0,62.69
394.2890625,21.05,16.7,41.7,100,27.06,14.98,0,62.69
394.296875,23.65,17.45,41.7,100,27.06,14.98,0,62.69
394.3046875,29.45,21.25,41.7,100,27.06,14.98,0,62.69
394.3125,32.7,23.25,41.7,100,27.06,14.98,0,62.69
394.3203125,32.75,22.8,41.7,100,27.06,14.98,0,62.69
394.328125,32.3,21.55,41.7,100,27.06,14.98,0,62.69
394.3359375,32.9,21.8,41.7,100,27.06,14.98,0,62.69
394.34375,31.85,20.4,41.7,100,27.06,14.98,0,62.69
394.3515625,27.95,16.85,41.7,100,27.06,14.98,0,62.69
394.359375,28.15,16.75,41.7,100,27.06,14.98,0,62.69
394.3671875,28.05,15.75,41.7,100,27.06,14.98,0,62.69
394.375,30.55,16.4,41.7,100,27.06,14.98,0,62.69
394.3828125,30,16.1,41.7,100,27.06,14.98,0,62.69
394.390625,30.6,17.55,41.7,100,27.06,14.98,0,62.69
394.3984375,28.75,16.15,41.7,100,27.06,14.98,0,62.69
394.40625,30.75,18.6,41.7,100,27.06,14.98,0,62.69
394.4140625,28.45,18.15,41.7,100,27.06,14.98,0,62.69
394.421875,24.75,18.45,41.7,100,27.06,14.98,0,62.69
394.4296875,17.3,16.35,41.7,100,27.06,14.98,0,62.69
394.4375,12.25,16.05,41.7,100,27.06,14.98,0,62.69
394.4453125,9.75,15.55,41.7,100,27.06,14.98,0,62.69
394.453125,9.25,15.6,41.7,100,27.06,14.98,0,62.69
394.4609375,9.9,15.45,41.7,100,27.06,14.98,0,62.69
394.46875,12.5,16.9,41.7,100,27.06,14.98,0,62.69
394.4765625,19.05,21.35,41.7,100,27.06,14.98,0,62.69
394.484375,20.6,23.05,41.7,100,27.06,14.98,0,62.69
394.4921875,23.1,24.95,41.7,100,27.06,14.98,0,62.69
394.5,23.55,23.8,41.7,100,27.06,14.98,0,62.69
394.5078125,24.25,22.4,41.7,100,27.06,14.98,0,62.69
394.515625,18.9,19.3,41.7,100,27.06,14.98,0,62.69
394.5234375,18.45,20.6,41.7,100,27.06,14.98,0,62.69
394.53125,16.7,20,41.7,100,27.06,14.98,0,62.69
394.5390625,17.55,21.35,41.7,100,27.06,14.98,0,62.69
394.546875,19.85,22.6,41.7,100,27.06,14.98,0,62.69
394.5546875,25.6,25.4,41.7,100,27.06,14.98,0,62.69
394.5625,28.35,25.7,41.7,100,27.06,14.98,0,62.69
394.5703125,32.25,26.95,41.7,100,27.06,14.98,0,62.69
394.578125,35.75,27.5,41.7,100,27.06,14.98,0,62.69
394.5859375,37.9,28.55,41.7,100,27.06,14.98,0,62.69
394.59375,39.3,29.9,41.7,100,27.06,14.98,0,62.69
394.6015625,34.6,28,41.7,100,27.06,14.98,0,62.69
394.609375,30.85,26.7,41.7,100,27.06,14.98,0,62.69
394.6171875,29.3,26.05,41.7,100,27.06,14.98,0,62.69
394.625,32.65,29.25,41.7,100,27.06,14.98,0,62.69
394.6328125,34.05,30.35,41.7,100,27.06,14.98,0,62.69
394.640625,38,31.75,41.7,100,27.06,14.98,0,62.69
394.6484375,37.4,29.3,41.7,100,27.06,14.98,0,62.69
394.65625,40.05,30.4,41.7,100,27.06,14.98,0,62.69
394.6640625,39.75,29.65,41.7,100,27.06,14.98,0,62.69
394.671875,39.5,29.4,41.7,100,27.06,14.98,0,62.69
394.6796875,38.95,29.35,41.7,100,27.06,14.98,0,62.69
394.6875,38.95,31.05,41.7,100,27.06,14.98,0,62.69
394.6953125,36.3,29.35,41.7,100,27.06,14.98,0,62.69
394.703125,34.6,28.75,41.7,100,27.06,14.98,0,62.69
394.7109375,32,27.85,41.7,100,27.06,14.98,0,62.69
394.71875,27.4,26.55,41.7,100,27.06,14.98,0,62.69
394.7265625,31,30.75,41.7,100,27.06,14.98,0,62.69
394.734375,37.6,36.5,41.7,100,27.06,14.98,0,62.69
394.7421875,46.55,42.45,41.7,100,27.06,14.98,0,62.69
394.75,49.6,44.7,41.7,100,27.06,14.98,0,62.69
394.7578125,52.55,46.35,41.7,100,27.06,14.98,0,62.69
394.765625,50.2,42.95,41.7,100,27.06,14.98,0,62.69
394.7734375,49.65,42.35,41.7,100,27.06,14.98,0,62.69
394.78125,48,41.1,41.7,100,27.06,14.98,0,62.69
394.7890625,52.45,42.35,41.7,100,27.06,14.98,0,62.69
394.796875,52.95,40.7,41.7,100,27.06,14.98,0,62.69
394.8046875,52.05,41.4,41.7,100,27.06,14.98,0,62.69
394.8125,52.4,43.45,41.7,100,27.06,14.98,0,62.69
394.8203125,54.7,46.75,41.7,100,27.06,14.98,0,62.69
394.828125,56.6,48.35,41.7,100,27.06,14.98,0,62.69
394.8359375,57.85,48.7,41.7,100,27.06,14.98,0,62.69
394.84375,58.45,48.05,41.7,100,27.06,14.98,0,62.69
394.8515625,56.8,46.55,41.7,100,27.06,14.98,0,62.69
394.859375,59.25,47.45,41.7,100,27.06,14.98,0,62.69
394.8671875,59.75,47.6,41.7,100,27.06,14.98,0,62.69
394.875,61,48.5,41.7,100,27.06,14.98,0,62.69
394.8828125,57.8,44.3,41.7,100,27.06,14.98,0,62.69
394.890625,57.85,41.7,41.7,100,27.06,14.98,0,62.69
394.8984375,56.15,38.9,41.7,100,27.06,14.98,0,62.69
394.90625,57.6,41.4,41.7,100,27.06,14.98,0,62.69
394.9140625,55.25,42.35,41.7,100,27.06,14.98,0,62.69
394.921875,53.85,43.55,41.7,100,27.06,14.98,0,62.69
394.9296875,53,41.8,41.7,100,27.06,14.98,0,62.69
394.9375,57.05,42.7,41.7,100,27.06,14.98,0,62.69
394.9453125,61.7,43.3,41.7,100,27.06,14.98,0,62.69
394.953125,65.3,44.65,41.7,100,27.06,14.98,0,62.69
394.9609375,67.35,46.5,41.7,100,27.06,14.98,0,62.69
394.96875,66.55,46.3,41.7,100,27.06,14.98,0,62.69
394.9765625,67.8,44.6,41.7,100,27.06,14.98,0,62.69
394.984375,68.15,42.6,41.7,100,27.06,14.98,0,62.69
394.9921875,70.15,44.2,41.7,100,27.06,14.98,0,62.69
395,68.9,44.4,41.7,100,27.06,14.98,0,62.69
395.0078125,71.25,47.05,41.7,100,27.06,14.98,0,62.69
395.015625,72.55,48.5,41.7,100,27.06,14.98,0,62.69
395.0234375,77.25,52.75,41.7,100,27.06,14.98,0,62.69
395.03125,78.5,52.85,41.7,100,27.06,14.98,0,62.69
395.0390625,82.8,53.7,41.7,100,27.06,14.98,0,62.69
395.046875,85.8,53.5,41.7,100,27.06,14.98,0,62.69
395.0546875,87.75,54.75,41.7,100,27.06,14.98,0,62.69
395.0625,85.55,53.55,41.7,100,27.06,14.98,0,62.69
395.0703125,83.3,53.45,41.7,100,27.06,14.98,0,62.69
395.078125,82.3,52.95,41.7,100,27.06,14.98,0,62.69
395.0859375,81.9,53.15,41.7,100,27.06,14.98,0,62.69
395.09375,83,54.8,41.7,100,27.06,14.98,0,62.69
395.1015625,84,56.45,41.7,100,27.06,14.98,0,62.69
395.109375,88.35,58.95,41.7,100,27.06,14.98,0,62.69
395.1171875,88.3,57.95,41.7,100,27.06,14.98,0,62.69
395.125,89.1,58,41.7,100,27.06,14.98,0,62.69
395.1328125,88.95,56.6,41.7,100,27.06,14.98,0,62.69
395.140625,93.1,58.3,41.7,100,27.06,14.98,0,62.69
395.1484375,89.4,56.7,41.7,100,27.06,14.98,0,62.69
395.15625,83.55,56.85,40.8,100,27.15,14.95,0,62.62
395.1640625,74.9,54.35,40.8,100,27.15,14.95,0,62.62
395.171875,73.4,55.45,40.8,100,27.15,14.95,0,62.62
395.1796875,75.6,57.2,40.8,100,27.15,14.95,0,62.62
395.1875,78.85,59.55,40.8,100,27.15,14.95,0,62.62
395.1953125,76.8,58.15,40.8,100,27.15,14.95,0,62.62
395.203125,72.55,56.25,40.8,100,27.15,14.95,0,62.62
395.2109375,68.45,54.25,40.8,100,27.15,14.95,0,62.62
395.21875,64.1,52.4,40.8,100,27.15,14.95,0,62.62
395.2265625,64.8,53.05,40.8,100,27.15,14.95,0,62.62
395.234375,65.8,52.5,40.8,100,27.15,14.95,0,62.62
395.2421875,65.85,51,40.8,100,27.15,14.95,0,62.62
395.25,59.5,46.65,40.8,100,27.15,14.95,0,62.62
395.2578125,55.8,45.85,40.8,100,27.15,14.95,0,62.62
395.265625,50.35,44,40.8,100,27.15,14.95,0,62.62
395.2734375,49.4,44.1,40.8,100,27.15,14.95,0,62.62
395.28125,47.95,42.15,40.8,100,27.15,14.95,0,62.62
395.2890625,50.65,43.4,40.8,100,27.15,14.95,0,62.62
395.296875,51.65,43.85,40.8,100,27.15,14.95,0,62.62
395.3046875,52.6,44.2,40.8,100,27.15,14.95,0,62.62
395.3125,49.75,40.3,40.8,100,27.15,14.95,0,62.62
395.3203125,46.95,37.15,40.8,100,27.15,14.95,0,62.62
395.328125,46.1,35.25,40.8,100,27.15,14.95,0,62.62
395.3359375,48.1,34.65,40.8,100,27.15,14.95,0,62.62
395.34375,53.9,37.05,40.8,100,27.15,14.95,0,62.62
395.3515625,58.25,40.1,40.8,100,27.15,14.95,0,62.62
395.359375,60.85,42.25,40.8,100,27.15,14.95,0,62.62
395.3671875,54.3,39.2,40.8,100,27.15,14.95,0,62.62
395.375,47.9,37.65,40.8,100,27.15,14.95,0,62.62
395.3828125,41.9,35.5,40.8,100,27.15,14.95,0,62.62
395.390625,43.05,36.6,40.8,100,27.15,14.95,0,62.62
395.3984375,43.35,34.85,40.8,100,27.15,14.95,0,62.62
395.40625,47.7,35.8,40.8,100,27.15,14.95,0,62.62
395.4140625,48.5,34.3,40.8,100,27.15,14.95,0,62.62
395.421875,47.55,33.2,40.8,100,27.15,14.95,0,62.62
395.4296875,41.5,29.1,40.8,100,27.15,14.95,0,62.62
395.4375,36.55,26.95,40.8,100,27.15,14.95,0,62.62
395.4453125,32.6,24.35,40.8,100,27.15,14.95,0,62.62
395.453125,29.65,22.45,40.8,100,27.15,14.95,0,62.62
395.4609375,28.75,22.35,40.8,100,27.15,14.95,0,62.62
395.46875,29.05,23.2,40.8,100,27.15,14.95,0,62.62
395.4765625,33.75,26.25,40.8,100,27.15,14.95,0,62.62
395.484375,35.6,27.6,40.8,100,27.15,14.95,0,62.62
395.4921875,37,29.15,40.8,100,27.15,14.95,0,62.62
395.5,35.05,28.8,40.8,100,27.15,14.95,0,62.62
395.5078125,36.9,31,40.8,100,27.15,14.95,0,62.62
395.515625,36.15,30.5,40.8,100,27.15,14.95,0,62.62
395.5234375,38.05,32,40.8,100,27.15,14.95,0,62.62
395.53125,38.75,31.7,40.8,100,27.15,14.95,0,62.62
395.5390625,43.5,32.8,40.8,100,27.15,14.95,0,62.62
395.546875,44.35,31.85,40.8,100,27.15,14.95,0,62.62
395.5546875,42.9,32.95,40.8,100,27.15,14.95,0,62.62
395.5625,39.95,33.6,40.8,100,27.15,14.95,0,62.62
395.5703125,38,34.95,40.8,100,27.15,14.95,0,62.62
395.578125,34.65,34.05,40.8,100,27.15,14.95,0,62.62
395.5859375,31.35,32.4,40.8,100,27.15,14.95,0,62.62
395.59375,31.55,31.8,40.8,100,27.15,14.95,0,62.62
395.6015625,29.95,31.3,40.8,100,27.15,14.95,0,62.62
395.609375,32.55,34.2,40.8,100,27.15,14.95,0,62.62
395.6171875,35.75,35.9,40.8,100,27.15,14.95,0,62.62
395.625,41.05,37.45,40.8,100,27.15,14.95,0,62.62
395.6328125,42.15,35.7,40.8,100,27.15,14.95,0,62.62
395.640625,46.4,37.6,40.8,100,27.15,14.95,0,62.62
395.6484375,44.9,36.75,40.8,100,27.15,14.95,0,62.62
395.65625,43.8,38.15,40.8,100,27.15,14.95,0,62.62
395.6640625,39.85,36.95,40.8,100,27.15,14.95,0,62.62
395.671875,39.3,37.2,40.8,100,27.15,14.95,0,62.62
395.6796875,39.3,36.45,40.8,100,27.15,14.95,0,62.62
395.6875,43.1,38.45,40.8,100,27.15,14.95,0,62.62
395.6953125,47.25,39.15,40.8,100,27.15,14.95,0,62.62
395.703125,51.65,40.55,40.8,100,27.15,14.95,0,62.62
395.7109375,52.2,40.4,40.8,100,27.15,14.95,0,62.62
395.71875,45.75,36.75,40.8,100,27.15,14.95,0,62.62
395.7265625,39.05,33.05,40.8,100,27.15,14.95,0,62.62
395.734375,33.8,29.45,40.8,100,27.15,14.95,0,62.62
395.7421875,34.55,28.35,40.8,100,27.15,14.95,0,62.62
395.75,35.35,26.35,40.8,100,27.15,14.95,0,62.62
395.7578125,38.9,27.1,40.8,100,27.15,14.95,0,62.62
395.765625,38,26.3,40.8,100,27.15,14.95,0,62.62
395.7734375,37.2,27.15,40.8,100,27.15,14.95,0,62.62
395.78125,35.15,26.7,40.8,100,27.15,14.95,0,62.62
395.7890625,38.1,29.45,40.8,100,27.15,14.95,0,62.62
395.796875,37.3,28.25,40.8,100,27.15,14.95,0,62.62
395.8046875,35.55,27.3,40.8,100,27.15,14.95,0,62.62
395.8125,33.7,26.4,40.8,100,27.15,14.95,0,62.62
395.8203125,32.25,25.8,40.8,100,27.15,14.95,0,62.62
395.828125,32.5,24.45,40.8,100,27.15,14.95,0,62.62
395.8359375,34.75,24.35,40.8,100,27.15,14.95,0,62.62
395.84375,39.1,25.85,40.8,100,27.15,14.95,0,62.62
395.8515625,41.8,27.75,40.8,100,27.15,14.95,0,62.62
395.859375,45.35,30.9,40.8,100,27.15,14.95,0,62.62
395.8671875,44.1,30.15,40.8,100,27.15,14.95,0,62.62
395.875,44.7,30.85,40.8,100,27.15,14.95,0,62.62
395.8828125,41.55,29.5,40.8,100,27.15,14.95,0,62.62
395.890625,40.8,29,40.8,100,27.15,14.95,0,62.62
395.8984375,36.65,25.55,40.8,100,27.15,14.95,0,62.62
395.90625,35.8,25.85,40.8,100,27.15,14.95,0,62.62
395.9140625,34.3,24.05,40.8,100,27.15,14.95,0,62.62
395.921875,37.4,24.85,40.8,100,27.15,14.95,0,62.62
395.9296875,38.35,24.35,40.8,100,27.15,14.95,0,62.62
395.9375,38.15,24.2,40.8,100,27.15,14.95,0,62.62
395.9453125,34.5,21.65,40.8,100,27.15,14.95,0,62.62
395.953125,30.7,20.35,40.8,100,27.15,14.95,0,62.62
395.9609375,28.5,19.8,40.8,100,27.15,14.95,0,62.62
395.96875,24.5,18.35,40.8,100,27.15,14.95,0,62.62
395.9765625,24.6,18.5,40.8,100,27.15,14.95,0,62.62
395.984375,28.75,20.7,40.8,100,27.15,14.95,0,62.62
395.9921875,37.25,27.05,40.8,100,27.15,14.95,0,62.62
396,41.4,31.25,40.8,100,27.15,14.95,0,62.62
396.0078125,45.8,33.95,40.8,100,27.15,14.95,0,62.62
396.015625,42.6,30.7,40.8,100,27.15,14.95,0,62.62
396.0234375,40.4,28.6,40.8,100,27.15,14.95,0,62.62
396.03125,40.1,27.2,40.8,100,27.15,14.95,0,62.62
396.0390625,44.4,29.4,40.8,100,27.15,14.95,0,62.62
396.046875,43.8,27.65,40.8,100,27.15,14.95,0,62.62
396.0546875,43.65,26.9,40.8,100,27.15,14.95,0,62.62
396.0625,43.7,26.65,40.8,100,27.15,14.95,0,62.62
396.0703125,43,26.45,40.8,100,27.15,14.95,0,62.62
396.078125,39.7,25.25,40.8,100,27.15,14.95,0,62.62
396.0859375,33.65,23.55,40.8,100,27.15,14.95,0,62.62
396.09375,29.2,20.5,40.8,100,27.15,14.95,0,62.62
396.1015625,27.45,17.95,40.8,100,27.15,14.95,0,62.62
396.109375,32.3,19,40.8,100,27.15,14.95,0,62.62
396.1171875,35.7,18,40.8,100,27.15,14.95,0,62.62
396.125,38.2,19.5,40.8,100,27.15,14.95,0,62.62
396.1328125,34.2,17.8,40.8,100,27.15,14.95,0,62.62
396.140625,33.9,17.65,40.8,100,27.15,14.95,0,62.62
396.1484375,31.75,16,40.8,100,27.15,14.95,0,62.62
396.15625,28.45,14.4,41.2,100,27.02,15.1,0,62.47
396.1640625,22.15,9.25,41.2,100,27.02,15.1,0,62.47
396.171875,24.7,12.4,41.2,100,27.02,15.1,0,62.47
396.1796875,29.05,16.6,41.2,100,27.02,15.1,0,62.47
396.1875,30.25,18.1,41.2,100,27.02,15.1,0,62.47
396.1953125,28.8,16.9,41.2,100,27.02,15.1,0,62.47
396.203125,29.4,17.35,41.2,100,27.02,15.1,0,62.47
396.2109375,31.3,17.45,41.2,100,27.02,15.1,0,62.47
396.21875,29.95,16.75,41.2,100,27.02,15.1,0,62.47
396.2265625,29.85,17.55,41.2,100,27.02,15.1,0,62.47
396.234375,29.85,19.05,41.2,100,27.02,15.1,0,62.47
396.2421875,36.45,23.2,41.2,100,27.02,15.1,0,62.47
396.25,41.05,23.8,41.2,100,27.02,15.1,0,62.47
396.2578125,42.95,23.35,41.2,100,27.02,15.1,0,62.47
396.265625,35.25,17.65,41.2,100,27.02,15.1,0,62.47
396.2734375,29.75,14,41.2,100,27.02,15.1,0,62.47
396.28125,24.8,10.95,41.2,100,27.02,15.1,0,62.47
396.2890625,25.4,11.85,41.2,100,27.02,15.1,0,62.47
396.296875,26.9,12,41.2,100,27.02,15.1,0,62.47
396.3046875,28.45,12.7,41.2,100,27.02,15.1,0,62.47
396.3125,26.3,10.6,41.2,100,27.02,15.1,0,62.47
396.3203125,28.8,12.95,41.2,100,27.02,15.1,0,62.47
396.328125,35,18,41.2,100,27.02,15.1,0,62.47
396.3359375,37.6,20.1,41.2,100,27.02,15.1,0,62.47
396.34375,37.7,19.35,41.2,100,27.02,15.1,0,62.47
396.3515625,35.2,17.4,41.2,100,27.02,15.1,0,62.47
396.359375,31.25,14.9,41.2,100,27.02,15.1,0,62.47
396.3671875,20.95,8.75,41.2,100,27.02,15.1,0,62.47
396.375,13.95,4.35,41.2,100,27.02,15.1,0,62.47
396.3828125,11.05,1.55,41.2,100,27.02,15.1,0,62.47
396.390625,18.75,6.6,41.2,100,27.02,15.1,0,62.47
396.3984375,26.2,11.5,41.2,100,27.02,15.1,0,62.47
396.40625,37.5,18.85,41.2,100,27.02,15.1,0,62.47
396.4140625,46.45,23.15,41.2,100,27.02,15.1,0,62.47
396.421875,49.65,23.6,41.2,100,27.02,15.1,0,62.47
396.4296875,43.85,18.05,41.2,100,27.02,15.1,0,62.47
396.4375,39.15,15.4,41.2,100,27.02,15.1,0,62.47
396.4453125,37.35,14.1,41.2,100,27.02,15.1,0,62.47
396.453125,38.3,14.05,41.2,100,27.02,15.1,0,62.47
396.4609375,42,16.35,41.2,100,27.02,15.1,0,62.47
396.46875,43.15,18.2,41.2,100,27.02,15.1,0,62.47
396.4765625,42.05,19.25,41.2,100,27.02,15.1,0,62.47
396.484375,37.3,17.95,41.2,100,27.02,15.1,0,62.47
396.4921875,34.95,18,41.2,100,27.02,15.1,0,62.47
396.5,30.45,14.25,41.2,100,27.02,15.1,0,62.47
396.5078125,32.6,13.35,41.2,100,27.02,15.1,0,62.47
396.515625,34.35,12.85,41.2,100,27.02,15.1,0,62.47
396.5234375,38.8,17.55,41.2,100,27.02,15.1,0,62.47
396.53125,41.3,20.5,41.2,100,27.02,15.1,0,62.47
396.5390625,44.85,23.75,41.2,100,27.02,15.1,0,62.47
396.546875,44.65,22,41.2,100,27.02,15.1,0,62.47
396.5546875,46,20.8,41.2,100,27.02,15.1,0,62.47
396.5625,44.1,17.4,41.2,100,27.02,15.1,0,62.47
396.5703125,39.75,14.2,41.2,100,27.02,15.1,0,62.47
396.578125,38.55,12.6,41.2,100,27.02,15.1,0,62.47
396.5859375,38.05,11.6,41.2,100,27.02,15.1,0,62.47
396.59375,35.05,9.85,41.2,100,27.02,15.1,0,62.47
396.6015625,30.3,9.85,41.2,100,27.02,15.1,0,62.47
396.609375,30.15,12.7,41.2,100,27.02,15.1,0,62.47
396.6171875,29.95,13.1,41.2,100,27.02,15.1,0,62.47
396.625,36.35,16.55,41.2,100,27.02,15.1,0,62.47
396.6328125,43.25,18.9,41.2,100,27.02,15.1,0,62.47
396.640625,51.15,21.35,41.2,100,27.02,15.1,0,62.47
396.6484375,51.45,19.75,41.2,100,27.02,15.1,0,62.47
396.65625,49.9,19.2,41.2,100,27.02,15.1,0,62.47
396.6640625,42.6,15.9,41.2,100,27.02,15.1,0,62.47
396.671875,33.75,12.5,41.2,100,27.02,15.1,0,62.47
396.6796875,24,7.05,41.2,100,27.02,15.1,0,62.47
396.6875,22.25,7.3,41.2,100,27.02,15.1,0,62.47
396.6953125,26.05,10.7,41.2,100,27.02,15.1,0,62.47
396.703125,30,14.05,41.2,100,27.02,15.1,0,62.47
396.7109375,33.9,15.95,41.2,100,27.02,15.1,0,62.47
396.71875,34.2,14.3,41.2,100,27.02,15.1,0,62.47
396.7265625,35.6,11.75,41.2,100,27.02,15.1,0,62.47
396.734375,36.1,9.35,41.2,100,27.02,15.1,0,62.47
396.7421875,37.3,10.4,41.2,100,27.02,15.1,0,62.47
396.75,33.9,9.5,41.2,100,27.02,15.1,0,62.47
396.7578125,35.2,11.6,41.2,100,27.02,15.1,0,62.47
396.765625,33.2,10.15,41.2,100,27.02,15.1,0,62.47
396.7734375,35.2,10.95,41.2,100,27.02,15.1,0,62.47
396.78125,38.7,11.05,41.2,100,27.02,15.1,0,62.47
396.7890625,43,12.85,41.2,100,27.02,15.1,0,62.47
396.796875,40.25,12,41.2,100,27.02,15.1,0,62.47
396.8046875,39.45,12.8,41.2,100,27.02,15.1,0,62.47
396.8125,38.5,10.45,41.2,100,27.02,15.1,0,62.47
396.8203125,35.7,7.75,41.2,100,27.02,15.1,0,62.47
396.828125,33.5,6.1,41.2,100,27.02,15.1,0,62.47
396.8359375,33.45,5.85,41.2,100,27.02,15.1,0,62.47
396.84375,35.4,7,41.2,100,27.02,15.1,0,62.47
396.8515625,32.35,6.2,41.2,100,27.02,15.1,0,62.47
396.859375,27.95,3.55,41.2,100,27.02,15.1,0,62.47
396.8671875,24.15,0.35,41.2,100,27.02,15.1,0,62.47
396.875,30.75,3.2,41.2,100,27.02,15.1,0,62.47
396.8828125,36.85,6.15,41.2,100,27.02,15.1,0,62.47
396.890625,40.75,10.6,41.2,100,27.02,15.1,0,62.47
396.8984375,35.6,8.45,41.2,100,27.02,15.1,0,62.47
396.90625,30.6,4.2,41.2,100,27.02,15.1,0,62.47
396.9140625,26.95,-0.35,41.2,100,27.02,15.1,0,62.47
396.921875,27.85,-0.1,41.2,100,27.02,15.1,0,62.47
396.9296875,27.75,0.75,41.2,100,27.02,15.1,0,62.47
396.9375,31.8,5.5,41.2,100,27.02,15.1,0,62.47
396.9453125,37,8.3,41.2,100,27.02,15.1,0,62.47
396.953125,37.95,8.15,41.2,100,27.02,15.1,0,62.47
396.9609375,36.45,6.7,41.2,100,27.02,15.1,0,62.47
396.96875,33.15,3.4,41.2,100,27.02,15.1,0,62.47
396.9765625,33.95,2.65,41.2,100,27.02,15.1,0,62.47
396.984375,35.05,4.1,41.2,100,27.02,15.1,0,62.47
396.9921875,31.45,4.4,41.2,100,27.02,15.1,0,62.47
397,20.4,0.7,41.2,100,27.02,15.1,0,62.47
397.0078125,21,2.8,41.2,100,27.02,15.1,0,62.47
397.015625,25.65,2.5,41.2,100,27.02,15.1,0,62.47
397.0234375,33.15,3.3,41.2,100,27.02,15.1,0,62.47
397.03125,39.7,3.9,41.2,100,27.02,15.1,0,62.47
397.0390625,46.85,7.75,41.2,100,27.02,15.1,0,62.47
397.046875,44.85,7.7,41.2,100,27.02,15.1,0,62.47
397.0546875,40.9,7.05,41.2,100,27.02,15.1,0,62.47
397.0625,34.9,3.85,41.2,100,27.02,15.1,0,62.47
397.0703125,27.75,0.1,41.2,100,27.02,15.1,0,62.47
397.078125,22.95,-2.95,41.2,100,27.02,15.1,0,62.47
397.0859375,23.15,-2.35,41.2,100,27.02,15.1,0,62.47
397.09375,28.25,2.2,41.2,100,27.02,15.1,0,62.47
397.1015625,33.2,7.4,41.2,100,27.02,15.1,0,62.47
397.109375,40.7,14.25,41.2,100,27.02,15.1,0,62.47
397.1171875,42.95,16.95,41.2,100,27.02,15.1,0,62.47
397.125,45.95,20.45,41.2,100,27.02,15.1,0,62.47
397.1328125,46.75,23.55,41.2,100,27.02,15.1,0,62.47
397.140625,50,28.35,41.2,100,27.02,15.1,0,62.47
397.1484375,45.95,27.05,41.2,100,27.02,15.1,0,62.47
397.15625,40.95,24.05,40.6,100,26.7,15.28,0,62.28
397.1640625,37.05,19.8,40.6,100,26.7,15.28,0,62.28
397.171875,41.5,22.05,40.6,100,26.7,15.28,0,62.28
397.1796875,46.75,24.9,40.6,100,26.7,15.28,0,62.28
397.1875,51.2,27.75,40.6,100,26.7,15.28,0,62.28
397.1953125,50.5,27.15,40.6,100,26.7,15.28,0,62.28
397.203125,45.8,25.2,40.6,100,26.7,15.28,0,62.28
397.2109375,40.2,23.25,40.6,100,26.7,15.28,0,62.28
397.21875,34.65,20.55,40.6,100,26.7,15.28,0,62.28
397.2265625,33.05,19.65,40.6,100,26.7,15.28,0,62.28
397.234375,32.15,19.85,40.6,100,26.7,15.28,0,62.28
397.2421875,36.6,21.3,40.6,100,26.7,15.28,0,62.28
397.25,41.25,20.15,40.6,100,26.7,15.28,0,62.28
397.2578125,46.7,22.05,40.6,100,26.7,15.28,0,62.28
397.265625,43.95,19.7,40.6,100,26.7,15.28,0,62.28
397.2734375,42.2,18.5,40.6,100,26.7,15.28,0,62.28
397.28125,41.1,19,40.6,100,26.7,15.28,0,62.28
397.2890625,44.65,24.65,40.6,100,26.7,15.28,0,62.28
397.296875,44.45,26.4,40.6,100,26.7,15.28,0,62.28
397.3046875,42.55,26.45,40.6,100,26.7,15.28,0,62.28
397.3125,42.35,25.05,40.6,100,26.7,15.28,0,62.28
397.3203125,47.6,26.65,40.6,100,26.7,15.28,0,62.28
397.328125,51.3,27.9,40.6,100,26.7,15.28,0,62.28
397.3359375,48.45,26.1,40.6,100,26.7,15.28,0,62.28
397.34375,44.3,22.75,40.6,100,26.7,15.28,0,62.28
397.3515625,39.65,18.25,40.6,100,26.7,15.28,0,62.28
397.359375,40.5,16.95,40.6,100,26.7,15.28,0,62.28
397.3671875,39.75,16.05,40.6,100,26.7,15.28,0,62.28
397.375,38.8,17.2,40.6,100,26.7,15.28,0,62.28
397.3828125,33.15,13.95,40.6,100,26.7,15.28,0,62.28
397.390625,32,12,40.6,100,26.7,15.28,0,62.28
397.3984375,29,9.15,40.6,100,26.7,15.28,0,62.28
397.40625,27.6,9.75,40.6,100,26.7,15.28,0,62.28
397.4140625,21.45,7.65,40.6,100,26.7,15.28,0,62.28
397.421875,19.5,8.5,40.6,100,26.7,15.28,0,62.28
397.4296875,19.25,6.55,40.6,100,26.7,15.28,0,62.28
397.4375,19.45,3.25,40.6,100,26.7,15.28,0,62.28
397.4453125,19.5,1.4,40.6,100,26.7,15.28,0,62.28
397.453125,21.65,4.05,40.6,100,26.7,15.28,0,62.28
397.4609375,25.65,7.75,40.6,100,26.7,15.28,0,62.28
397.46875,29.4,9.85,40.6,100,26.7,15.28,0,62.28
397.4765625,30.85,10.15,40.6,100,26.7,15.28,0,62.28
397.484375,23.15,6.1,40.6,100,26.7,15.28,0,62.28
397.4921875,20,5.15,40.6,100,26.7,15.28,0,62.28
397.5,19.7,4.6,40.6,100,26.7,15.28,0,62.28
397.5078125,23.55,6.05,40.6,100,26.7,15.28,0,62.28
397.515625,24.15,4.05,40.6,100,26.7,15.28,0,62.28
397.5234375,24.65,2.95,40.6,100,26.7,15.28,0,62.28
397.53125,20.85,0.3,40.6,100,26.7,15.28,0,62.28
397.5390625,21.7,2.45,40.6,100,26.7,15.28,0,62.28
397.546875,20.1,3.1,40.6,100,26.7,15.28,0,62.28
397.5546875,21.05,5.5,40.6,100,26.7,15.28,0,62.28
397.5625,25.55,8.15,40.6,100,26.7,15.28,0,62.28
397.5703125,31.05,10.4,40.6,100,26.7,15.28,0,62.28
397.578125,34.15,9.9,40.6,100,26.7,15.28,0,62.28
397.5859375,34.55,9,40.6,100,26.7,15.28,0,62.28
397.59375,34.45,9,40.6,100,26.7,15.28,0,62.28
397.6015625,34,9.05,40.6,100,26.7,15.28,0,62.28
397.609375,38.4,13.1,40.6,100,26.7,15.28,0,62.28
397.6171875,41.85,16.25,40.6,100,26.7,15.28,0,62.28
397.625,50.7,21.4,40.6,100,26.7,15.28,0,62.28
397.6328125,54.9,22.65,40.6,100,26.7,15.28,0,62.28
397.640625,53.55,21.55,40.6,100,26.7,15.28,0,62.28
397.6484375,44.05,15.1,40.6,100,26.7,15.28,0,62.28
397.65625,40.55,14.4,40.6,100,26.7,15.28,0,62.28
397.6640625,43.5,17.25,40.6,100,26.7,15.28,0,62.28
397.671875,52.85,23.85,40.6,100,26.7,15.28,0,62.28
397.6796875,54.6,25.45,40.6,100,26.7,15.28,0,62.28
397.6875,49.15,23.35,40.6,100,26.7,15.28,0,62.28
397.6953125,43.6,19.45,40.6,100,26.7,15.28,0,62.28
397.703125,40.5,18.25,40.6,100,26.7,15.28,0,62.28
397.7109375,37.75,16.85,40.6,100,26.7,15.28,0,62.28
397.71875,34.6,14.5,40.6,100,26.7,15.28,0,62.28
397.7265625,37.55,16.35,40.6,100,26.7,15.28,0,62.28
397.734375,43.85,20.65,40.6,100,26.7,15.28,0,62.28
397.7421875,53.65,26.45,40.6,100,26.7,15.28,0,62.28
397.75,56.45,27.8,40.6,100,26.7,15.28,0,62.28
397.7578125,58.7,29.1,40.6,100,26.7,15.28,0,62.28
397.765625,57.25,27.15,40.6,100,26.7,15.28,0,62.28
397.7734375,57.45,27.4,40.6,100,26.7,15.28,0,62.28
397.78125,55.7,25.75,40.6,100,26.7,15.28,0,62.28
397.7890625,55,25.65,40.6,100,26.7,15.28,0,62.28
397.796875,49.9,23.05,40.6,100,26.7,15.28,0,62.28
397.8046875,46.9,22.05,40.6,100,26.7,15.28,0,62.28
397.8125,44.75,20.55,40.6,100,26.7,15.28,0,62.28
397.8203125,44.7,20.2,40.6,100,26.7,15.28,0,62.28
397.828125,47.9,21.8,40.6,100,26.7,15.28,0,62.28
397.8359375,51.7,24.6,40.6,100,26.7,15.28,0,62.28
397.84375,56,27.1,40.6,100,26.7,15.28,0,62.28
397.8515625,57.6,27.5,40.6,100,26.7,15.28,0,62.28
397.859375,59.25,28.5,40.6,100,26.7,15.28,0,62.28
397.8671875,55.5,25.45,40.6,100,26.7,15.28,0,62.28
397.875,54.55,24.2,40.6,100,26.7,15.28,0,62.28
397.8828125,52.35,21.45,40.6,100,26.7,15.28,0,62.28
397.890625,51.4,20.4,40.6,100,26.7,15.28,0,62.28
397.8984375,45.15,17.05,40.6,100,26.7,15.28,0,62.28
397.90625,44.2,17.85,40.6,100,26.7,15.28,0,62.28
397.9140625,45.45,17.6,40.6,100,26.7,15.28,0,62.28
397.921875,49.05,20.2,40.6,100,26.7,15.28,0,62.28
397.9296875,49.95,20.45,40.6,100,26.7,15.28,0,62.28
397.9375,51.15,20.05,40.6,100,26.7,15.28,0,62.28
397.9453125,49.9,18.85,40.6,100,26.7,15.28,0,62.28
397.953125,47.8,18.15,40.6,100,26.7,15.28,0,62.28
397.9609375,48.1,16.85,40.6,100,26.7,15.28,0,62.28
397.96875,47.05,15.55,40.6,100,26.7,15.28,0,62.28
397.9765625,48.05,16.1,40.6,100,26.7,15.28,0,62.28
397.984375,49.2,16.95,40.6,100,26.7,15.28,0,62.28
397.9921875,54.7,21.2,40.6,100,26.7,15.28,0,62.28
398,56.25,22.75,40.6,100,26.7,15.28,0,62.28
398.0078125,56.85,24.1,40.6,100,26.7,15.28,0,62.28
398.015625,51.7,22.25,40.6,100,26.7,15.28,0,62.28
398.0234375,52.2,23.6,40.6,100,26.7,15.28,0,62.28
398.03125,54.3,23.9,40.6,100,26.7,15.28,0,62.28
398.0390625,60.1,27.25,40.6,100,26.7,15.28,0,62.28
398.046875,63.55,28.4,40.6,100,26.7,15.28,0,62.28
398.0546875,67.15,29.85,40.6,100,26.7,15.28,0,62.28
398.0625,67.35,30.3,40.6,100,26.7,15.28,0,62.28
398.0703125,68.3,32.2,40.6,100,26.7,15.28,0,62.28
398.078125,68.75,32.25,40.6,100,26.7,15.28,0,62.28
398.0859375,64.7,29.95,40.6,100,26.7,15.28,0,62.28
398.09375,60.05,28.75,40.6,100,26.7,15.28,0,62.28
398.1015625,55.55,27.55,40.6,100,26.7,15.28,0,62.28
398.109375,55.55,27.95,40.6,100,26.7,15.28,0,62.28
398.1171875,54.25,26,40.6,100,26.7,15.28,0,62.28
398.125,56.8,26.55,40.6,100,26.7,15.28,0,62.28
398.1328125,57.85,27.3,40.6,100,26.7,15.28,0,62.28
398.140625,61.5,30.75,40.6,100,26.7,15.28,0,62.28
398.1484375,60.45,30.9,40.6,100,26.7,15.28,0,62.28
398.15625,60.55,33.1,39.2,100,26.43,15.32,0,62.3
398.1640625,59.75,33.75,39.2,100,26.43,15.32,0,62.3
398.171875,64.2,37.05,39.2,100,26.43,15.32,0,62.3
398.1796875,67.1,38.35,39.2,100,26.43,15.32,0,62.3
398.1875,65.75,37.6,39.2,100,26.43,15.32,0,62.3
398.1953125,62.85,34.35,39.2,100,26.43,15.32,0,62.3
398.203125,61.5,32.3,39.2,100,26.43,15.32,0,62.3
398.2109375,60.3,31.9,39.2,100,26.43,15.32,0,62.3
398.21875,60,34.2,39.2,100,26.43,15.32,0,62.3
398.2265625,65.85,38.8,39.2,100,26.43,15.32,0,62.3
398.234375,66.65,38.1,39.2,100,26.43,15.32,0,62.3
398.2421875,67.05,38.1,39.2,100,26.43,15.32,0,62.3
398.25,66.45,37.4,39.2,100,26.43,15.32,0,62.3
398.2578125,69.2,38.6,39.2,100,26.43,15.32,0,62.3
398.265625,65.7,37.65,39.2,100,26.43,15.32,0,62.3
398.2734375,60.85,38.85,39.2,100,26.43,15.32,0,62.3
398.28125,51.3,36.35,39.2,100,26.43,15.32,0,62.3
398.2890625,46.65,35.35,39.2,100,26.43,15.32,0,62.3
398.296875,41.45,30.95,39.2,100,26.43,15.32,0,62.3
398.3046875,38.15,28.1,39.2,100,26.43,15.32,0,62.3
398.3125,36.55,26.55,39.2,100,26.43,15.32,0,62.3
398.3203125,36.1,26.15,39.2,100,26.43,15.32,0,62.3
398.328125,35.55,25.25,39.2,100,26.43,15.32,0,62.3
398.3359375,37.15,26.3,39.2,100,26.43,15.32,0,62.3
398.34375,39.7,27.6,39.2,100,26.43,15.32,0,62.3
398.3515625,36.9,26.65,39.2,100,26.43,15.32,0,62.3
398.359375,36.2,28.2,39.2,100,26.43,15.32,0,62.3
398.3671875,34.15,28.9,39.2,100,26.43,15.32,0,62.3
398.375,31.3,29.85,39.2,100,26.43,15.32,0,62.3
398.3828125,24.25,26.55,39.2,100,26.43,15.32,0,62.3
398.390625,23.65,25.35,39.2,100,26.43,15.32,0,62.3
398.3984375,22.85,23.25,39.2,100,26.43,15.32,0,62.3
398.40625,23.55,23.3,39.2,100,26.43,15.32,0,62.3
398.4140625,19.45,21.35,39.2,100,26.43,15.32,0,62.3
398.421875,17.85,23.45,39.2,100,26.43,15.32,0,62.3
398.4296875,19.9,25.75,39.2,100,26.43,15.32,0,62.3
398.4375,23.2,28.25,39.2,100,26.43,15.32,0,62.3
398.4453125,20.85,28.5,39.2,100,26.43,15.32,0,62.3
398.453125,16.95,28.2,39.2,100,26.43,15.32,0,62.3
398.4609375,15.3,27.1,39.2,100,26.43,15.32,0,62.3
398.46875,12.45,25.4,39.2,100,26.43,15.32,0,62.3
398.4765625,11.7,24.25,39.2,100,26.43,15.32,0,62.3
398.484375,10.6,21.65,39.2,100,26.43,15.32,0,62.3
398.4921875,12.2,21.85,39.2,100,26.43,15.32,0,62.3
398.5,9.45,20,39.2,100,26.43,15.32,0,62.3
398.5078125,9.05,19.8,39.2,100,26.43,15.32,0,62.3
398.515625,7.7,18,39.2,100,26.43,15.32,0,62.3
398.5234375,9.3,19.6,39.2,100,26.43,15.32,0,62.3
398.53125,5.05,17.65,39.2,100,26.43,15.32,0,62.3
398.5390625,1.7,16.7,39.2,100,26.43,15.32,0,62.3
398.546875,-0.8,13.55,39.2,100,26.43,15.32,0,62.3
398.5546875,0.65,11.65,39.2,100,26.43,15.32,0,62.3
398.5625,0.1,7.9,39.2,100,26.43,15.32,0,62.3
398.5703125,-3,5.35,39.2,100,26.43,15.32,0,62.3
398.578125,-5.6,3.7,39.2,100,26.43,15.32,0,62.3
398.5859375,-7.3,3.05,39.2,100,26.43,15.32,0,62.3
398.59375,-6.55,3.2,39.2,100,26.43,15.32,0,62.3
398.6015625,-7.15,2.7,39.2,100,26.43,15.32,0,62.3
398.609375,-6.6,3.25,39.2,100,26.43,15.32,0,62.3
398.6171875,-8.7,1.75,39.2,100,26.43,15.32,0,62.3
398.625,-4.15,4,39.2,100,26.43,15.32,0,62.3
398.6328125,-1.65,6.05,39.2,100,26.43,15.32,0,62.3
398.640625,-0.45,9.55,39.2,100,26.43,15.32,0,62.3
398.6484375,-3.45,9.7,39.2,100,26.43,15.32,0,62.3
398.65625,-0.65,13,39.2,100,26.43,15.32,0,62.3
398.6640625,-0.25,12.8,39.2,100,26.43,15.32,0,62.3
398.671875,-0.7,13,39.2,100,26.43,15.32,0,62.3
398.6796875,-3.75,12.25,39.2,100,26.43,15.32,0,62.3
398.6875,-4.2,13.55,39.2,100,26.43,15.32,0,62.3
398.6953125,-3.05,15.35,39.2,100,26.43,15.32,0,62.3
398.703125,-1.4,19.1,39.2,100,26.43,15.32,0,62.3
398.7109375,-0.15,21.9,39.2,100,26.43,15.32,0,62.3
398.71875,-1.45,22.05,39.2,100,26.43,15.32,0,62.3
398.7265625,-3.1,21.75,39.2,100,26.43,15.32,0,62.3
398.734375,-7.5,18.9,39.2,100,26.43,15.32,0,62.3
398.7421875,-6.45,18.6,39.2,100,26.43,15.32,0,62.3
398.75,-5.7,16.85,39.2,100,26.43,15.32,0,62.3
398.7578125,-2.9,17.3,39.2,100,26.43,15.32,0,62.3
398.765625,-5.65,15.85,39.2,100,26.43,15.32,0,62.3
398.7734375,-8.65,14.95,39.2,100,26.43,15.32,0,62.3
398.78125,-14.3,10.8,39.2,100,26.43,15.32,0,62.3
398.7890625,-14.65,11.35,39.2,100,26.43,15.32,0,62.3
398.796875,-11.5,12,39.2,100,26.43,15.32,0,62.3
398.8046875,-5.65,13.85,39.2,100,26.43,15.32,0,62.3
398.8125,-5.15,14.1,39.2,100,26.43,15.32,0,62.3
398.8203125,-7.75,14.4,39.2,100,26.43,15.32,0,62.3
398.828125,-7.4,14.95,39.2,100,26.43,15.32,0,62.3
398.8359375,-6.5,16.1,39.2,100,26.43,15.32,0,62.3
398.84375,-4.8,17.3,39.2,100,26.43,15.32,0,62.3
398.8515625,-3.4,16.95,39.2,100,26.43,15.32,0,62.3
398.859375,1.65,18.6,39.2,100,26.43,15.32,0,62.3
398.8671875,0.8,17.7,39.2,100,26.43,15.32,0,62.3
398.875,-1.85,17.35,39.2,100,26.43,15.32,0,62.3
398.8828125,-8.1,15,39.2,100,26.43,15.32,0,62.3
398.890625,-10.05,15.85,39.2,100,26.43,15.32,0,62.3
398.8984375,-16.15,12.45,39.2,100,26.43,15.32,0,62.3
398.90625,-19,9.35,39.2,100,26.43,15.32,0,62.3
398.9140625,-18.7,6.3,39.2,100,26.43,15.32,0,62.3
398.921875,-14.3,7.75,39.2,100,26.43,15.32,0,62.3
398.9296875,-12.65,8.7,39.2,100,26.43,15.32,0,62.3
398.9375,-9.75,11.05,39.2,100,26.43,15.32,0,62.3
398.9453125,-7.9,12,39.2,100,26.43,15.32,0,62.3
398.953125,-8.8,11.6,39.2,100,26.43,15.32,0,62.3
398.9609375,-10.9,10.2,39.2,100,26.43,15.32,0,62.3
398.96875,-15.35,7.05,39.2,100,26.43,15.32,0,62.3
398.9765625,-17.15,4.7,39.2,100,26.43,15.32,0,62.3
398.984375,-18.9,2.6,39.2,100,26.43,15.32,0,62.3
398.9921875,-15.9,4.5,39.2,100,26.43,15.32,0,62.3
399,-14.55,5.85,39.2,100,26.43,15.32,0,62.3
399.0078125,-12.55,8.55,39.2,100,26.43,15.32,0,62.3
399.015625,-15.35,7,39.2,100,26.43,15.32,0,62.3
399.0234375,-14.6,7.05,39.2,100,26.43,15.32,0,62.3
399.03125,-16.35,4.95,39.2,100,26.43,15.32,0,62.3
399.0390625,-18.1,3.35,39.2,100,26.43,15.32,0,62.3
399.046875,-20.55,0.6,39.2,100,26.43,15.32,0,62.3
399.0546875,-17.65,3.15,39.2,100,26.43,15.32,0,62.3
399.0625,-12.55,7.1,39.2,100,26.43,15.32,0,62.3
399.0703125,-5.25,11.7,39.2,100,26.43,15.32,0,62.3
399.078125,2.65,15.35,39.2,100,26.43,15.32,0,62.3
399.0859375,4.55,16.25,39.2,100,26.43,15.32,0,62.3
399.09375,2.2,14.4,39.2,100,26.43,15.32,0,62.3
399.1015625,-3.15,10.5,39.2,100,26.43,15.32,0,62.3
399.109375,-5.3,8.9,39.2,100,26.43,15.32,0,62.3
399.1171875,-8.2,6.9,39.2,100,26.43,15.32,0,62.3
399.125,-4.9,9.15,39.2,100,26.43,15.32,0,62.3
399.1328125,-3,9.7,39.2,100,26.43,15.32,0,62.3
399.140625,2,12.6,39.2,100,26.43,15.32,0,62.3
399.1484375,5.15,14,39.2,100,26.43,15.32,0,62.3
399.15625,10.45,17.75,38.6,100,26.54,15.15,0,62.46
399.1640625,10.95,17.7,38.6,100,26.54,15.15,0,62.46
399.171875,10.4,18.6,38.6,100,26.54,15.15,0,62.46
399.1796875,7.8,19,38.6,100,26.54,15.15,0,62.46
399.1875,9.3,20.9,38.6,100,26.54,15.15,0,62.46
399.1953125,11.95,21.25,38.6,100,26.54,15.15,0,62.46
399.203125,13.05,21.5,38.6,100,26.54,15.15,0,62.46
399.2109375,13.7,21.75,38.6,100,26.54,15.15,0,62.46
399.21875,11.25,20.3,38.6,100,26.54,15.15,0,62.46
399.2265625,10.2,20.25,38.6,100,26.54,15.15,0,62.46
399.234375,10.15,21.65,38.6,100,26.54,15.15,0,62.46
399.2421875,12.55,25.4,38.6,100,26.54,15.15,0,62.46
399.25,11.3,25.95,38.6,100,26.54,15.15,0,62.46
399.2578125,16.25,28.9,38.6,100,26.54,15.15,0,62.46
399.265625,18,28.75,38.6,100,26.54,15.15,0,62.46
399.2734375,19.75,29.05,38.6,100,26.54,15.15,0,62.46
399.28125,18.8,27.1,38.6,100,26.54,15.15,0,62.46
399.2890625,19.25,27.5,38.6,100,26.54,15.15,0,62.46
399.296875,17.7,25.2,38.6,100,26.54,15.15,0,62.46
399.3046875,18.5,24.05,38.6,100,26.54,15.15,0,62.46
399.3125,19,23.05,38.6,100,26.54,15.15,0,62.46
399.3203125,20.05,25,38.6,100,26.54,15.15,0,62.46
399.328125,19.3,27,38.6,100,26.54,15.15,0,62.46
399.3359375,17.15,27.75,38.6,100,26.54,15.15,0,62.46
399.34375,18.65,28.8,38.6,100,26.54,15.15,0,62.46
399.3515625,17.55,28.05,38.6,100,26.54,15.15,0,62.46
399.359375,17.1,27.75,38.6,100,26.54,15.15,0,62.46
399.3671875,16.2,26.5,38.6,100,26.54,15.15,0,62.46
399.375,19.05,27.95,38.6,100,26.54,15.15,0,62.46
399.3828125,21.9,28.45,38.6,100,26.54,15.15,0,62.46
399.390625,29.75,32.65,38.6,100,26.54,15.15,0,62.46
399.3984375,30.25,32.45,38.6,100,26.54,15.15,0,62.46
399.40625,28.25,32.3,38.6,100,26.54,15.15,0,62.46
399.4140625,23.05,29.85,38.6,100,26.54,15.15,0,62.46
399.421875,20.6,28.9,38.6,100,26.54,15.15,0,62.46
399.4296875,20.5,27.3,38.6,100,26.54,15.15,0,62.46
399.4375,21.8,28.05,38.6,100,26.54,15.15,0,62.46
399.4453125,19.25,27.75,38.6,100,26.54,15.15,0,62.46
399.453125,16.85,27.55,38.6,100,26.54,15.15,0,62.46
399.4609375,16.4,26.95,38.6,100,26.54,15.15,0,62.46
399.46875,16.45,25.7,38.6,100,26.54,15.15,0,62.46
399.4765625,23.85,29.5,38.6,100,26.54,15.15,0,62.46
399.484375,29.25,33.3,38.6,100,26.54,15.15,0,62.46
399.4921875,33.05,36.5,38.6,100,26.54,15.15,0,62.46
399.5,33.25,36.1,38.6,100,26.54,15.15,0,62.46
399.5078125,35.75,36.2,38.6,100,26.54,15.15,0,62.46
399.515625,33.35,32.8,38.6,100,26.54,15.15,0,62.46
399.5234375,35.05,34.2,38.6,100,26.54,15.15,0,62.46
399.53125,38.05,35.85,38.6,100,26.54,15.15,0,62.46
399.5390625,44.65,40.5,38.6,100,26.54,15.15,0,62.46
399.546875,45.85,41.9,38.6,100,26.54,15.15,0,62.46
399.5546875,45.65,42.65,38.6,100,26.54,15.15,0,62.46
399.5625,44.5,41.5,38.6,100,26.54,15.15,0,62.46
399.5703125,44.1,42,38.6,100,26.54,15.15,0,62.46
399.578125,44.45,42.65,38.6,100,26.54,15.15,0,62.46
399.5859375,43.75,43.45,38.6,100,26.54,15.15,0,62.46
399.59375,44.3,45.25,38.6,100,26.54,15.15,0,62.46
399.6015625,46.5,46.25,38.6,100,26.54,15.15,0,62.46
399.609375,52.75,47.95,38.6,100,26.54,15.15,0,62.46
399.6171875,53.05,45.8,38.6,100,26.54,15.15,0,62.46
399.625,52.65,44.85,38.6,100,26.54,15.15,0,62.46
399.6328125,48.95,42.25,38.6,100,26.54,15.15,0,62.46
399.640625,49.15,43.2,38.6,100,26.54,15.15,0,62.46
399.6484375,49.1,44.2,38.6,100,26.54,15.15,0,62.46
399.65625,54.25,47.65,38.6,100,26.54,15.15,0,62.46
399.6640625,57.9,47,38.6,100,26.54,15.15,0,62.46
399.671875,59.95,46.9,38.6,100,26.54,15.15,0,62.46
399.6796875,58.55,45.55,38.6,100,26.54,15.15,0,62.46
399.6875,58.25,45.6,38.6,100,26.54,15.15,0,62.46
399.6953125,57.65,45.6,38.6,100,26.54,15.15,0,62.46
399.703125,58.25,47.15,38.6,100,26.54,15.15,0,62.46
399.7109375,63.8,49.85,38.6,100,26.54,15.15,0,62.46
399.71875,66.7,50.1,38.6,100,26.54,15.15,0,62.46
399.7265625,67.4,49.45,38.6,100,26.54,15.15,0,62.46
399.734375,66.2,48.85,38.6,100,26.54,15.15,0,62.46
399.7421875,68,51.55,38.6,100,26.54,15.15,0,62.46
399.75,64.7,51.15,38.6,100,26.54,15.15,0,62.46
399.7578125,64.45,50.8,38.6,100,26.54,15.15,0,62.46
399.765625,62.65,47.9,38.6,100,26.54,15.15,0,62.46
399.7734375,64.95,48.25,38.6,100,26.54,15.15,0,62.46
399.78125,66.45,47.9,38.6,100,26.54,15.15,0,62.46
399.7890625,68.95,50.25,38.6,100,26.54,15.15,0,62.46
399.796875,66.1,50.15,38.6,100,26.54,15.15,0,62.46
399.8046875,64.05,50.45,38.6,100,26.54,15.15,0,62.46
399.8125,60.6,48,38.6,100,26.54,15.15,0,62.46
399.8203125,58.5,46.75,38.6,100,26.54,15.15,0,62.46
399.828125,60.3,46.75,38.6,100,26.54,15.15,0,62.46
399.8359375,62.65,46.95,38.6,100,26.54,15.15,0,62.46
399.84375,66.25,47.7,38.6,100,26.54,15.15,0,62.46
399.8515625,68.1,47.15,38.6,100,26.54,15.15,0,62.46
399.859375,69.35,46.95,38.6,100,26.54,15.15,0,62.46
399.8671875,67.95,46.4,38.6,100,26.54,15.15,0,62.46
399.875,71.45,49.7,38.6,100,26.54,15.15,0,62.46
399.8828125,71.45,49.9,38.6,100,26.54,15.15,0,62.46
399.890625,71.55,50.5,38.6,100,26.54,15.15,0,62.46
399.8984375,68.5,48,38.6,100,26.54,15.15,0,62.46
399.90625,67.55,46.35,38.6,100,26.54,15.15,0,62.46
399.9140625,62.95,41.6,38.6,100,26.54,15.15,0,62.46
399.921875,58.2,38.15,38.6,100,26.54,15.15,0,62.46
399.9296875,51.9,34.3,38.6,100,26.54,15.15,0,62.46
399.9375,47.95,33.2,38.6,100,26.54,15.15,0,62.46
399.9453125,44.55,31,38.6,100,26.54,15.15,0,62.46
399.953125,42.4,29.3,38.6,100,26.54,15.15,0,62.46
399.9609375,42.2,29.05,38.6,100,26.54,15.15,0,62.46
399.96875,38.6,27.3,38.6,100,26.54,15.15,0,62.46
399.9765625,35.9,25.7,38.6,100,26.54,15.15,0,62.46
399.984375,33.6,24.3,38.6,100,26.54,15.15,0,62.46
399.9921875,34.7,25.1,38.6,100,26.54,15.15,0,62.46
400,30.85,22.25,38.6,100,26.54,15.15,0,62.46
400.0078125,30.3,21.75,38.6,100,26.54,15.15,0,62.46
400.015625,28.4,19.85,38.6,100,26.54,15.15,0,62.46
400.0234375,29.45,20.4,38.6,100,26.54,15.15,0,62.46
400.03125,28.9,19.4,38.6,100,26.54,15.15,0,62.46
400.0390625,30.45,20.5,38.6,100,26.54,15.15,0,62.46
400.046875,28.05,19.25,38.6,100,26.54,15.15,0,62.46
400.0546875,29.2,20.75,38.6,100,26.54,15.15,0,62.46
400.0625,31.55,21.7,38.6,100,26.54,15.15,0,62.46
400.0703125,30.35,21.7,38.6,100,26.54,15.15,0,62.46
400.078125,27.8,20.55,38.6,100,26.54,15.15,0,62.46
400.0859375,27.5,20.35,38.6,100,26.54,15.15,0,62.46
400.09375,27.95,20.45,38.6,100,26.54,15.15,0,62.46
400.1015625,25.85,19,38.6,100,26.54,15.15,0,62.46
400.109375,25.95,18.35,38.6,100,26.54,15.15,0,62.46
400.1171875,22.8,15.85,38.6,100,26.54,15.15,0,62.46
400.125,24.85,17.9,38.6,100,26.54,15.15,0,62.46
400.1328125,25.3,18.4,38.6,100,26.54,15.15,0,62.46
400.140625,27.25,19.3,38.6,100,26.54,15.15,0,62.46
400.1484375,25.25,17.5,38.6,100,26.54,15.15,0,62.46
400.15625,25.7,18.7,38.6,100,26.28,15.23,0,62.34
400.1640625,24.15,18.45,38.6,100,26.28,15.23,0,62.34
400.171875,23.45,18.4,38.6,100,26.28,15.23,0,62.34
400.1796875,20.4,16.35,38.6,100,26.28,15.23,0,62.34
400.1875,22,18.35,38.6,100,26.28,15.23,0,62.34
400.1953125,25.55,21.2,38.6,100,26.28,15.23,0,62.34
400.203125,27.55,22.4,38.6,100,26.28,15.23,0,62.34
400.2109375,28.65,21.65,38.6,100,26.28,15.23,0,62.34
400.21875,26.9,19.85,38.6,100,26.28,15.23,0,62.34
400.2265625,27.55,21.3,38.6,100,26.28,15.23,0,62.34
400.234375,28.5,23,38.6,100,26.28,15.23,0,62.34
400.2421875,29.15,24.65,38.6,100,26.28,15.23,0,62.34
400.25,24.3,22.8,38.6,100,26.28,15.23,0,62.34
400.2578125,24.45,23.05,38.6,100,26.28,15.23,0,62.34
400.265625,23.75,22.15,38.6,100,26.28,15.23,0,62.34
400.2734375,27.45,25,38.6,100,26.28,15.23,0,62.34
400.28125,29.35,26.25,38.6,100,26.28,15.23,0,62.34
400.2890625,29.75,28.25,38.6,100,26.28,15.23,0,62.34
400.296875,25.55,26.5,38.6,100,26.28,15.23,0,62.34
400.3046875,24.5,25.9,38.6,100,26.28,15.23,0,62.34
400.3125,24.35,25.55,38.6,100,26.28,15.23,0,62.34
400.3203125,25.25,26.5,38.6,100,26.28,15.23,0,62.34
400.328125,27.1,27.45,38.6,100,26.28,15.23,0,62.34
400.3359375,29.1,30.2,38.6,100,26.28,15.23,0,62.34
400.34375,33.9,33.65,38.6,100,26.28,15.23,0,62.34
400.3515625,36.6,35,38.6,100,26.28,15.23,0,62.34
400.359375,39.65,37,38.6,100,26.28,15.23,0,62.34
400.3671875,38.1,35.8,38.6,100,26.28,15.23,0,62.34
400.375,38.35,36.4,38.6,100,26.28,15.23,0,62.34
400.3828125,37,36.7,38.6,100,26.28,15.23,0,62.34
400.390625,38.65,39,38.6,100,26.28,15.23,0,62.34
400.3984375,35.35,37.7,38.6,100,26.28,15.23,0,62.34
400.40625,35.9,38.9,38.6,100,26.28,15.23,0,62.34
400.4140625,36.6,38.75,38.6,100,26.28,15.23,0,62.34
400.421875,38.9,41.2,38.6,100,26.28,15.23,0,62.34
400.4296875,41.75,42.75,38.6,100,26.28,15.23,0,62.34
400.4375,46.6,44.55,38.6,100,26.28,15.23,0,62.34
400.4453125,47.75,43.9,38.6,100,26.28,15.23,0,62.34
400.453125,46.05,42.8,38.6,100,26.28,15.23,0,62.34
400.4609375,43.5,41.2,38.6,100,26.28,15.23,0,62.34
400.46875,41.25,40.3,38.6,100,26.28,15.23,0,62.34
400.4765625,47.1,44.3,38.6,100,26.28,15.23,0,62.34
400.484375,50.45,46.75,38.6,100,26.28,15.23,0,62.34
400.4921875,52.7,48.65,38.6,100,26.28,15.23,0,62.34
400.5,53.35,47.5,38.6,100,26.28,15.23,0,62.34
400.5078125,54.85,46.6,38.6,100,26.28,15.23,0,62.34
400.515625,48.3,41.55,38.6,100,26.28,15.23,0,62.34
400.5234375,44.2,40.25,38.6,100,26.28,15.23,0,62.34
400.53125,38.05,37.4,38.6,100,26.28,15.23,0,62.34
400.5390625,35,36.8,38.6,100,26.28,15.23,0,62.34
400.546875,32.6,35.4,38.6,100,26.28,15.23,0,62.34
400.5546875,32.8,36.7,38.6,100,26.28,15.23,0,62.34
400.5625,32.5,37.7,38.6,100,26.28,15.23,0,62.34
400.5703125,33,39.3,38.6,100,26.28,15.23,0,62.34
400.578125,31.9,38.7,38.6,100,26.28,15.23,0,62.34
400.5859375,30.05,37.6,38.6,100,26.28,15.23,0,62.34
400.59375,31.7,38.05,38.6,100,26.28,15.23,0,62.34
400.6015625,32.15,38.15,38.6,100,26.28,15.23,0,62.34
400.609375,34.8,38.9,38.6,100,26.28,15.23,0,62.34
400.6171875,33.55,36.75,38.6,100,26.28,15.23,0,62.34
400.625,33.45,36.55,38.6,100,26.28,15.23,0,62.34
400.6328125,30.65,33.75,38.6,100,26.28,15.23,0,62.34
400.640625,30.75,33.55,38.6,100,26.28,15.23,0,62.34
400.6484375,27.05,32,38.6,100,26.28,15.23,0,62.34
400.65625,26.75,32.7,38.6,100,26.28,15.23,0,62.34
400.6640625,23.7,29.5,38.6,100,26.28,15.23,0,62.34
400.671875,19.35,27.4,38.6,100,26.28,15.23,0,62.34
400.6796875,12.45,23.35,38.6,100,26.28,15.23,0,62.34
400.6875,9.2,21.55,38.6,100,26.28,15.23,0,62.34
400.6953125,9.65,21.4,38.6,100,26.28,15.23,0,62.34
400.703125,10.6,21.25,38.6,100,26.28,15.23,0,62.34
400.7109375,10.6,20.35,38.6,100,26.28,15.23,0,62.34
400.71875,8.95,19.5,38.6,100,26.28,15.23,0,62.34
400.7265625,9.2,19.4,38.6,100,26.28,15.23,0,62.34
400.734375,7.6,18.05,38.6,100,26.28,15.23,0,62.34
400.7421875,10.35,20.9,38.6,100,26.28,15.23,0,62.34
400.75,10.15,22.15,38.6,100,26.28,15.23,0,62.34
400.7578125,10.75,24.1,38.6,100,26.28,15.23,0,62.34
400.765625,7.55,22.75,38.6,100,26.28,15.23,0,62.34
400.7734375,6.7,22.65,38.6,100,26.28,15.23,0,62.34
400.78125,2.95,18.75,38.6,100,26.28,15.23,0,62.34
400.7890625,3.5,17.35,38.6,100,26.28,15.23,0,62.34
400.796875,2.85,14.95,38.6,100,26.28,15.23,0,62.34
400.8046875,3.1,15.25,38.6,100,26.28,15.23,0,62.34
400.8125,1.7,14.65,38.6,100,26.28,15.23,0,62.34
400.8203125,-0.35,14.1,38.6,100,26.28,15.23,0,62.34
400.828125,-0.75,13.65,38.6,100,26.28,15.23,0,62.34
400.8359375,2.1,14.85,38.6,100,26.28,15.23,0,62.34
400.84375,7.15,16.45,38.6,100,26.28,15.23,0,62.34
400.8515625,8.2,16,38.6,100,26.28,15.23,0,62.34
400.859375,8.3,15.1,38.6,100,26.28,15.23,0,62.34
400.8671875,3.1,11.75,38.6,100,26.28,15.23,0,62.34
400.875,1.4,12.05,38.6,100,26.28,15.23,0,62.34
400.8828125,-2,10.35,38.6,100,26.28,15.23,0,62.34
400.890625,-2.8,9,38.6,100,26.28,15.23,0,62.34
400.8984375,-4.25,5.8,38.6,100,26.28,15.23,0,62.34
400.90625,-0.25,7.05,38.6,100,26.28,15.23,0,62.34
400.9140625,1.45,6.85,38.6,100,26.28,15.23,0,62.34
400.921875,5,8.7,38.6,100,26.28,15.23,0,62.34
400.9296875,5.8,8.3,38.6,100,26.28,15.23,0,62.34
400.9375,5.6,7.85,38.6,100,26.28,15.23,0,62.34
400.9453125,6.45,7.9,38.6,100,26.28,15.23,0,62.34
400.953125,11.35,11.85,38.6,100,26.28,15.23,0,62.34
400.9609375,17.35,15.75,38.6,100,26.28,15.23,0,62.34
400.96875,16.75,15.35,38.6,100,26.28,15.23,0,62.34
400.9765625,13.5,13.45,38.6,100,26.28,15.23,0,62.34
400.984375,11.5,11.6,38.6,100,26.28,15.23,0,62.34
400.9921875,14.4,12.75,38.6,100,26.28,15.23,0,62.34
401,11.95,11.9,38.6,100,26.28,15.23,0,62.34
401.0078125,10.7,12.75,38.6,100,26.28,15.23,0,62.34
401.015625,6.4,11,38.6,100,26.28,15.23,0,62.34
401.0234375,4.75,11.8,38.6,100,26.28,15.23,0,62.34
401.03125,3.6,11.4,38.6,100,26.28,15.23,0,62.34
401.0390625,8.45,13.75,38.6,100,26.28,15.23,0,62.34
401.046875,12.15,14.9,38.6,100,26.28,15.23,0,62.34
401.0546875,15.9,17.2,38.6,100,26.28,15.23,0,62.34
401.0625,18.2,18.25,38.6,100,26.28,15.23,0,62.34
401.0703125,21.05,20.7,38.6,100,26.28,15.23,0,62.34
401.078125,24.35,22.75,38.6,100,26.28,15.23,0,62.34
401.0859375,26.5,23.15,38.6,100,26.28,15.23,0,62.34
401.09375,26,22.15,38.6,100,26.28,15.23,0,62.34
401.1015625,19.2,19.15,38.6,100,26.28,15.23,0,62.34
401.109375,17.55,19.4,38.6,100,26.28,15.23,0,62.34
401.1171875,18.25,19.7,38.6,100,26.28,15.23,0,62.34
401.125,21.4,21.3,38.6,100,26.28,15.23,0,62.34
401.1328125,21.15,19.9,38.6,100,26.28,15.23,0,62.34
401.140625,23.55,21.05,38.6,100,26.28,15.23,0,62.34
401.1484375,21.95,20.2,38.6,100,26.28,15.23,0,62.34
401.15625,24.6,22.2,39.3,100,26.27,15.53,0,61.96
401.1640625,27.55,22,39.3,100,26.27,15.53,0,61.96
401.171875,33.6,24.65,39.3,100,26.27,15.53,0,61.96
401.1796875,37.35,25.55,39.3,100,26.27,15.53,0,61.96
401.1875,38.85,25.55,39.3,100,26.27,15.53,0,61.96
401.1953125,37.15,23.25,39.3,100,26.27,15.53,0,61.96
401.203125,35.1,21.2,39.3,100,26.27,15.53,0,61.96
401.2109375,32.2,18.35,39.3,100,26.27,15.53,0,61.96
401.21875,25.95,15.6,39.3,100,26.27,15.53,0,61.96
401.2265625,23.15,15.55,39.3,100,26.27,15.53,0,61.96
401.234375,21.4,14.8,39.3,100,26.27,15.53,0,61.96
401.2421875,23.05,16.8,39.3,100,26.27,15.53,0,61.96
401.25,20.65,16,39.3,100,26.27,15.53,0,61.96
401.2578125,21.2,15.45,39.3,100,26.27,15.53,0,61.96
401.265625,22.25,14.95,39.3,100,26.27,15.53,0,61.96
401.2734375,27.25,18.9,39.3,100,26.27,15.53,0,61.96
401.28125,26.1,17.4,39.3,100,26.27,15.53,0,61.96
401.2890625,23.65,15.9,39.3,100,26.27,15.53,0,61.96
401.296875,18.5,13.05,39.3,100,26.27,15.53,0,61.96
401.3046875,15.7,11.95,39.3,100,26.27,15.53,0,61.96
401.3125,14.9,10.55,39.3,100,26.27,15.53,0,61.96
401.3203125,18.65,12.95,39.3,100,26.27,15.53,0,61.96
401.328125,22.75,15.7,39.3,100,26.27,15.53,0,61.96
401.3359375,24.1,16.3,39.3,100,26.27,15.53,0,61.96
401.34375,26.4,16.15,39.3,100,26.27,15.53,0,61.96
401.3515625,26.65,15.3,39.3,100,26.27,15.53,0,61.96
401.359375,27.95,15.8,39.3,100,26.27,15.53,0,61.96
401.3671875,28.85,15.15,39.3,100,26.27,15.53,0,61.96
401.375,34.05,18.05,39.3,100,26.27,15.53,0,61.96
401.3828125,32.55,17.9,39.3,100,26.27,15.53,0,61.96
401.390625,30.8,17.45,39.3,100,26.27,15.53,0,61.96
401.3984375,28.5,15.1,39.3,100,26.27,15.53,0,61.96
401.40625,29.6,16.5,39.3,100,26.27,15.53,0,61.96
401.4140625,25.35,15,39.3,100,26.27,15.53,0,61.96
401.421875,21.3,13.7,39.3,100,26.27,15.53,0,61.96
401.4296875,15.2,11.05,39.3,100,26.27,15.53,0,61.96
401.4375,10.95,11.7,39.3,100,26.27,15.53,0,61.96
401.4453125,7.9,10.8,39.3,100,26.27,15.53,0,61.96
401.453125,7.65,9.05,39.3,100,26.27,15.53,0,61.96
401.4609375,11.55,8.95,39.3,100,26.27,15.53,0,61.96
401.46875,12.45,8.5,39.3,100,26.27,15.53,0,61.96
401.4765625,9.05,7.35,39.3,100,26.27,15.53,0,61.96
401.484375,3.8,6,39.3,100,26.27,15.53,0,61.96
401.4921875,6.55,8.05,39.3,100,26.27,15.53,0,61.96
401.5,6.75,7.45,39.3,100,26.27,15.53,0,61.96
401.5078125,8.85,8.8,39.3,100,26.27,15.53,0,61.96
401.515625,12.65,8.45,39.3,100,26.27,15.53,0,61.96
401.5234375,21.4,11.6,39.3,100,26.27,15.53,0,61.96
401.53125,23,12.15,39.3,100,26.27,15.53,0,61.96
401.5390625,23.55,13.6,39.3,100,26.27,15.53,0,61.96
401.546875,21.3,13,39.3,100,26.27,15.53,0,61.96
401.5546875,21.55,13.8,39.3,100,26.27,15.53,0,61.96
401.5625,20.35,11.65,39.3,100,26.27,15.53,0,61.96
401.5703125,16.6,9.9,39.3,100,26.27,15.53,0,61.96
401.578125,13.7,9,39.3,100,26.27,15.53,0,61.96
401.5859375,16.8,10.15,39.3,100,26.27,15.53,0,61.96
401.59375,21.5,11.05,39.3,100,26.27,15.53,0,61.96
401.6015625,21,8.85,39.3,100,26.27,15.53,0,61.96
401.609375,21.15,7.05,39.3,100,26.27,15.53,0,61.96
401.6171875,18.15,5,39.3,100,26.27,15.53,0,61.96
401.625,16.4,5.35,39.3,100,26.27,15.53,0,61.96
401.6328125,12.7,4.1,39.3,100,26.27,15.53,0,61.96
401.640625,14.85,6,39.3,100,26.27,15.53,0,61.96
401.6484375,15.75,4.9,39.3,100,26.27,15.53,0,61.96
401.65625,17.9,5.3,39.3,100,26.27,15.53,0,61.96
401.6640625,15.05,4.65,39.3,100,26.27,15.53,0,61.96
401.671875,13.2,5.45,39.3,100,26.27,15.53,0,61.96
401.6796875,10.35,4.25,39.3,100,26.27,15.53,0,61.96
401.6875,9.05,4.65,39.3,100,26.27,15.53,0,61.96
401.6953125,8.15,3.75,39.3,100,26.27,15.53,0,61.96
401.703125,6.7,2.65,39.3,100,26.27,15.53,0,61.96
401.7109375,6.6,3.25,39.3,100,26.27,15.53,0,61.96
401.71875,7.55,4.35,39.3,100,26.27,15.53,0,61.96
401.7265625,10.5,6.5,39.3,100,26.27,15.53,0,61.96
401.734375,8.5,6.35,39.3,100,26.27,15.53,0,61.96
401.7421875,7.9,6.95,39.3,100,26.27,15.53,0,61.96
401.75,5.75,5.1,39.3,100,26.27,15.53,0,61.96
401.7578125,7.45,6,39.3,100,26.27,15.53,0,61.96
401.765625,6.6,5.6,39.3,100,26.27,15.53,0,61.96
401.7734375,10,9.15,39.3,100,26.27,15.53,0,61.96
401.78125,10.95,10.15,39.3,100,26.27,15.53,0,61.96
401.7890625,12.9,13.1,39.3,100,26.27,15.53,0,61.96
401.796875,13.35,15,39.3,100,26.27,15.53,0,61.96
401.8046875,14.55,17,39.3,100,26.27,15.53,0,61.96
401.8125,12.55,15.15,39.3,100,26.27,15.53,0,61.96
401.8203125,13.6,14.9,39.3,100,26.27,15.53,0,61.96
401.828125,16.35,14.8,39.3,100,26.27,15.53,0,61.96
401.8359375,16.7,14.2,39.3,100,26.27,15.53,0,61.96
401.84375,18.1,16.05,39.3,100,26.27,15.53,0,61.96
401.8515625,16.6,17.1,39.3,100,26.27,15.53,0,61.96
401.859375,13.6,17.5,39.3,100,26.27,15.53,0,61.96
401.8671875,9.1,16.4,39.3,100,26.27,15.53,0,61.96
401.875,11.95,18.05,39.3,100,26.27,15.53,0,61.96
401.8828125,15.1,17.65,39.3,100,26.27,15.53,0,61.96
401.890625,21.55,20.15,39.3,100,26.27,15.53,0,61.96
401.8984375,24.95,21.3,39.3,100,26.27,15.53,0,61.96
401.90625,32.55,26.05,39.3,100,26.27,15.53,0,61.96
401.9140625,36.5,28.15,39.3,100,26.27,15.53,0,61.96
401.921875,37.8,29.25,39.3,100,26.27,15.53,0,61.96
401.9296875,38.2,28.4,39.3,100,26.27,15.53,0,61.96
401.9375,42.8,31.1,39.3,100,26.27,15.53,0,61.96
401.9453125,45.25,32.55,39.3,100,26.27,15.53,0,61.96
401.953125,47.15,34.9,39.3,100,26.27,15.53,0,61.96
401.9609375,51.95,38.05,39.3,100,26.27,15.53,0,61.96
401.96875,52.1,37.6,39.3,100,26.27,15.53,0,61.96
401.9765625,49,35,39.3,100,26.27,15.53,0,61.96
401.984375,43.45,31.15,39.3,100,26.27,15.53,0,61.96
401.9921875,44.05,31.3,39.3,100,26.27,15.53,0,61.96
402,48.5,33.85,39.3,100,26.27,15.53,0,61.96
402.0078125,61.15,40.45,39.3,100,26.27,15.53,0,61.96
402.015625,65.7,41.7,39.3,100,26.27,15.53,0,61.96
402.0234375,63,40.5,39.3,100,26.27,15.53,0,61.96
402.03125,54.55,36.3,39.3,100,26.27,15.53,0,61.96
402.0390625,48.9,35.55,39.3,100,26.27,15.53,0,61.96
402.046875,42.25,34.45,39.3,100,26.27,15.53,0,61.96
402.0546875,43.5,36.5,39.3,100,26.27,15.53,0,61.96
402.0625,47.7,38.05,39.3,100,26.27,15.53,0,61.96
402.0703125,50.1,37.55,39.3,100,26.27,15.53,0,61.96
402.078125,53.75,35.5,39.3,100,26.27,15.53,0,61.96
402.0859375,60.5,36.15,39.3,100,26.27,15.53,0,61.96
402.09375,67.6,40.05,39.3,100,26.27,15.53,0,61.96
402.1015625,68.85,42.55,39.3,100,26.27,15.53,0,61.96
402.109375,68.9,44.8,39.3,100,26.27,15.53,0,61.96
402.1171875,68.15,45.2,39.3,100,26.27,15.53,0,61.96
402.125,71.4,46.7,39.3,100,26.27,15.53,0,61.96
402.1328125,70.05,44.1,39.3,100,26.27,15.53,0,61.96
402.140625,71,42.8,39.3,100,26.27,15.53,0,61.96
402.1484375,68.8,39,39.3,100,26.27,15.53,0,61.96
402.15625,66.85,37.85,38.4,100,26.31,15.68,0,61.86
402.1640625,61.2,35.05,38.4,100,26.31,15.68,0,61.86
402.171875,57.7,35,38.4,100,26.31,15.68,0,61.86
402.1796875,53.4,33.15,38.4,100,26.31,15.68,0,61.86
402.1875,51.5,33.15,38.4,100,26.31,15.68,0,61.86
402.1953125,50.7,32.95,38.4,100,26.31,15.68,0,61.86
402.203125,51.45,34.75,38.4,100,26.31,15.68,0,61.86
402.2109375,53.95,37.3,38.4,100,26.31,15.68,0,61.86
402.21875,54.5,39.15,38.4,100,26.31,15.68,0,61.86
402.2265625,57.25,41.45,38.4,100,26.31,15.68,0,61.86
402.234375,60.05,43.7,38.4,100,26.31,15.68,0,61.86
402.2421875,65,46.2,38.4,100,26.31,15.68,0,61.86
402.25,65.4,45.2,38.4,100,26.31,15.68,0,61.86
402.2578125,69.75,47.9,38.4,100,26.31,15.68,0,61.86
402.265625,72.3,49.5,38.4,100,26.31,15.68,0,61.86
402.2734375,74.65,51.3,38.4,100,26.31,15.68,0,61.86
402.28125,70.3,49.2,38.4,100,26.31,15.68,0,61.86
402.2890625,66.75,47.35,38.4,100,26.31,15.68,0,61.86
402.296875,59.6,42.1,38.4,100,26.31,15.68,0,61.86
402.3046875,55.1,39.95,38.4,100,26.31,15.68,0,61.86
402.3125,53.45,38.75,38.4,100,26.31,15.68,0,61.86
402.3203125,53.5,38.1,38.4,100,26.31,15.68,0,61.86
402.328125,53,36.45,38.4,100,26.31,15.68,0,61.86
402.3359375,52.85,35.35,38.4,100,26.31,15.68,0,61.86
402.34375,51.6,34.25,38.4,100,26.31,15.68,0,61.86
402.3515625,46.65,32.3,38.4,100,26.31,15.68,0,61.86
402.359375,45.7,32.45,38.4,100,26.31,15.68,0,61.86
402.3671875,44.9,31.5,38.4,100,26.31,15.68,0,61.86
402.375,47.95,33.05,38.4,100,26.31,15.68,0,61.86
402.3828125,50.1,33.15,38.4,100,26.31,15.68,0,61.86
402.390625,55.6,36.35,38.4,100,26.31,15.68,0,61.86
402.3984375,55.55,35.7,38.4,100,26.31,15.68,0,61.86
402.40625,55.1,35.3,38.4,100,26.31,15.68,0,61.86
402.4140625,52.7,32.7,38.4,100,26.31,15.68,0,61.86
402.421875,56.1,34.5,38.4,100,26.31,15.68,0,61.86
402.4296875,61.35,36.6,38.4,100,26.31,15.68,0,61.86
402.4375,70.25,41.45,38.4,100,26.31,15.68,0,61.86
402.4453125,76.75,44.15,38.4,100,26.31,15.68,0,61.86
402.453125,75.15,43.8,38.4,100,26.31,15.68,0,61.86
402.4609375,67.9,40.05,38.4,100,26.31,15.68,0,61.86
402.46875,62.9,37.05,38.4,100,26.31,15.68,0,61.86
402.4765625,62.65,37.55,38.4,100,26.31,15.68,0,61.86
402.484375,59.45,36.3,38.4,100,26.31,15.68,0,61.86
402.4921875,58.75,36.25,38.4,100,26.31,15.68,0,61.86
402.5,57.85,36,38.4,100,26.31,15.68,0,61.86
402.5078125,61.4,37.5,38.4,100,26.31,15.68,0,61.86
402.515625,63.55,36,38.4,100,26.31,15.68,0,61.86
402.5234375,67.45,37.2,38.4,100,26.31,15.68,0,61.86
402.53125,66.55,36.2,38.4,100,26.31,15.68,0,61.86
402.5390625,69.05,37.15,38.4,100,26.31,15.68,0,61.86
402.546875,70.5,37.5,38.4,100,26.31,15.68,0,61.86
402.5546875,72.65,40,38.4,100,26.31,15.68,0,61.86
402.5625,72.4,40.5,38.4,100,26.31,15.68,0,61.86
402.5703125,72.45,41.25,38.4,100,26.31,15.68,0,61.86
402.578125,71.7,40.05,38.4,100,26.31,15.68,0,61.86
402.5859375,67.05,36.6,38.4,100,26.31,15.68,0,61.86
402.59375,60.95,33,38.4,100,26.31,15.68,0,61.86
402.6015625,55.5,30.1,38.4,100,26.31,15.68,0,61.86
402.609375,55.4,30.65,38.4,100,26.31,15.68,0,61.86
402.6171875,53.05,30.4,38.4,100,26.31,15.68,0,61.86
402.625,55.15,33.4,38.4,100,26.31,15.68,0,61.86
402.6328125,56.8,34.55,38.4,100,26.31,15.68,0,61.86
402.640625,60.3,36.95,38.4,100,26.31,15.68,0,61.86
402.6484375,58.45,35.35,38.4,100,26.31,15.68,0,61.86
402.65625,58.45,36,38.4,100,26.31,15.68,0,61.86
402.6640625,56.1,34.8,38.4,100,26.31,15.68,0,61.86
402.671875,55.9,35,38.4,100,26.31,15.68,0,61.86
402.6796875,54.6,33,38.4,100,26.31,15.68,0,61.86
402.6875,55.6,32.45,38.4,100,26.31,15.68,0,61.86
402.6953125,55.55,30.8,38.4,100,26.31,15.68,0,61.86
402.703125,53.7,30.05,38.4,100,26.31,15.68,0,61.86
402.7109375,52.6,29.95,38.4,100,26.31,15.68,0,61.86
402.71875,54.25,32.35,38.4,100,26.31,15.68,0,61.86
402.7265625,60.75,37.45,38.4,100,26.31,15.68,0,61.86
402.734375,61.45,38.15,38.4,100,26.31,15.68,0,61.86
402.7421875,61.35,38.75,38.4,100,26.31,15.68,0,61.86
402.75,61,38.55,38.4,100,26.31,15.68,0,61.86
402.7578125,63.85,39.7,38.4,100,26.31,15.68,0,61.86
402.765625,59.65,37.85,38.4,100,26.31,15.68,0,61.86
402.7734375,57.55,38.05,38.4,100,26.31,15.68,0,61.86
402.78125,53.15,35.05,38.4,100,26.31,15.68,0,61.86
402.7890625,52.6,35.7,38.4,100,26.31,15.68,0,61.86
402.796875,52.05,36.5,38.4,100,26.31,15.68,0,61.86
402.8046875,52.1,37.7,38.4,100,26.31,15.68,0,61.86
402.8125,50.7,36.9,38.4,100,26.31,15.68,0,61.86
402.8203125,51.2,37.5,38.4,100,26.31,15.68,0,61.86
402.828125,50.75,37.45,38.4,100,26.31,15.68,0,61.86
402.8359375,50.7,38.15,38.4,100,26.31,15.68,0,61.86
402.84375,53.05,39.4,38.4,100,26.31,15.68,0,61.86
402.8515625,52.75,39.6,38.4,100,26.31,15.68,0,61.86
402.859375,54.45,41.5,38.4,100,26.31,15.68,0,61.86
402.8671875,54.5,41.65,38.4,100,26.31,15.68,0,61.86
402.875,57.3,43.6,38.4,100,26.31,15.68,0,61.86
402.8828125,59.2,44.05,38.4,100,26.31,15.68,0,61.86
402.890625,62.65,45.8,38.4,100,26.31,15.68,0,61.86
402.8984375,61.35,43.8,38.4,100,26.31,15.68,0,61.86
402.90625,62.3,43.7,38.4,100,26.31,15.68,0,61.86
402.9140625,57.9,41.55,38.4,100,26.31,15.68,0,61.86
402.921875,55.85,42.35,38.4,100,26.31,15.68,0,61.86
402.9296875,57.8,42.95,38.4,100,26.31,15.68,0,61.86
402.9375,59.95,44.15,38.4,100,26.31,15.68,0,61.86
402.9453125,58.3,42.15,38.4,100,26.31,15.68,0,61.86
402.953125,58.05,41.15,38.4,100,26.31,15.68,0,61.86
402.9609375,60.55,42.15,38.4,100,26.31,15.68,0,61.86
402.96875,62.85,42.7,38.4,100,26.31,15.68,0,61.86
402.9765625,65.15,42.05,38.4,100,26.31,15.68,0,61.86
402.984375,61.95,39.85,38.4,100,26.31,15.68,0,61.86
402.9921875,62.1,40.95,38.4,100,26.31,15.68,0,61.86
403,58.85,40.55,38.4,100,26.31,15.68,0,61.86
403.0078125,53.3,40.05,38.4,100,26.31,15.68,0,61.86
403.015625,46.2,37.9,38.4,100,26.31,15.68,0,61.86
403.0234375,47.8,39.85,38.4,100,26.31,15.68,0,61.86
403.03125,47.55,38.65,38.4,100,26.31,15.68,0,61.86
403.0390625,46.95,38,38.4,100,26.31,15.68,0,61.86
403.046875,44.55,36.3,38.4,100,26.31,15.68,0,61.86
403.0546875,48.8,39.1,38.4,100,26.31,15.68,0,61.86
403.0625,54.85,41.95,38.4,100,26.31,15.68,0,61.86
403.0703125,59.1,43.4,38.4,100,26.31,15.68,0,61.86
403.078125,60.7,42.35,38.4,100,26.31,15.68,0,61.86
403.0859375,60.65,41,38.4,100,26.31,15.68,0,61.86
403.09375,58.95,39.15,38.4,100,26.31,15.68,0,61.86
403.1015625,53.85,35.95,38.4,100,26.31,15.68,0,61.86
403.109375,49.65,33.75,38.4,100,26.31,15.68,0,61.86
403.1171875,45.95,31.05,38.4,100,26.31,15.68,0,61.86
403.125,49.9,33.3,38.4,100,26.31,15.68,0,61.86
403.1328125,49.8,33.45,38.4,100,26.31,15.68,0,61.86
403.140625,47.85,33.45,38.4,100,26.31,15.68,0,61.86
403.1484375,44.1,32.4,38.4,100,26.31,15.68,0,61.86
403.15625,43.4,33.75,36.9,100,26.43,15.67,0,61.89
403.1640625,38.35,30.55,36.9,100,26.43,15.67,0,61.89
403.171875,33.85,28.35,36.9,100,26.43,15.67,0,61.89
403.1796875,26.7,24.4,36.9,100,26.43,15.67,0,61.89
403.1875,22.25,22.55,36.9,100,26.43,15.67,0,61.89
403.1953125,21,22.45,36.9,100,26.43,15.67,0,61.89
403.203125,22.35,24.65,36.9,100,26.43,15.67,0,61.89
403.2109375,26.7,27.7,36.9,100,26.43,15.67,0,61.89
403.21875,28.95,28.8,36.9,100,26.43,15.67,0,61.89
403.2265625,26.55,27.35,36.9,100,26.43,15.67,0,61.89
403.234375,18.1,22.45,36.9,100,26.43,15.67,0,61.89
403.2421875,13.05,19.4,36.9,100,26.43,15.67,0,61.89
403.25,10.65,18.1,36.9,100,26.43,15.67,0,61.89
403.2578125,16.2,21.6,36.9,100,26.43,15.67,0,61.89
403.265625,19.2,22.1,36.9,100,26.43,15.67,0,61.89
403.2734375,25.8,26.1,36.9,100,26.43,15.67,0,61.89
403.28125,30,27.95,36.9,100,26.43,15.67,0,61.89
403.2890625,32.7,29,36.9,100,26.43,15.67,0,61.89
403.296875,31.65,28.6,36.9,100,26.43,15.67,0,61.89
403.3046875,31.9,30.65,36.9,100,26.43,15.67,0,61.89
403.3125,28.45,29.05,36.9,100,26.43,15.67,0,61.89
403.3203125,28.35,30,36.9,100,26.43,15.67,0,61.89
403.328125,31.5,31.5,36.9,100,26.43,15.67,0,61.89
403.3359375,33.8,32.5,36.9,100,26.43,15.67,0,61.89
403.34375,38,34.45,36.9,100,26.43,15.67,0,61.89
403.3515625,39.8,34.7,36.9,100,26.43,15.67,0,61.89
403.359375,38.2,33.75,36.9,100,26.43,15.67,0,61.89
403.3671875,34.05,32.4,36.9,100,26.43,15.67,0,61.89
403.375,35.2,34,36.9,100,26.43,15.67,0,61.89
403.3828125,34.8,34.65,36.9,100,26.43,15.67,0,61.89
403.390625,38.6,37.7,36.9,100,26.43,15.67,0,61.89
403.3984375,40.4,37.7,36.9,100,26.43,15.67,0,61.89
403.40625,46.15,41.1,36.9,100,26.43,15.67,0,61.89
403.4140625,48.2,41.95,36.9,100,26.43,15.67,0,61.89
403.421875,48,41.75,36.9,100,26.43,15.67,0,61.89
403.4296875,45.2,39.3,36.9,100,26.43,15.67,0,61.89
403.4375,44.95,39.1,36.9,100,26.43,15.67,0,61.89
403.4453125,42.95,38.75,36.9,100,26.43,15.67,0,61.89
403.453125,41.45,40.05,36.9,100,26.43,15.67,0,61.89
403.4609375,42.35,40.6,36.9,100,26.43,15.67,0,61.89
403.46875,43.8,41,36.9,100,26.43,15.67,0,61.89
403.4765625,46.7,42.85,36.9,100,26.43,15.67,0,61.89
403.484375,45.55,42.1,36.9,100,26.43,15.67,0,61.89
403.4921875,47.45,43.55,36.9,100,26.43,15.67,0,61.89
403.5,50.05,44.8,36.9,100,26.43,15.67,0,61.89
403.5078125,54.65,47.35,36.9,100,26.43,15.67,0,61.89
403.515625,52.85,46.5,36.9,100,26.43,15.67,0,61.89
403.5234375,52.9,48.05,36.9,100,26.43,15.67,0,61.89
403.53125,50.25,46.3,36.9,100,26.43,15.67,0,61.89
403.5390625,51.25,47.15,36.9,100,26.43,15.67,0,61.89
403.546875,51.6,46.9,36.9,100,26.43,15.67,0,61.89
403.5546875,54.65,48.75,36.9,100,26.43,15.67,0,61.89
403.5625,58.25,50.3,36.9,100,26.43,15.67,0,61.89
403.5703125,63.75,53.55,36.9,100,26.43,15.67,0,61.89
403.578125,68.4,54.9,36.9,100,26.43,15.67,0,61.89
403.5859375,70.9,55.35,36.9,100,26.43,15.67,0,61.89
403.59375,67.4,52.15,36.9,100,26.43,15.67,0,61.89
403.6015625,56.75,45.25,36.9,100,26.43,15.67,0,61.89
403.609375,50.35,41.55,36.9,100,26.43,15.67,0,61.89
403.6171875,46.9,40.25,36.9,100,26.43,15.67,0,61.89
403.625,48.25,41.95,36.9,100,26.43,15.67,0,61.89
403.6328125,48.35,41.35,36.9,100,26.43,15.67,0,61.89
403.640625,52.15,43.05,36.9,100,26.43,15.67,0,61.89
403.6484375,52.85,42.8,36.9,100,26.43,15.67,0,61.89
403.65625,55.15,44.5,36.9,100,26.43,15.67,0,61.89
403.6640625,53.95,43.15,36.9,100,26.43,15.67,0,61.89
403.671875,55.8,43.2,36.9,100,26.43,15.67,0,61.89
403.6796875,57.3,40.95,36.9,100,26.43,15.67,0,61.89
403.6875,61.25,40.7,36.9,100,26.43,15.67,0,61.89
403.6953125,64,40.05,36.9,100,26.43,15.67,0,61.89
403.703125,64.2,39.4,36.9,100,26.43,15.67,0,61.89
403.7109375,63,38.7,36.9,100,26.43,15.67,0,61.89
403.71875,60.35,38.45,36.9,100,26.43,15.67,0,61.89
403.7265625,58.55,39.2,36.9,100,26.43,15.67,0,61.89
403.734375,55.15,39.55,36.9,100,26.43,15.67,0,61.89
403.7421875,55.25,41.45,36.9,100,26.43,15.67,0,61.89
403.75,54.85,39.5,36.9,100,26.43,15.67,0,61.89
403.7578125,60.3,39.4,36.9,100,26.43,15.67,0,61.89
403.765625,62.5,38.25,36.9,100,26.43,15.67,0,61.89
403.7734375,63.8,39.3,36.9,100,26.43,15.67,0,61.89
403.78125,61.45,38.85,36.9,100,26.43,15.67,0,61.89
403.7890625,62.5,41.15,36.9,100,26.43,15.67,0,61.89
403.796875,61.55,41.35,36.9,100,26.43,15.67,0,61.89
403.8046875,63.05,42.75,36.9,100,26.43,15.67,0,61.89
403.8125,64.3,42.3,36.9,100,26.43,15.67,0,61.89
403.8203125,66.15,42.55,36.9,100,26.43,15.67,0,61.89
403.828125,65.95,41.3,36.9,100,26.43,15.67,0,61.89
403.8359375,62.05,38.8,36.9,100,26.43,15.67,0,61.89
403.84375,57.3,37,36.9,100,26.43,15.67,0,61.89
403.8515625,52.8,36.25,36.9,100,26.43,15.67,0,61.89
403.859375,52.2,36.75,36.9,100,26.43,15.67,0,61.89
403.8671875,51.1,35.95,36.9,100,26.43,15.67,0,61.89
403.875,54.35,37.4,36.9,100,26.43,15.67,0,61.89
403.8828125,55.95,37.35,36.9,100,26.43,15.67,0,61.89
403.890625,59.3,39.8,36.9,100,26.43,15.67,0,61.89
403.8984375,57.55,38.65,36.9,100,26.43,15.67,0,61.89
403.90625,56.85,38.05,36.9,100,26.43,15.67,0,61.89
403.9140625,53.7,35.4,36.9,100,26.43,15.67,0,61.89
403.921875,53.75,36.1,36.9,100,26.43,15.67,0,61.89
403.9296875,50.1,33.8,36.9,100,26.43,15.67,0,61.89
403.9375,45.9,31.95,36.9,100,26.43,15.67,0,61.89
403.9453125,42.5,30.55,36.9,100,26.43,15.67,0,61.89
403.953125,41.6,31.3,36.9,100,26.43,15.67,0,61.89
403.9609375,42.2,31.65,36.9,100,26.43,15.67,0,61.89
403.96875,43.5,32.4,36.9,100,26.43,15.67,0,61.89
403.9765625,45.6,34.15,36.9,100,26.43,15.67,0,61.89
403.984375,43.05,33.75,36.9,100,26.43,15.67,0,61.89
403.9921875,42.2,34.85,36.9,100,26.43,15.67,0,61.89
404,41.1,35.25,36.9,100,26.43,15.67,0,61.89
404.0078125,45.85,38,36.9,100,26.43,15.67,0,61.89
404.015625,49.75,38.2,36.9,100,26.43,15.67,0,61.89
404.0234375,51.25,38.5,36.9,100,26.43,15.67,0,61.89
404.03125,42.35,32.45,36.9,100,26.43,15.67,0,61.89
404.0390625,35,28.2,36.9,100,26.43,15.67,0,61.89
404.046875,30.9,25.3,36.9,100,26.43,15.67,0,61.89
404.0546875,35.5,27.9,36.9,100,26.43,15.67,0,61.89
404.0625,43,31.2,36.9,100,26.43,15.67,0,61.89
404.0703125,48.65,34.8,36.9,100,26.43,15.67,0,61.89
404.078125,50.1,35.05,36.9,100,26.43,15.67,0,61.89
404.0859375,50.75,35.3,36.9,100,26.43,15.67,0,61.89
404.09375,51.5,36.25,36.9,100,26.43,15.67,0,61.89
404.1015625,49.8,35.85,36.9,100,26.43,15.67,0,61.89
404.109375,50.6,35.2,36.9,100,26.43,15.67,0,61.89
404.1171875,48.5,32.95,36.9,100,26.43,15.67,0,61.89
404.125,48.3,32.65,36.9,100,26.43,15.67,0,61.89
404.1328125,48.2,32.5,36.9,100,26.43,15.67,0,61.89
404.140625,51.9,34.15,36.9,100,26.43,15.67,0,61.89
404.1484375,52.4,33.95,36.9,100,26.43,15.67,0,61.89
404.15625,57.1,38.05,37,100,25.95,15.48,0,62.03
404.1640625,58.65,40.45,37,100,25.95,15.48,0,62.03
404.171875,59.8,42.35,37,100,25.95,15.48,0,62.03
404.1796875,58.45,41,37,100,25.95,15.48,0,62.03
404.1875,57.2,40.75,37,100,25.95,15.48,0,62.03
404.1953125,54.9,40.1,37,100,25.95,15.48,0,62.03
404.203125,55.5,41,37,100,25.95,15.48,0,62.03
404.2109375,58.05,41.15,37,100,25.95,15.48,0,62.03
404.21875,57.3,39.7,37,100,25.95,15.48,0,62.03
404.2265625,54.85,38.9,37,100,25.95,15.48,0,62.03
404.234375,51.1,36.85,37,100,25.95,15.48,0,62.03
404.2421875,51.7,37.4,37,100,25.95,15.48,0,62.03
404.25,49.6,36.65,37,100,25.95,15.48,0,62.03
404.2578125,50.1,37.25,37,100,25.95,15.48,0,62.03
404.265625,48.15,36.05,37,100,25.95,15.48,0,62.03
404.2734375,49,38.35,37,100,25.95,15.48,0,62.03
404.28125,47.05,38.2,37,100,25.95,15.48,0,62.03
404.2890625,48.3,40.3,37,100,25.95,15.48,0,62.03
404.296875,45.15,40.1,37,100,25.95,15.48,0,62.03
404.3046875,43.05,40.9,37,100,25.95,15.48,0,62.03
404.3125,40.5,40.6,37,100,25.95,15.48,0,62.03
404.3203125,39,42.05,37,100,25.95,15.48,0,62.03
404.328125,37.9,41.35,37,100,25.95,15.48,0,62.03
404.3359375,37.55,39.9,37,100,25.95,15.48,0,62.03
404.34375,36.7,38.3,37,100,25.95,15.48,0,62.03
404.3515625,30.5,34.15,37,100,25.95,15.48,0,62.03
404.359375,25.35,31.5,37,100,25.95,15.48,0,62.03
404.3671875,22.7,30.15,37,100,25.95,15.48,0,62.03
404.375,24.9,31.2,37,100,25.95,15.48,0,62.03
404.3828125,22.5,29.7,37,100,25.95,15.48,0,62.03
404.390625,24.4,31.35,37,100,25.95,15.48,0,62.03
404.3984375,25.15,31.45,37,100,25.95,15.48,0,62.03
404.40625,27.1,33.65,37,100,25.95,15.48,0,62.03
404.4140625,25.55,32.5,37,100,25.95,15.48,0,62.03
404.421875,27.7,33.35,37,100,25.95,15.48,0,62.03
404.4296875,29.5,32.8,37,100,25.95,15.48,0,62.03
404.4375,32.6,33.9,37,100,25.95,15.48,0,62.03
404.4453125,31,33,37,100,25.95,15.48,0,62.03
404.453125,25.55,32.15,37,100,25.95,15.48,0,62.03
404.4609375,21,31.5,37,100,25.95,15.48,0,62.03
404.46875,19.05,31.6,37,100,25.95,15.48,0,62.03
404.4765625,19.85,30.95,37,100,25.95,15.48,0,62.03
404.484375,21,29.6,37,100,25.95,15.48,0,62.03
404.4921875,25.75,31.15,37,100,25.95,15.48,0,62.03
404.5,27.25,31.3,37,100,25.95,15.48,0,62.03
404.5078125,31.5,34.15,37,100,25.95,15.48,0,62.03
404.515625,32.45,35.45,37,100,25.95,15.48,0,62.03
404.5234375,33.05,36.6,37,100,25.95,15.48,0,62.03
404.53125,30.7,34.25,37,100,25.95,15.48,0,62.03
404.5390625,32.6,35.15,37,100,25.95,15.48,0,62.03
404.546875,28.9,32,37,100,25.95,15.48,0,62.03
404.5546875,22.45,28.6,37,100,25.95,15.48,0,62.03
404.5625,14.3,24.05,37,100,25.95,15.48,0,62.03
404.5703125,10.95,21.55,37,100,25.95,15.48,0,62.03
404.578125,12.3,21.4,37,100,25.95,15.48,0,62.03
404.5859375,13.8,22.1,37,100,25.95,15.48,0,62.03
404.59375,13.95,20.75,37,100,25.95,15.48,0,62.03
404.6015625,13.05,19.35,37,100,25.95,15.48,0,62.03
404.609375,16.6,22.1,37,100,25.95,15.48,0,62.03
404.6171875,20.1,24.65,37,100,25.95,15.48,0,62.03
404.625,24.75,27.65,37,100,25.95,15.48,0,62.03
404.6328125,22.3,26.35,37,100,25.95,15.48,0,62.03
404.640625,22.55,27.55,37,100,25.95,15.48,0,62.03
404.6484375,21.65,27.65,37,100,25.95,15.48,0,62.03
404.65625,20.5,27.7,37,100,25.95,15.48,0,62.03
404.6640625,13.65,22.75,37,100,25.95,15.48,0,62.03
404.671875,8.85,20.5,37,100,25.95,15.48,0,62.03
404.6796875,5.85,19.6,37,100,25.95,15.48,0,62.03
404.6875,9.8,23.9,37,100,25.95,15.48,0,62.03
404.6953125,13,26.95,37,100,25.95,15.48,0,62.03
404.703125,12.4,27.8,37,100,25.95,15.48,0,62.03
404.7109375,10.7,26.25,37,100,25.95,15.48,0,62.03
404.71875,9.05,24.4,37,100,25.95,15.48,0,62.03
404.7265625,10.5,25.05,37,100,25.95,15.48,0,62.03
404.734375,15.35,27.4,37,100,25.95,15.48,0,62.03
404.7421875,22.4,29.85,37,100,25.95,15.48,0,62.03
404.75,20.4,27.5,37,100,25.95,15.48,0,62.03
404.7578125,18.05,26.8,37,100,25.95,15.48,0,62.03
404.765625,14.4,25.65,37,100,25.95,15.48,0,62.03
404.7734375,14.95,27.3,37,100,25.95,15.48,0,62.03
404.78125,14.4,26.2,37,100,25.95,15.48,0,62.03
404.7890625,17.8,27.95,37,100,25.95,15.48,0,62.03
404.796875,17.4,28.3,37,100,25.95,15.48,0,62.03
404.8046875,19,29.2,37,100,25.95,15.48,0,62.03
404.8125,23.05,29.15,37,100,25.95,15.48,0,62.03
404.8203125,27.5,31.3,37,100,25.95,15.48,0,62.03
404.828125,27.35,31.6,37,100,25.95,15.48,0,62.03
404.8359375,26.7,31.8,37,100,25.95,15.48,0,62.03
404.84375,25.9,31.15,37,100,25.95,15.48,0,62.03
404.8515625,19.4,27.4,37,100,25.95,15.48,0,62.03
404.859375,14.6,26.2,37,100,25.95,15.48,0,62.03
404.8671875,10.4,25.65,37,100,25.95,15.48,0,62.03
404.875,10.7,26.2,37,100,25.95,15.48,0,62.03
404.8828125,13.6,26.7,37,100,25.95,15.48,0,62.03
404.890625,21,30.5,37,100,25.95,15.48,0,62.03
404.8984375,21.35,29.75,37,100,25.95,15.48,0,62.03
404.90625,24.3,31.6,37,100,25.95,15.48,0,62.03
404.9140625,27.6,33.25,37,100,25.95,15.48,0,62.03
404.921875,30.3,35.7,37,100,25.95,15.48,0,62.03
404.9296875,25.8,33,37,100,25.95,15.48,0,62.03
404.9375,21.85,30.35,37,100,25.95,15.48,0,62.03
404.9453125,19.1,29.05,37,100,25.95,15.48,0,62.03
404.953125,19.35,31.25,37,100,25.95,15.48,0,62.03
404.9609375,21.25,32.3,37,100,25.95,15.48,0,62.03
404.96875,22.2,31.4,37,100,25.95,15.48,0,62.03
404.9765625,21.8,29.15,37,100,25.95,15.48,0,62.03
404.984375,17.95,25.25,37,100,25.95,15.48,0,62.03
404.9921875,19.35,25,37,100,25.95,15.48,0,62.03
405,19.4,24.9,37,100,25.95,15.48,0,62.03
405.0078125,21.9,28.8,37,100,25.95,15.48,0,62.03
405.015625,24.1,31.6,37,100,25.95,15.48,0,62.03
405.0234375,29.65,34.7,37,100,25.95,15.48,0,62.03
405.03125,29.95,33.5,37,100,25.95,15.48,0,62.03
405.0390625,32.1,35.1,37,100,25.95,15.48,0,62.03
405.046875,28.3,33.8,37,100,25.95,15.48,0,62.03
405.0546875,23.95,33.7,37,100,25.95,15.48,0,62.03
405.0625,20.85,33.1,37,100,25.95,15.48,0,62.03
405.0703125,21.05,35.25,37,100,25.95,15.48,0,62.03
405.078125,22.4,38.05,37,100,25.95,15.48,0,62.03
405.0859375,27.75,41.8,37,100,25.95,15.48,0,62.03
405.09375,32.95,45,37,100,25.95,15.48,0,62.03
405.1015625,33.25,45.5,37,100,25.95,15.48,0,62.03
405.109375,31.4,43,37,100,25.95,15.48,0,62.03
405.1171875,24.05,37.15,37,100,25.95,15.48,0,62.03
405.125,20.25,35.55,37,100,25.95,15.48,0,62.03
405.1328125,17.75,34.65,37,100,25.95,15.48,0,62.03
405.140625,17.85,35.4,37,100,25.95,15.48,0,62.03
405.1484375,17.05,34.35,37,100,25.95,15.48,0,62.03
405.15625,25.5,38.15,36.8,100,26.09,15.48,0,62.1
405.1640625,34,41.2,36.8,100,26.09,15.48,0,62.1
405.171875,41,45.2,36.8,100,26.09,15.48,0,62.1
405.1796875,41.3,45.95,36.8,100,26.09,15.48,0,62.1
405.1875,40,46.65,36.8,100,26.09,15.48,0,62.1
405.1953125,37.1,45.25,36.8,100,26.09,15.48,0,62.1
405.203125,36.95,45.95,36.8,100,26.09,15.48,0,62.1
405.2109375,38.7,45.85,36.8,100,26.09,15.48,0,62.1
405.21875,35.95,41.65,36.8,100,26.09,15.48,0,62.1
405.2265625,30.45,37.6,36.8,100,26.09,15.48,0,62.1
405.234375,23.7,35.65,36.8,100,26.09,15.48,0,62.1
405.2421875,24.55,36.75,36.8,100,26.09,15.48,0,62.1
405.25,25.8,36.95,36.8,100,26.09,15.48,0,62.1
405.2578125,26.4,37.8,36.8,100,26.09,15.48,0,62.1
405.265625,22.65,35.15,36.8,100,26.09,15.48,0,62.1
405.2734375,23.75,35.65,36.8,100,26.09,15.48,0,62.1
405.28125,23.65,35.75,36.8,100,26.09,15.48,0,62.1
405.2890625,30.25,39.6,36.8,100,26.09,15.48,0,62.1
405.296875,38.1,43.1,36.8,100,26.09,15.48,0,62.1
405.3046875,46.05,48.05,36.8,100,26.09,15.48,0,62.1
405.3125,49.95,49.8,36.8,100,26.09,15.48,0,62.1
405.3203125,51.6,51.55,36.8,100,26.09,15.48,0,62.1
405.328125,47.75,50,36.8,100,26.09,15.48,0,62.1
405.3359375,41.9,46.65,36.8,100,26.09,15.48,0,62.1
405.34375,36.85,42.35,36.8,100,26.09,15.48,0,62.1
405.3515625,33.5,38.75,36.8,100,26.09,15.48,0,62.1
405.359375,36.3,38.85,36.8,100,26.09,15.48,0,62.1
405.3671875,36.1,37.85,36.8,100,26.09,15.48,0,62.1
405.375,35.05,36.75,36.8,100,26.09,15.48,0,62.1
405.3828125,35.25,36.55,36.8,100,26.09,15.48,0,62.1
405.390625,40,39.55,36.8,100,26.09,15.48,0,62.1
405.3984375,38.95,39,36.8,100,26.09,15.48,0,62.1
405.40625,40.65,41.8,36.8,100,26.09,15.48,0,62.1
405.4140625,40.4,42.3,36.8,100,26.09,15.48,0,62.1
405.421875,40.25,42.55,36.8,100,26.09,15.48,0,62.1
405.4296875,39.95,42.3,36.8,100,26.09,15.48,0,62.1
405.4375,41.45,43.35,36.8,100,26.09,15.48,0,62.1
405.4453125,37.75,40.3,36.8,100,26.09,15.48,0,62.1
405.453125,31.15,36.7,36.8,100,26.09,15.48,0,62.1
405.4609375,25.5,32.05,36.8,100,26.09,15.48,0,62.1
405.46875,22.55,29.6,36.8,100,26.09,15.48,0,62.1
405.4765625,22,30.1,36.8,100,26.09,15.48,0,62.1
405.484375,19.1,29.8,36.8,100,26.09,15.48,0,62.1
405.4921875,21.95,32.65,36.8,100,26.09,15.48,0,62.1
405.5,26.8,35.35,36.8,100,26.09,15.48,0,62.1
405.5078125,33.75,37.9,36.8,100,26.09,15.48,0,62.1
405.515625,36.8,37.3,36.8,100,26.09,15.48,0,62.1
405.5234375,42.4,39.1,36.8,100,26.09,15.48,0,62.1
405.53125,43.35,38.05,36.8,100,26.09,15.48,0,62.1
405.5390625,44.9,40.1,36.8,100,26.09,15.48,0,62.1
405.546875,43.2,39.65,36.8,100,26.09,15.48,0,62.1
405.5546875,43.8,41.2,36.8,100,26.09,15.48,0,62.1
405.5625,42,41.2,36.8,100,26.09,15.48,0,62.1
405.5703125,38.6,40.05,36.8,100,26.09,15.48,0,62.1
405.578125,32.95,36.2,36.8,100,26.09,15.48,0,62.1
405.5859375,30.7,33.95,36.8,100,26.09,15.48,0,62.1
405.59375,31.9,31.6,36.8,100,26.09,15.48,0,62.1
405.6015625,31.65,29.15,36.8,100,26.09,15.48,0,62.1
405.609375,29.4,27.25,36.8,100,26.09,15.48,0,62.1
405.6171875,23.45,23.85,36.8,100,26.09,15.48,0,62.1
405.625,22.2,23.95,36.8,100,26.09,15.48,0,62.1
405.6328125,21.75,24.3,36.8,100,26.09,15.48,0,62.1
405.640625,25.7,27,36.8,100,26.09,15.48,0,62.1
405.6484375,28.3,27.85,36.8,100,26.09,15.48,0,62.1
405.65625,34.25,31.2,36.8,100,26.09,15.48,0,62.1
405.6640625,36.3,31.6,36.8,100,26.09,15.48,0,62.1
405.671875,39.15,34.45,36.8,100,26.09,15.48,0,62.1
405.6796875,38.55,35.8,36.8,100,26.09,15.48,0,62.1
405.6875,40.75,39.7,36.8,100,26.09,15.48,0,62.1
405.6953125,43.25,42.65,36.8,100,26.09,15.48,0,62.1
405.703125,42.15,43.7,36.8,100,26.09,15.48,0,62.1
405.7109375,36.25,40.9,36.8,100,26.09,15.48,0,62.1
405.71875,29.85,38,36.8,100,26.09,15.48,0,62.1
405.7265625,26.25,36.9,36.8,100,26.09,15.48,0,62.1
405.734375,22.7,35.7,36.8,100,26.09,15.48,0,62.1
405.7421875,24.3,36.45,36.8,100,26.09,15.48,0,62.1
405.75,25.9,37.85,36.8,100,26.09,15.48,0,62.1
405.7578125,28.45,41.4,36.8,100,26.09,15.48,0,62.1
405.765625,25.5,40.05,36.8,100,26.09,15.48,0,62.1
405.7734375,26.1,40.35,36.8,100,26.09,15.48,0,62.1
405.78125,26.1,38.55,36.8,100,26.09,15.48,0,62.1
405.7890625,29.15,38.55,36.8,100,26.09,15.48,0,62.1
405.796875,29.05,38.3,36.8,100,26.09,15.48,0,62.1
405.8046875,31,41,36.8,100,26.09,15.48,0,62.1
405.8125,31.5,40.55,36.8,100,26.09,15.48,0,62.1
405.8203125,33.15,42,36.8,100,26.09,15.48,0,62.1
405.828125,34.9,43.5,36.8,100,26.09,15.48,0,62.1
405.8359375,36.8,45.25,36.8,100,26.09,15.48,0,62.1
405.84375,39.7,46.75,36.8,100,26.09,15.48,0,62.1
405.8515625,41.5,46.3,36.8,100,26.09,15.48,0,62.1
405.859375,43.15,45.65,36.8,100,26.09,15.48,0,62.1
405.8671875,41.15,43.95,36.8,100,26.09,15.48,0,62.1
405.875,41.1,43.6,36.8,100,26.09,15.48,0,62.1
405.8828125,37.85,42.25,36.8,100,26.09,15.48,0,62.1
405.890625,38.35,44.65,36.8,100,26.09,15.48,0,62.1
405.8984375,39.5,44.65,36.8,100,26.09,15.48,0,62.1
405.90625,45.55,46.6,36.8,100,26.09,15.48,0,62.1
405.9140625,47.75,45.65,36.8,100,26.09,15.48,0,62.1
405.921875,50.85,45.7,36.8,100,26.09,15.48,0,62.1
405.9296875,47.1,41.4,36.8,100,26.09,15.48,0,62.1
405.9375,42.35,38.25,36.8,100,26.09,15.48,0,62.1
405.9453125,37.1,34.5,36.8,100,26.09,15.48,0,62.1
405.953125,34.15,32.45,36.8,100,26.09,15.48,0,62.1
405.9609375,33.1,31.7,36.8,100,26.09,15.48,0,62.1
405.96875,35.45,34.45,36.8,100,26.09,15.48,0,62.1
405.9765625,38.95,36.5,36.8,100,26.09,15.48,0,62.1
405.984375,38.35,34.95,36.8,100,26.09,15.48,0,62.1
405.9921875,39.65,35.4,36.8,100,26.09,15.48,0,62.1
406,39.35,35.55,36.8,100,26.09,15.48,0,62.1
406.0078125,41.25,37.7,36.8,100,26.09,15.48,0,62.1
406.015625,42.2,38.9,36.8,100,26.09,15.48,0,62.1
406.0234375,48.85,42.2,36.8,100,26.09,15.48,0,62.1
406.03125,50.95,42,36.8,100,26.09,15.48,0,62.1
406.0390625,52.35,42.6,36.8,100,26.09,15.48,0,62.1
406.046875,49.75,39.1,36.8,100,26.09,15.48,0,62.1
406.0546875,46.25,36.45,36.8,100,26.09,15.48,0,62.1
406.0625,42.2,34.05,36.8,100,26.09,15.48,0,62.1
406.0703125,45.1,36.35,36.8,100,26.09,15.48,0,62.1
406.078125,48.1,37.85,36.8,100,26.09,15.48,0,62.1
406.0859375,47.65,37.1,36.8,100,26.09,15.48,0,62.1
406.09375,50.3,36.2,36.8,100,26.09,15.48,0,62.1
406.1015625,54.8,36.3,36.8,100,26.09,15.48,0,62.1
406.109375,59.3,36.95,36.8,100,26.09,15.48,0,62.1
406.1171875,60.05,36.35,36.8,100,26.09,15.48,0,62.1
406.125,58,35.5,36.8,100,26.09,15.48,0,62.1
406.1328125,49.4,30.95,36.8,100,26.09,15.48,0,62.1
406.140625,48,30.7,36.8,100,26.09,15.48,0,62.1
406.1484375,45.4,29.9,36.8,100,26.09,15.48,0,62.1
406.15625,46.55,31.1,37.6,100,26.31,15.53,0,62.15
406.1640625,49.9,31.65,37.6,100,26.31,15.53,0,62.15
406.171875,55.85,34.1,37.6,100,26.31,15.53,0,62.15
406.1796875,54.65,31.45,37.6,100,26.31,15.53,0,62.15
406.1875,51.85,29.65,37.6,100,26.31,15.53,0,62.15
406.1953125,46.65,27.4,37.6,100,26.31,15.53,0,62.15
406.203125,47.4,28.55,37.6,100,26.31,15.53,0,62.15
406.2109375,51.7,30.75,37.6,100,26.31,15.53,0,62.15
406.21875,52.7,32.3,37.6,100,26.31,15.53,0,62.15
406.2265625,53.25,32.9,37.6,100,26.31,15.53,0,62.15
406.234375,52.1,31.15,37.6,100,26.31,15.53,0,62.15
406.2421875,50.05,28.25,37.6,100,26.31,15.53,0,62.15
406.25,48.3,25.3,37.6,100,26.31,15.53,0,62.15
406.2578125,52.8,26,37.6,100,26.31,15.53,0,62.15
406.265625,52.45,24.45,37.6,100,26.31,15.53,0,62.15
406.2734375,54.15,24.85,37.6,100,26.31,15.53,0,62.15
406.28125,54.5,24.2,37.6,100,26.31,15.53,0,62.15
406.2890625,57.9,27.9,37.6,100,26.31,15.53,0,62.15
406.296875,56.65,30,37.6,100,26.31,15.53,0,62.15
406.3046875,51.4,29.4,37.6,100,26.31,15.53,0,62.15
406.3125,42.05,23.6,37.6,100,26.31,15.53,0,62.15
406.3203125,36.45,20.2,37.6,100,26.31,15.53,0,62.15
406.328125,34.65,18.5,37.6,100,26.31,15.53,0,62.15
406.3359375,37.4,20,37.6,100,26.31,15.53,0,62.15
406.34375,42.85,22.15,37.6,100,26.31,15.53,0,62.15
406.3515625,48.2,23.85,37.6,100,26.31,15.53,0,62.15
406.359375,55.45,27.25,37.6,100,26.31,15.53,0,62.15
406.3671875,57.95,27.6,37.6,100,26.31,15.53,0,62.15
406.375,58.65,27.35,37.6,100,26.31,15.53,0,62.15
406.3828125,56.45,26.4,37.6,100,26.31,15.53,0,62.15
406.390625,59.15,28.4,37.6,100,26.31,15.53,0,62.15
406.3984375,61.9,28.35,37.6,100,26.31,15.53,0,62.15
406.40625,67.5,30.9,37.6,100,26.31,15.53,0,62.15
406.4140625,65.2,29.15,37.6,100,26.31,15.53,0,62.15
406.421875,60.15,27.8,37.6,100,26.31,15.53,0,62.15
406.4296875,52.7,25.4,37.6,100,26.31,15.53,0,62.15
406.4375,49.55,26.75,37.6,100,26.31,15.53,0,62.15
406.4453125,46.2,26.85,37.6,100,26.31,15.53,0,62.15
406.453125,43.25,26.1,37.6,100,26.31,15.53,0,62.15
406.4609375,42.25,24.05,37.6,100,26.31,15.53,0,62.15
406.46875,43.5,23.8,37.6,100,26.31,15.53,0,62.15
406.4765625,46.35,24.65,37.6,100,26.31,15.53,0,62.15
406.484375,48,24.4,37.6,100,26.31,15.53,0,62.15
406.4921875,50.9,24.95,37.6,100,26.31,15.53,0,62.15
406.5,48.4,23.2,37.6,100,26.31,15.53,0,62.15
406.5078125,47.5,23.55,37.6,100,26.31,15.53,0,62.15
406.515625,43.7,22.1,37.6,100,26.31,15.53,0,62.15
406.5234375,42.5,21.95,37.6,100,26.31,15.53,0,62.15
406.53125,42.1,20.75,37.6,100,26.31,15.53,0,62.15
406.5390625,48.75,23.95,37.6,100,26.31,15.53,0,62.15
406.546875,52.35,25.25,37.6,100,26.31,15.53,0,62.15
406.5546875,54.65,27.45,37.6,100,26.31,15.53,0,62.15
406.5625,52.95,26.85,37.6,100,26.31,15.53,0,62.15
406.5703125,51.7,26.3,37.6,100,26.31,15.53,0,62.15
406.578125,49.6,24.7,37.6,100,26.31,15.53,0,62.15
406.5859375,49.2,25.1,37.6,100,26.31,15.53,0,62.15
406.59375,51.3,27.85,37.6,100,26.31,15.53,0,62.15
406.6015625,53.35,31.35,37.6,100,26.31,15.53,0,62.15
406.609375,56.35,34.5,37.6,100,26.31,15.53,0,62.15
406.6171875,55.6,34.45,37.6,100,26.31,15.53,0,62.15
406.625,54.6,33.9,37.6,100,26.31,15.53,0,62.15
406.6328125,51,30.8,37.6,100,26.31,15.53,0,62.15
406.640625,51.8,30.8,37.6,100,26.31,15.53,0,62.15
406.6484375,50.15,28.8,37.6,100,26.31,15.53,0,62.15
406.65625,54.35,29.85,37.6,100,26.31,15.53,0,62.15
406.6640625,58.05,29.05,37.6,100,26.31,15.53,0,62.15
406.671875,59.15,29.05,37.6,100,26.31,15.53,0,62.15
406.6796875,55.65,27.3,37.6,100,26.31,15.53,0,62.15
406.6875,55.3,29.2,37.6,100,26.31,15.53,0,62.15
406.6953125,54.2,30.2,37.6,100,26.31,15.53,0,62.15
406.703125,54.6,31.35,37.6,100,26.31,15.53,0,62.15
406.7109375,55.75,30.55,37.6,100,26.31,15.53,0,62.15
406.71875,53.7,29.65,37.6,100,26.31,15.53,0,62.15
406.7265625,51.4,29.45,37.6,100,26.31,15.53,0,62.15
406.734375,50.5,30.3,37.6,100,26.31,15.53,0,62.15
406.7421875,55.55,33.1,37.6,100,26.31,15.53,0,62.15
406.75,58.95,32.6,37.6,100,26.31,15.53,0,62.15
406.7578125,61.55,31.2,37.6,100,26.31,15.53,0,62.15
406.765625,58.65,27.1,37.6,100,26.31,15.53,0,62.15
406.7734375,58.65,26.05,37.6,100,26.31,15.53,0,62.15
406.78125,55.8,24.3,37.6,100,26.31,15.53,0,62.15
406.7890625,57.25,25.85,37.6,100,26.31,15.53,0,62.15
406.796875,57.15,24.6,37.6,100,26.31,15.53,0,62.15
406.8046875,57.95,24.65,37.6,100,26.31,15.53,0,62.15
406.8125,55.95,22.95,37.6,100,26.31,15.53,0,62.15
406.8203125,56.65,23.45,37.6,100,26.31,15.53,0,62.15
406.828125,58.05,23.9,37.6,100,26.31,15.53,0,62.15
406.8359375,60.85,24.1,37.6,100,26.31,15.53,0,62.15
406.84375,62.05,21.85,37.6,100,26.31,15.53,0,62.15
406.8515625,59.55,20.1,37.6,100,26.31,15.53,0,62.15
406.859375,58.55,20.9,37.6,100,26.31,15.53,0,62.15
406.8671875,56.3,20.4,37.6,100,26.31,15.53,0,62.15
406.875,55.05,20.1,37.6,100,26.31,15.53,0,62.15
406.8828125,53.55,18.65,37.6,100,26.31,15.53,0,62.15
406.890625,57.4,20.25,37.6,100,26.31,15.53,0,62.15
406.8984375,59.4,20.7,37.6,100,26.31,15.53,0,62.15
406.90625,63.7,24,37.6,100,26.31,15.53,0,62.15
406.9140625,63.75,24.45,37.6,100,26.31,15.53,0,62.15
406.921875,66.35,26.85,37.6,100,26.31,15.53,0,62.15
406.9296875,68.7,28.2,37.6,100,26.31,15.53,0,62.15
406.9375,71.6,31.4,37.6,100,26.31,15.53,0,62.15
406.9453125,70.15,31.15,37.6,100,26.31,15.53,0,62.15
406.953125,67.25,30.75,37.6,100,26.31,15.53,0,62.15
406.9609375,63.45,29.15,37.6,100,26.31,15.53,0,62.15
406.96875,58.5,27.05,37.6,100,26.31,15.53,0,62.15
406.9765625,54.25,25.65,37.6,100,26.31,15.53,0,62.15
406.984375,49.35,25.1,37.6,100,26.31,15.53,0,62.15
406.9921875,48.15,26.2,37.6,100,26.31,15.53,0,62.15
407,46.6,26.4,37.6,100,26.31,15.53,0,62.15
407.0078125,49.35,29.15,37.6,100,26.31,15.53,0,62.15
407.015625,49.35,29.5,37.6,100,26.31,15.53,0,62.15
407.0234375,51.5,30.7,37.6,100,26.31,15.53,0,62.15
407.03125,51,29.35,37.6,100,26.31,15.53,0,62.15
407.0390625,52.5,30.2,37.6,100,26.31,15.53,0,62.15
407.046875,49.25,27.95,37.6,100,26.31,15.53,0,62.15
407.0546875,46.55,26.6,37.6,100,26.31,15.53,0,62.15
407.0625,42.8,24.2,37.6,100,26.31,15.53,0,62.15
407.0703125,43.1,24.95,37.6,100,26.31,15.53,0,62.15
407.078125,40.95,23.8,37.6,100,26.31,15.53,0,62.15
407.0859375,35.65,21.5,37.6,100,26.31,15.53,0,62.15
407.09375,30.3,17.85,37.6,100,26.31,15.53,0,62.15
407.1015625,27.05,14.85,37.6,100,26.31,15.53,0,62.15
407.109375,27.3,14.55,37.6,100,26.31,15.53,0,62.15
407.1171875,26.6,13.75,37.6,100,26.31,15.53,0,62.15
407.125,28.5,14.65,37.6,100,26.31,15.53,0,62.15
407.1328125,30.55,15.55,37.6,100,26.31,15.53,0,62.15
407.140625,35.45,18.1,37.6,100,26.31,15.53,0,62.15
407.1484375,33.25,16.6,37.6,100,26.31,15.53,0,62.15
407.15625,31.5,16.95,38.6,100,26.43,15.69,0,61.92
407.1640625,27.45,14.95,38.6,100,26.43,15.69,0,61.92
407.171875,26.5,15.7,38.6,100,26.43,15.69,0,61.92
407.1796875,24.85,15.15,38.6,100,26.43,15.69,0,61.92
407.1875,26.05,16,38.6,100,26.43,15.69,0,61.92
407.1953125,29.6,16.05,38.6,100,26.43,15.69,0,61.92
407.203125,39.25,19.05,38.6,100,26.43,15.69,0,61.92
407.2109375,45.45,20.5,38.6,100,26.43,15.69,0,61.92
407.21875,43.7,20.1,38.6,100,26.43,15.69,0,61.92
407.2265625,40.55,19.55,38.6,100,26.43,15.69,0,61.92
407.234375,37.6,18.75,38.6,100,26.43,15.69,0,61.92
407.2421875,36.85,19,38.6,100,26.43,15.69,0,61.92
407.25,35.55,19.35,38.6,100,26.43,15.69,0,61.92
407.2578125,37.85,22.85,38.6,100,26.43,15.69,0,61.92
407.265625,38.45,23.3,38.6,100,26.43,15.69,0,61.92
407.2734375,42.05,23.9,38.6,100,26.43,15.69,0,61.92
407.28125,41.45,22.05,38.6,100,26.43,15.69,0,61.92
407.2890625,41.25,22.75,38.6,100,26.43,15.69,0,61.92
407.296875,37,20.7,38.6,100,26.43,15.69,0,61.92
407.3046875,35.3,20.95,38.6,100,26.43,15.69,0,61.92
407.3125,34.45,20.7,38.6,100,26.43,15.69,0,61.92
407.3203125,36.7,21.9,38.6,100,26.43,15.69,0,61.92
407.328125,37.65,21.45,38.6,100,26.43,15.69,0,61.92
407.3359375,39.35,22.7,38.6,100,26.43,15.69,0,61.92
407.34375,42.65,24.2,38.6,100,26.43,15.69,0,61.92
407.3515625,44.05,25.5,38.6,100,26.43,15.69,0,61.92
407.359375,44.55,26.95,38.6,100,26.43,15.69,0,61.92
407.3671875,42.9,26.45,38.6,100,26.43,15.69,0,61.92
407.375,43.5,27.4,38.6,100,26.43,15.69,0,61.92
407.3828125,42.7,28.45,38.6,100,26.43,15.69,0,61.92
407.390625,45.2,31.3,38.6,100,26.43,15.69,0,61.92
407.3984375,42.15,29.65,38.6,100,26.43,15.69,0,61.92
407.40625,39.35,28.4,38.6,100,26.43,15.69,0,61.92
407.4140625,34.15,24.35,38.6,100,26.43,15.69,0,61.92
407.421875,34.95,24.55,38.6,100,26.43,15.69,0,61.92
407.4296875,36.9,25,38.6,100,26.43,15.69,0,61.92
407.4375,41.35,27.35,38.6,100,26.43,15.69,0,61.92
407.4453125,40.9,26.25,38.6,100,26.43,15.69,0,61.92
407.453125,40.1,26.15,38.6,100,26.43,15.69,0,61.92
407.4609375,39.35,25.85,38.6,100,26.43,15.69,0,61.92
407.46875,37.85,25.8,38.6,100,26.43,15.69,0,61.92
407.4765625,37.55,26.3,38.6,100,26.43,15.69,0,61.92
407.484375,37.55,27.1,38.6,100,26.43,15.69,0,61.92
407.4921875,39.5,28.5,38.6,100,26.43,15.69,0,61.92
407.5,39.5,28.7,38.6,100,26.43,15.69,0,61.92
407.5078125,40.15,29.95,38.6,100,26.43,15.69,0,61.92
407.515625,34.9,26.3,38.6,100,26.43,15.69,0,61.92
407.5234375,30.95,23.15,38.6,100,26.43,15.69,0,61.92
407.53125,25.2,20.3,38.6,100,26.43,15.69,0,61.92
407.5390625,23.35,20.8,38.6,100,26.43,15.69,0,61.92
407.546875,21.1,18.95,38.6,100,26.43,15.69,0,61.92
407.5546875,21.5,19.1,38.6,100,26.43,15.69,0,61.92
407.5625,19.5,17.6,38.6,100,26.43,15.69,0,61.92
407.5703125,19.7,18.3,38.6,100,26.43,15.69,0,61.92
407.578125,20.25,19,38.6,100,26.43,15.69,0,61.92
407.5859375,20.25,18.55,38.6,100,26.43,15.69,0,61.92
407.59375,19.2,16.65,38.6,100,26.43,15.69,0,61.92
407.6015625,17,15.3,38.6,100,26.43,15.69,0,61.92
407.609375,16.8,14.6,38.6,100,26.43,15.69,0,61.92
407.6171875,14.1,11.55,38.6,100,26.43,15.69,0,61.92
407.625,14.95,11.15,38.6,100,26.43,15.69,0,61.92
407.6328125,15.25,10.75,38.6,100,26.43,15.69,0,61.92
407.640625,18.5,12,38.6,100,26.43,15.69,0,61.92
407.6484375,16.2,10.5,38.6,100,26.43,15.69,0,61.92
407.65625,15.1,11.45,38.6,100,26.43,15.69,0,61.92
407.6640625,10.95,8.1,38.6,100,26.43,15.69,0,61.92
407.671875,12.45,7.65,38.6,100,26.43,15.69,0,61.92
407.6796875,11.8,6.6,38.6,100,26.43,15.69,0,61.92
407.6875,10.95,6.9,38.6,100,26.43,15.69,0,61.92
407.6953125,8.15,4.55,38.6,100,26.43,15.69,0,61.92
407.703125,7.7,4.65,38.6,100,26.43,15.69,0,61.92
407.7109375,7.1,3.75,38.6,100,26.43,15.69,0,61.92
407.71875,7.75,3.65,38.6,100,26.43,15.69,0,61.92
407.7265625,8.55,3.8,38.6,100,26.43,15.69,0,61.92
407.734375,7.4,3.3,38.6,100,26.43,15.69,0,61.92
407.7421875,6.3,2.95,38.6,100,26.43,15.69,0,61.92
407.75,3.55,1.9,38.6,100,26.43,15.69,0,61.92
407.7578125,3.85,1.65,38.6,100,26.43,15.69,0,61.92
407.765625,3.55,-0.2,38.6,100,26.43,15.69,0,61.92
407.7734375,5.55,0.35,38.6,100,26.43,15.69,0,61.92
407.78125,2.95,0.2,38.6,100,26.43,15.69,0,61.92
407.7890625,0.95,1.05,38.6,100,26.43,15.69,0,61.92
407.796875,-2.1,0,38.6,100,26.43,15.69,0,61.92
407.8046875,-1.1,1.15,38.6,100,26.43,15.69,0,61.92
407.8125,-0.1,1.55,38.6,100,26.43,15.69,0,61.92
407.8203125,1.2,1.75,38.6,100,26.43,15.69,0,61.92
407.828125,0.4,0.7,38.6,100,26.43,15.69,0,61.92
407.8359375,-0.05,0.5,38.6,100,26.43,15.69,0,61.92
407.84375,2.8,1.7,38.6,100,26.43,15.69,0,61.92
407.8515625,7.3,3.85,38.6,100,26.43,15.69,0,61.92
407.859375,10.5,5.05,38.6,100,26.43,15.69,0,61.92
407.8671875,7.6,2.3,38.6,100,26.43,15.69,0,61.92
407.875,6.8,2,38.6,100,26.43,15.69,0,61.92
407.8828125,5.95,1.9,38.6,100,26.43,15.69,0,61.92
407.890625,8.45,3.9,38.6,100,26.43,15.69,0,61.92
407.8984375,7.5,2.4,38.6,100,26.43,15.69,0,61.92
407.90625,9.9,3.65,38.6,100,26.43,15.69,0,61.92
407.9140625,9.15,2.85,38.6,100,26.43,15.69,0,61.92
407.921875,10.3,4.55,38.6,100,26.43,15.69,0,61.92
407.9296875,8.8,4,38.6,100,26.43,15.69,0,61.92
407.9375,11.15,7,38.6,100,26.43,15.69,0,61.92
407.9453125,14.5,8.25,38.6,100,26.43,15.69,0,61.92
407.953125,19.55,10.1,38.6,100,26.43,15.69,0,61.92
407.9609375,20.75,9.95,38.6,100,26.43,15.69,0,61.92
407.96875,19.25,9.95,38.6,100,26.43,15.69,0,61.92
407.9765625,18.95,9.9,38.6,100,26.43,15.69,0,61.92
407.984375,20.7,11.25,38.6,100,26.43,15.69,0,61.92
407.9921875,25.05,13.35,38.6,100,26.43,15.69,0,61.92
408,25.2,12.9,38.6,100,26.43,15.69,0,61.92
408.0078125,25.8,13.75,38.6,100,26.43,15.69,0,61.92
408.015625,24.25,14.4,38.6,100,26.43,15.69,0,61.92
408.0234375,25.7,16.3,38.6,100,26.43,15.69,0,61.92
408.03125,24.95,15.3,38.6,100,26.43,15.69,0,61.92
408.0390625,27.65,16.45,38.6,100,26.43,15.69,0,61.92
408.046875,27.7,16.25,38.6,100,26.43,15.69,0,61.92
408.0546875,29.55,18.1,38.6,100,26.43,15.69,0,61.92
408.0625,30.1,18.55,38.6,100,26.43,15.69,0,61.92
408.0703125,32.85,21.15,38.6,100,26.43,15.69,0,61.92
408.078125,33.4,21.85,38.6,100,26.43,15.69,0,61.92
408.0859375,33.4,22.15,38.6,100,26.43,15.69,0,61.92
408.09375,33.2,21.85,38.6,100,26.43,15.69,0,61.92
408.1015625,32.9,21.95,38.6,100,26.43,15.69,0,61.92
408.109375,35.25,23.05,38.6,100,26.43,15.69,0,61.92
408.1171875,34.95,22.7,38.6,100,26.43,15.69,0,61.92
408.125,33.75,22.4,38.6,100,26.43,15.69,0,61.92
408.1328125,30.3,20.15,38.6,100,26.43,15.69,0,61.92
408.140625,31.65,19.95,38.6,100,26.43,15.69,0,61.92
408.1484375,31.05,18.15,38.6,100,26.43,15.69,0,61.92
408.15625,33.25,19.2,38.7,100,26.17,15.66,0,61.85
408.1640625,33.15,19.3,38.7,100,26.17,15.66,0,61.85
408.171875,36.05,22.15,38.7,100,26.17,15.66,0,61.85
408.1796875,36.8,21.85,38.7,100,26.17,15.66,0,61.85
408.1875,40.4,23.85,38.7,100,26.17,15.66,0,61.85
408.1953125,41.45,24.35,38.7,100,26.17,15.66,0,61.85
408.203125,44.25,26.75,38.7,100,26.17,15.66,0,61.85
408.2109375,47.35,29.8,38.7,100,26.17,15.66,0,61.85
408.21875,48.1,32.85,38.7,100,26.17,15.66,0,61.85
408.2265625,45.85,33.25,38.7,100,26.17,15.66,0,61.85
408.234375,43.55,32.7,38.7,100,26.17,15.66,0,61.85
408.2421875,45.45,34,38.7,100,26.17,15.66,0,61.85
408.25,45.4,33.4,38.7,100,26.17,15.66,0,61.85
408.2578125,47.35,33.85,38.7,100,26.17,15.66,0,61.85
408.265625,47.35,33.3,38.7,100,26.17,15.66,0,61.85
408.2734375,49.7,34.3,38.7,100,26.17,15.66,0,61.85
408.28125,47.45,32.3,38.7,100,26.17,15.66,0,61.85
408.2890625,48.85,34.75,38.7,100,26.17,15.66,0,61.85
408.296875,49.6,36.75,38.7,100,26.17,15.66,0,61.85
408.3046875,52.15,39.45,38.7,100,26.17,15.66,0,61.85
408.3125,51.65,38.9,38.7,100,26.17,15.66,0,61.85
408.3203125,53.75,40.1,38.7,100,26.17,15.66,0,61.85
408.328125,56.55,40.55,38.7,100,26.17,15.66,0,61.85
408.3359375,59.7,42.35,38.7,100,26.17,15.66,0,61.85
408.34375,60.35,42.85,38.7,100,26.17,15.66,0,61.85
408.3515625,60.05,42.7,38.7,100,26.17,15.66,0,61.85
408.359375,63.2,44.7,38.7,100,26.17,15.66,0,61.85
408.3671875,64.5,46.65,38.7,100,26.17,15.66,0,61.85
408.375,66.3,48.05,38.7,100,26.17,15.66,0,61.85
408.3828125,65.45,46.05,38.7,100,26.17,15.66,0,61.85
408.390625,67.2,46.5,38.7,100,26.17,15.66,0,61.85
408.3984375,65.4,45.6,38.7,100,26.17,15.66,0,61.85
408.40625,64.6,46,38.7,100,26.17,15.66,0,61.85
408.4140625,60.4,43.55,38.7,100,26.17,15.66,0,61.85
408.421875,61.05,44.2,38.7,100,26.17,15.66,0,61.85
408.4296875,58.05,42.6,38.7,100,26.17,15.66,0,61.85
408.4375,55.25,42.6,38.7,100,26.17,15.66,0,61.85
408.4453125,52.25,40.8,38.7,100,26.17,15.66,0,61.85
408.453125,52.5,40.4,38.7,100,26.17,15.66,0,61.85
408.4609375,53.5,40.35,38.7,100,26.17,15.66,0,61.85
408.46875,55.7,42.6,38.7,100,26.17,15.66,0,61.85
408.4765625,57.25,44,38.7,100,26.17,15.66,0,61.85
408.484375,58,44.6,38.7,100,26.17,15.66,0,61.85
408.4921875,60.1,45.35,38.7,100,26.17,15.66,0,61.85
408.5,57.7,43.85,38.7,100,26.17,15.66,0,61.85
408.5078125,54.8,43,38.7,100,26.17,15.66,0,61.85
408.515625,49.45,39.85,38.7,100,26.17,15.66,0,61.85
408.5234375,47.3,37.5,38.7,100,26.17,15.66,0,61.85
408.53125,42.35,33.25,38.7,100,26.17,15.66,0,61.85
408.5390625,40.55,33.1,38.7,100,26.17,15.66,0,61.85
408.546875,36.8,31.7,38.7,100,26.17,15.66,0,61.85
408.5546875,33.4,30.1,38.7,100,26.17,15.66,0,61.85
408.5625,28.9,26.15,38.7,100,26.17,15.66,0,61.85
408.5703125,28.35,25.6,38.7,100,26.17,15.66,0,61.85
408.578125,25.8,23.75,38.7,100,26.17,15.66,0,61.85
408.5859375,21.65,21.7,38.7,100,26.17,15.66,0,61.85
408.59375,17.8,19.3,38.7,100,26.17,15.66,0,61.85
408.6015625,15.05,18.1,38.7,100,26.17,15.66,0,61.85
408.609375,16.65,18.1,38.7,100,26.17,15.66,0,61.85
408.6171875,18.15,17.6,38.7,100,26.17,15.66,0,61.85
408.625,19.6,17.3,38.7,100,26.17,15.66,0,61.85
408.6328125,17.8,14.55,38.7,100,26.17,15.66,0,61.85
408.640625,19.65,14.9,38.7,100,26.17,15.66,0,61.85
408.6484375,18.85,14.25,38.7,100,26.17,15.66,0,61.85
408.65625,20.2,16,38.7,100,26.17,15.66,0,61.85
408.6640625,15.65,14.7,38.7,100,26.17,15.66,0,61.85
408.671875,11.9,15,38.7,100,26.17,15.66,0,61.85
408.6796875,7.9,13,38.7,100,26.17,15.66,0,61.85
408.6875,9.15,13.5,38.7,100,26.17,15.66,0,61.85
408.6953125,10.5,11.9,38.7,100,26.17,15.66,0,61.85
408.703125,14.35,12.1,38.7,100,26.17,15.66,0,61.85
408.7109375,18.1,11.9,38.7,100,26.17,15.66,0,61.85
408.71875,22.85,12.75,38.7,100,26.17,15.66,0,61.85
408.7265625,26.2,14.05,38.7,100,26.17,15.66,0,61.85
408.734375,24.6,14.8,38.7,100,26.17,15.66,0,61.85
408.7421875,23.3,14.4,38.7,100,26.17,15.66,0,61.85
408.75,20.35,13,38.7,100,26.17,15.66,0,61.85
408.7578125,18.7,12.05,38.7,100,26.17,15.66,0,61.85
408.765625,16.35,9.35,38.7,100,26.17,15.66,0,61.85
408.7734375,19.6,10.95,38.7,100,26.17,15.66,0,61.85
408.78125,20.35,11,38.7,100,26.17,15.66,0,61.85
408.7890625,23.05,10.9,38.7,100,26.17,15.66,0,61.85
408.796875,22.3,7.65,38.7,100,26.17,15.66,0,61.85
408.8046875,21.75,6.7,38.7,100,26.17,15.66,0,61.85
408.8125,17.7,4.4,38.7,100,26.17,15.66,0,61.85
408.8203125,16.15,5.7,38.7,100,26.17,15.66,0,61.85
408.828125,15.1,6.15,38.7,100,26.17,15.66,0,61.85
408.8359375,15.6,6.5,38.7,100,26.17,15.66,0,61.85
408.84375,17.05,7,38.7,100,26.17,15.66,0,61.85
408.8515625,16.05,7.55,38.7,100,26.17,15.66,0,61.85
408.859375,12.95,6.6,38.7,100,26.17,15.66,0,61.85
408.8671875,8.65,4.95,38.7,100,26.17,15.66,0,61.85
408.875,8,5.4,38.7,100,26.17,15.66,0,61.85
408.8828125,6.2,4.1,38.7,100,26.17,15.66,0,61.85
408.890625,9.75,6.05,38.7,100,26.17,15.66,0,61.85
408.8984375,10.6,6.4,38.7,100,26.17,15.66,0,61.85
408.90625,12.75,8.3,38.7,100,26.17,15.66,0,61.85
408.9140625,13,7.4,38.7,100,26.17,15.66,0,61.85
408.921875,16.05,8.9,38.7,100,26.17,15.66,0,61.85
408.9296875,14.75,7.25,38.7,100,26.17,15.66,0,61.85
408.9375,16.55,8.4,38.7,100,26.17,15.66,0,61.85
408.9453125,17,8.55,38.7,100,26.17,15.66,0,61.85
408.953125,17.4,9.85,38.7,100,26.17,15.66,0,61.85
408.9609375,16.5,9.8,38.7,100,26.17,15.66,0,61.85
408.96875,16.4,9.7,38.7,100,26.17,15.66,0,61.85
408.9765625,16.5,8.05,38.7,100,26.17,15.66,0,61.85
408.984375,13.9,5.85,38.7,100,26.17,15.66,0,61.85
408.9921875,11.2,4.15,38.7,100,26.17,15.66,0,61.85
409,6.3,1.35,38.7,100,26.17,15.66,0,61.85
409.0078125,3.7,0.75,38.7,100,26.17,15.66,0,61.85
409.015625,-0.3,-0.7,38.7,100,26.17,15.66,0,61.85
409.0234375,1.7,0.6,38.7,100,26.17,15.66,0,61.85
409.03125,1.75,0.35,38.7,100,26.17,15.66,0,61.85
409.0390625,2.45,1.95,38.7,100,26.17,15.66,0,61.85
409.046875,0.55,0.85,38.7,100,26.17,15.66,0,61.85
409.0546875,2.85,2.05,38.7,100,26.17,15.66,0,61.85
409.0625,3.05,1.5,38.7,100,26.17,15.66,0,61.85
409.0703125,3.65,1.9,38.7,100,26.17,15.66,0,61.85
409.078125,4.1,1.55,38.7,100,26.17,15.66,0,61.85
409.0859375,5.6,3.8,38.7,100,26.17,15.66,0,61.85
409.09375,4,4.3,38.7,100,26.17,15.66,0,61.85
409.1015625,0,2.65,38.7,100,26.17,15.66,0,61.85
409.109375,-1.75,2.05,38.7,100,26.17,15.66,0,61.85
409.1171875,-3.2,2.35,38.7,100,26.17,15.66,0,61.85
409.125,-1.7,3.8,38.7,100,26.17,15.66,0,61.85
409.1328125,-0.4,3.7,38.7,100,26.17,15.66,0,61.85
409.140625,2.75,5.8,38.7,100,26.17,15.66,0,61.85
409.1484375,1.2,5.6,38.7,100,26.17,15.66,0,61.85
409.15625,3.4,8.15,40.1,100,26.45,15.65,0,61.83
409.1640625,3.5,9,40.1,100,26.45,15.65,0,61.83
409.171875,3.65,10,40.1,100,26.45,15.65,0,61.83
409.1796875,-2.55,6.1,40.1,100,26.45,15.65,0,61.83
409.1875,-6.55,4.2,40.1,100,26.45,15.65,0,61.83
409.1953125,-7.85,3,40.1,100,26.45,15.65,0,61.83
409.203125,-3.9,5.1,40.1,100,26.45,15.65,0,61.83
409.2109375,0.45,6.65,40.1,100,26.45,15.65,0,61.83
409.21875,4.3,8.85,40.1,100,26.45,15.65,0,61.83
409.2265625,6.05,9.6,40.1,100,26.45,15.65,0,61.83
409.234375,4.5,8.65,40.1,100,26.45,15.65,0,61.83
409.2421875,5.35,8.35,40.1,100,26.45,15.65,0,61.83
409.25,6.15,7.7,40.1,100,26.45,15.65,0,61.83
409.2578125,8.45,9.2,40.1,100,26.45,15.65,0,61.83
409.265625,6.8,8.7,40.1,100,26.45,15.65,0,61.83
409.2734375,8.45,10.4,40.1,100,26.45,15.65,0,61.83
409.28125,8.25,10.5,40.1,100,26.45,15.65,0,61.83
409.2890625,9.95,11.65,40.1,100,26.45,15.65,0,61.83
409.296875,8.75,10.6,40.1,100,26.45,15.65,0,61.83
409.3046875,11.05,12.85,40.1,100,26.45,15.65,0,61.83
409.3125,9.65,12,40.1,100,26.45,15.65,0,61.83
409.3203125,8,11.05,40.1,100,26.45,15.65,0,61.83
409.328125,6.05,10.1,40.1,100,26.45,15.65,0,61.83
409.3359375,6.45,11.35,40.1,100,26.45,15.65,0,61.83
409.34375,7.7,11.25,40.1,100,26.45,15.65,0,61.83
409.3515625,10.25,11.4,40.1,100,26.45,15.65,0,61.83
409.359375,13.25,12,40.1,100,26.45,15.65,0,61.83
409.3671875,12.35,11.65,40.1,100,26.45,15.65,0,61.83
409.375,9.7,11.05,40.1,100,26.45,15.65,0,61.83
409.3828125,5.2,8.65,40.1,100,26.45,15.65,0,61.83
409.390625,7.05,9.95,40.1,100,26.45,15.65,0,61.83
409.3984375,7.35,9.55,40.1,100,26.45,15.65,0,61.83
409.40625,8.45,9.85,40.1,100,26.45,15.65,0,61.83
409.4140625,5.5,6.8,40.1,100,26.45,15.65,0,61.83
409.421875,3.75,5.9,40.1,100,26.45,15.65,0,61.83
409.4296875,-1.35,2.8,40.1,100,26.45,15.65,0,61.83
409.4375,-1.7,3,40.1,100,26.45,15.65,0,61.83
409.4453125,-2.8,2.3,40.1,100,26.45,15.65,0,61.83
409.453125,-2.9,3.35,40.1,100,26.45,15.65,0,61.83
409.4609375,-1.65,3.15,40.1,100,26.45,15.65,0,61.83
409.46875,2.3,4.7,40.1,100,26.45,15.65,0,61.83
409.4765625,5.9,6.15,40.1,100,26.45,15.65,0,61.83
409.484375,6.15,6.75,40.1,100,26.45,15.65,0,61.83
409.4921875,5.6,7.65,40.1,100,26.45,15.65,0,61.83
409.5,4,7.2,40.1,100,26.45,15.65,0,61.83
409.5078125,6.1,7.55,40.1,100,26.45,15.65,0,61.83
409.515625,5.9,6.8,40.1,100,26.45,15.65,0,61.83
409.5234375,8.1,7.65,40.1,100,26.45,15.65,0,61.83
409.53125,6.1,5.25,40.1,100,26.45,15.65,0,61.83
409.5390625,6.95,7,40.1,100,26.45,15.65,0,61.83
409.546875,7.4,7.5,40.1,100,26.45,15.65,0,61.83
409.5546875,12.4,10.05,40.1,100,26.45,15.65,0,61.83
409.5625,13.2,10.45,40.1,100,26.45,15.65,0,61.83
409.5703125,12.2,10.35,40.1,100,26.45,15.65,0,61.83
409.578125,9,8,40.1,100,26.45,15.65,0,61.83
409.5859375,9.2,8.85,40.1,100,26.45,15.65,0,61.83
409.59375,9.25,8.9,40.1,100,26.45,15.65,0,61.83
409.6015625,8.45,8.85,40.1,100,26.45,15.65,0,61.83
409.609375,10,10.3,40.1,100,26.45,15.65,0,61.83
409.6171875,11.75,11.2,40.1,100,26.45,15.65,0,61.83
409.625,15.95,12.85,40.1,100,26.45,15.65,0,61.83
409.6328125,18.95,14.2,40.1,100,26.45,15.65,0,61.83
409.640625,23.85,16.85,40.1,100,26.45,15.65,0,61.83
409.6484375,24.5,16.65,40.1,100,26.45,15.65,0,61.83
409.65625,27.4,18.25,40.1,100,26.45,15.65,0,61.83
409.6640625,27.35,17.55,40.1,100,26.45,15.65,0,61.83
409.671875,27.95,18.85,40.1,100,26.45,15.65,0,61.83
409.6796875,22.5,16.5,40.1,100,26.45,15.65,0,61.83
409.6875,18,15.75,40.1,100,26.45,15.65,0,61.83
409.6953125,13.8,13.7,40.1,100,26.45,15.65,0,61.83
409.703125,13.8,13.9,40.1,100,26.45,15.65,0,61.83
409.7109375,15.5,15.15,40.1,100,26.45,15.65,0,61.83
409.71875,18.95,18.7,40.1,100,26.45,15.65,0,61.83
409.7265625,23.4,21.45,40.1,100,26.45,15.65,0,61.83
409.734375,25.15,22.5,40.1,100,26.45,15.65,0,61.83
409.7421875,24.8,22.95,40.1,100,26.45,15.65,0,61.83
409.75,21.85,21.7,40.1,100,26.45,15.65,0,61.83
409.7578125,23.75,21.95,40.1,100,26.45,15.65,0,61.83
409.765625,23.9,21.2,40.1,100,26.45,15.65,0,61.83
409.7734375,25.8,23.05,40.1,100,26.45,15.65,0,61.83
409.78125,23.45,22.55,40.1,100,26.45,15.65,0,61.83
409.7890625,23.35,24.4,40.1,100,26.45,15.65,0,61.83
409.796875,23.15,25.35,40.1,100,26.45,15.65,0,61.83
409.8046875,26.95,28.15,40.1,100,26.45,15.65,0,61.83
409.8125,25.8,26.5,40.1,100,26.45,15.65,0,61.83
409.8203125,24.7,26.25,40.1,100,26.45,15.65,0,61.83
409.828125,22.9,25.35,40.1,100,26.45,15.65,0,61.83
409.8359375,22.55,26.45,40.1,100,26.45,15.65,0,61.83
409.84375,21.95,25.95,40.1,100,26.45,15.65,0,61.83
409.8515625,21.9,25.1,40.1,100,26.45,15.65,0,61.83
409.859375,23.4,25.25,40.1,100,26.45,15.65,0,61.83
409.8671875,25,26.45,40.1,100,26.45,15.65,0,61.83
409.875,30.5,29.95,40.1,100,26.45,15.65,0,61.83
409.8828125,35.85,33.4,40.1,100,26.45,15.65,0,61.83
409.890625,41.6,37.25,40.1,100,26.45,15.65,0,61.83
409.8984375,39.05,36.1,40.1,100,26.45,15.65,0,61.83
409.90625,36.2,35.8,40.1,100,26.45,15.65,0,61.83
409.9140625,32.1,33.65,40.1,100,26.45,15.65,0,61.83
409.921875,33.05,34.15,40.1,100,26.45,15.65,0,61.83
409.9296875,31.95,33.1,40.1,100,26.45,15.65,0,61.83
409.9375,34.65,35.65,40.1,100,26.45,15.65,0,61.83
409.9453125,38.25,37.5,40.1,100,26.45,15.65,0,61.83
409.953125,43.4,40.3,40.1,100,26.45,15.65,0,61.83
409.9609375,45.45,40.6,40.1,100,26.45,15.65,0,61.83
409.96875,46.05,40.7,40.1,100,26.45,15.65,0,61.83
409.9765625,46.65,40.7,40.1,100,26.45,15.65,0,61.83
409.984375,45.5,40.4,40.1,100,26.45,15.65,0,61.83
409.9921875,43.35,39.8,40.1,100,26.45,15.65,0,61.83
410,39.05,36.85,40.1,100,26.45,15.65,0,61.83
410.0078125,37.7,35.3,40.1,100,26.45,15.65,0,61.83
410.015625,33.5,32.4,40.1,100,26.45,15.65,0,61.83
410.0234375,29.95,31.75,40.1,100,26.45,15.65,0,61.83
410.03125,25.15,30.65,40.1,100,26.45,15.65,0,61.83
410.0390625,27.35,33,40.1,100,26.45,15.65,0,61.83
410.046875,27.7,31.55,40.1,100,26.45,15.65,0,61.83
410.0546875,28.6,30.8,40.1,100,26.45,15.65,0,61.83
410.0625,26.6,27.7,40.1,100,26.45,15.65,0,61.83
410.0703125,27.55,27.95,40.1,100,26.45,15.65,0,61.83
410.078125,28,27.45,40.1,100,26.45,15.65,0,61.83
410.0859375,29.9,28.05,40.1,100,26.45,15.65,0,61.83
410.09375,31.55,28.6,40.1,100,26.45,15.65,0,61.83
410.1015625,32.85,30.35,40.1,100,26.45,15.65,0,61.83
410.109375,34.2,31.9,40.1,100,26.45,15.65,0,61.83
410.1171875,32.9,31.75,40.1,100,26.45,15.65,0,61.83
410.125,31.3,31.8,40.1,100,26.45,15.65,0,61.83
410.1328125,26.35,29.35,40.1,100,26.45,15.65,0,61.83
410.140625,22.85,26.95,40.1,100,26.45,15.65,0,61.83
410.1484375,17.85,23.15,40.1,100,26.45,15.65,0,61.83
410.15625,18,23,42.9,100,26.6,15.83,0,61.74
410.1640625,16.6,21.7,42.9,100,26.6,15.83,0,61.74
410.171875,18.65,23,42.9,100,26.6,15.83,0,61.74
410.1796875,17.8,21.9,42.9,100,26.6,15.83,0,61.74
410.1875,18.6,22.6,42.9,100,26.6,15.83,0,61.74
410.1953125,16.6,21.4,42.9,100,26.6,15.83,0,61.74
410.203125,14.85,20.95,42.9,100,26.6,15.83,0,61.74
410.2109375,11.9,18.85,42.9,100,26.6,15.83,0,61.74
410.21875,10.55,17.55,42.9,100,26.6,15.83,0,61.74
410.2265625,11.05,15.7,42.9,100,26.6,15.83,0,61.74
410.234375,11.4,14.3,42.9,100,26.6,15.83,0,61.74
410.2421875,11.7,13.7,42.9,100,26.6,15.83,0,61.74
410.25,9.7,12.5,42.9,100,26.6,15.83,0,61.74
410.2578125,10.75,13.45,42.9,100,26.6,15.83,0,61.74
410.265625,10.15,13,42.9,100,26.6,15.83,0,61.74
410.2734375,11.4,13.55,42.9,100,26.6,15.83,0,61.74
410.28125,8.95,11.05,42.9,100,26.6,15.83,0,61.74
410.2890625,10,10.55,42.9,100,26.6,15.83,0,61.74
410.296875,11.15,10.25,42.9,100,26.6,15.83,0,61.74
410.3046875,14.95,13,42.9,100,26.6,15.83,0,61.74
410.3125,13.85,11.5,42.9,100,26.6,15.83,0,61.74
410.3203125,15.05,12.15,42.9,100,26.6,15.83,0,61.74
410.328125,14.35,12.4,42.9,100,26.6,15.83,0,61.74
410.3359375,10.35,11.75,42.9,100,26.6,15.83,0,61.74
410.34375,5.4,9.9,42.9,100,26.6,15.83,0,61.74
410.3515625,5.15,9.8,42.9,100,26.6,15.83,0,61.74
410.359375,8.95,10.5,42.9,100,26.6,15.83,0,61.74
410.3671875,10.55,10.35,42.9,100,26.6,15.83,0,61.74
410.375,10.6,9.8,42.9,100,26.6,15.83,0,61.74
410.3828125,8.45,7.45,42.9,100,26.6,15.83,0,61.74
410.390625,12.2,9.3,42.9,100,26.6,15.83,0,61.74
410.3984375,13.3,9.55,42.9,100,26.6,15.83,0,61.74
410.40625,16.2,11.55,42.9,100,26.6,15.83,0,61.74
410.4140625,15.75,11.1,42.9,100,26.6,15.83,0,61.74
410.421875,14.65,10.4,42.9,100,26.6,15.83,0,61.74
410.4296875,9.9,7.2,42.9,100,26.6,15.83,0,61.74
410.4375,11.45,9.3,42.9,100,26.6,15.83,0,61.74
410.4453125,11.3,7.85,42.9,100,26.6,15.83,0,61.74
410.453125,10.75,6.45,42.9,100,26.6,15.83,0,61.74
410.4609375,9.15,5.15,42.9,100,26.6,15.83,0,61.74
410.46875,8.85,5.95,42.9,100,26.6,15.83,0,61.74
410.4765625,8,5.6,42.9,100,26.6,15.83,0,61.74
410.484375,5.55,5.2,42.9,100,26.6,15.83,0,61.74
410.4921875,3.25,4.15,42.9,100,26.6,15.83,0,61.74
410.5,1.5,2.65,42.9,100,26.6,15.83,0,61.74
410.5078125,3.95,3.6,42.9,100,26.6,15.83,0,61.74
410.515625,4.3,2.7,42.9,100,26.6,15.83,0,61.74
410.5234375,7.05,3.6,42.9,100,26.6,15.83,0,61.74
410.53125,6.25,3.6,42.9,100,26.6,15.83,0,61.74
410.5390625,7.7,6.1,42.9,100,26.6,15.83,0,61.74
410.546875,8.55,5.8,42.9,100,26.6,15.83,0,61.74
410.5546875,14.5,8.2,42.9,100,26.6,15.83,0,61.74
410.5625,17.95,10.15,42.9,100,26.6,15.83,0,61.74
410.5703125,19.6,12.35,42.9,100,26.6,15.83,0,61.74
410.578125,17.25,10.75,42.9,100,26.6,15.83,0,61.74
410.5859375,16.7,11.2,42.9,100,26.6,15.83,0,61.74
410.59375,16.3,11.9,42.9,100,26.6,15.83,0,61.74
410.6015625,16,12.8,42.9,100,26.6,15.83,0,61.74
410.609375,18.1,14.1,42.9,100,26.6,15.83,0,61.74
410.6171875,16.7,13.75,42.9,100,26.6,15.83,0,61.74
410.625,15.2,12.9,42.9,100,26.6,15.83,0,61.74
410.6328125,13.25,12.3,42.9,100,26.6,15.83,0,61.74
410.640625,15.75,14.35,42.9,100,26.6,15.83,0,61.74
410.6484375,15.6,14,42.9,100,26.6,15.83,0,61.74
410.65625,18.25,16.25,42.9,100,26.6,15.83,0,61.74
410.6640625,18.25,15.9,42.9,100,26.6,15.83,0,61.74
410.671875,22.05,17.7,42.9,100,26.6,15.83,0,61.74
410.6796875,23.15,17.6,42.9,100,26.6,15.83,0,61.74
410.6875,25.65,18.3,42.9,100,26.6,15.83,0,61.74
410.6953125,26,17.5,42.9,100,26.6,15.83,0,61.74
410.703125,26.6,18.95,42.9,100,26.6,15.83,0,61.74
410.7109375,22.55,16.5,42.9,100,26.6,15.83,0,61.74
410.71875,19.35,14.45,42.9,100,26.6,15.83,0,61.74
410.7265625,20.55,14.95,42.9,100,26.6,15.83,0,61.74
410.734375,25.5,17.95,42.9,100,26.6,15.83,0,61.74
410.7421875,32.15,21.8,42.9,100,26.6,15.83,0,61.74
410.75,33.05,22.8,42.9,100,26.6,15.83,0,61.74
410.7578125,31.65,21.8,42.9,100,26.6,15.83,0,61.74
410.765625,26.9,18.2,42.9,100,26.6,15.83,0,61.74
410.7734375,25.7,17.35,42.9,100,26.6,15.83,0,61.74
410.78125,24.9,17,42.9,100,26.6,15.83,0,61.74
410.7890625,31.35,21.45,42.9,100,26.6,15.83,0,61.74
410.796875,35.85,21.75,42.9,100,26.6,15.83,0,61.74
410.8046875,38.55,21.35,42.9,100,26.6,15.83,0,61.74
410.8125,35.25,18.1,42.9,100,26.6,15.83,0,61.74
410.8203125,33.65,16.6,42.9,100,26.6,15.83,0,61.74
410.828125,31.9,14.35,42.9,100,26.6,15.83,0,61.74
410.8359375,32.65,15.55,42.9,100,26.6,15.83,0,61.74
410.84375,32.65,16.35,42.9,100,26.6,15.83,0,61.74
410.8515625,28.75,15.55,42.9,100,26.6,15.83,0,61.74
410.859375,23.1,13.2,42.9,100,26.6,15.83,0,61.74
410.8671875,20.45,11.55,42.9,100,26.6,15.83,0,61.74
410.875,22.9,11.9,42.9,100,26.6,15.83,0,61.74
410.8828125,24.9,12.2,42.9,100,26.6,15.83,0,61.74
410.890625,31.35,15.2,42.9,100,26.6,15.83,0,61.74
410.8984375,36.75,16.8,42.9,100,26.6,15.83,0,61.74
410.90625,44.95,20.9,42.9,100,26.6,15.83,0,61.74
410.9140625,47.9,22.35,42.9,100,26.6,15.83,0,61.74
410.921875,48.1,23.35,42.9,100,26.6,15.83,0,61.74
410.9296875,44.35,22,42.9,100,26.6,15.83,0,61.74
410.9375,45.25,24.65,42.9,100,26.6,15.83,0,61.74
410.9453125,43.5,23.1,42.9,100,26.6,15.83,0,61.74
410.953125,43.4,21.15,42.9,100,26.6,15.83,0,61.74
410.9609375,44.85,19.8,42.9,100,26.6,15.83,0,61.74
410.96875,46.7,21.2,42.9,100,26.6,15.83,0,61.74
410.9765625,47.5,22.75,42.9,100,26.6,15.83,0,61.74
410.984375,48.4,23.4,42.9,100,26.6,15.83,0,61.74
410.9921875,50.5,23,42.9,100,26.6,15.83,0,61.74
411,49.75,22.65,42.9,100,26.6,15.83,0,61.74
411.0078125,46.25,21.9,42.9,100,26.6,15.83,0,61.74
411.015625,38.15,17.15,42.9,100,26.6,15.83,0,61.74
411.0234375,37.7,15.85,42.9,100,26.6,15.83,0,61.74
411.03125,39.35,14.45,42.9,100,26.6,15.83,0,61.74
411.0390625,42.1,16,42.9,100,26.6,15.83,0,61.74
411.046875,39.1,17.05,42.9,100,26.6,15.83,0,61.74
411.0546875,38.45,20.15,42.9,100,26.6,15.83,0,61.74
411.0625,36.6,18,42.9,100,26.6,15.83,0,61.74
411.0703125,38.2,17.25,42.9,100,26.6,15.83,0,61.74
411.078125,40.1,16.9,42.9,100,26.6,15.83,0,61.74
411.0859375,44.4,20.65,42.9,100,26.6,15.83,0,61.74
411.09375,46.15,23.55,42.9,100,26.6,15.83,0,61.74
411.1015625,45.85,25.35,42.9,100,26.6,15.83,0,61.74
411.109375,43.7,24,42.9,100,26.6,15.83,0,61.74
411.1171875,40.45,21.45,42.9,100,26.6,15.83,0,61.74
411.125,40.9,21.65,42.9,100,26.6,15.83,0,61.74
411.1328125,44.3,23.85,42.9,100,26.6,15.83,0,61.74
411.140625,53.15,29,42.9,100,26.6,15.83,0,61.74
411.1484375,55.9,31.1,42.9,100,26.6,15.83,0,61.74
411.15625,50.85,30.25,42.7,100,26.43,15.9,0,61.67
411.1640625,35.8,23.75,42.7,100,26.43,15.9,0,61.67
411.171875,24.85,19.05,42.7,100,26.43,15.9,0,61.67
411.1796875,17.95,14.15,42.7,100,26.43,15.9,0,61.67
411.1875,19.4,14.65,42.7,100,26.43,15.9,0,61.67
411.1953125,17.1,13.1,42.7,100,26.43,15.9,0,61.67
411.203125,12.35,10.65,42.7,100,26.43,15.9,0,61.67
411.2109375,8.7,8.45,42.7,100,26.43,15.9,0,61.67
411.21875,10.75,10.55,42.7,100,26.43,15.9,0,61.67
411.2265625,15.75,11.9,42.7,100,26.43,15.9,0,61.67
411.234375,21.9,13.8,42.7,100,26.43,15.9,0,61.67
411.2421875,27.4,16.75,42.7,100,26.43,15.9,0,61.67
411.25,29.45,17.35,42.7,100,26.43,15.9,0,61.67
411.2578125,33.8,19.35,42.7,100,26.43,15.9,0,61.67
411.265625,33.85,19.5,42.7,100,26.43,15.9,0,61.67
411.2734375,31.7,17.85,42.7,100,26.43,15.9,0,61.67
411.28125,26.4,14.15,42.7,100,26.43,15.9,0,61.67
411.2890625,25.1,14.6,42.7,100,26.43,15.9,0,61.67
411.296875,21.7,11.65,42.7,100,26.43,15.9,0,61.67
411.3046875,24.65,10.9,42.7,100,26.43,15.9,0,61.67
411.3125,24.1,9.15,42.7,100,26.43,15.9,0,61.67
411.3203125,18.3,8.4,42.7,100,26.43,15.9,0,61.67
411.328125,9.7,5.45,42.7,100,26.43,15.9,0,61.67
411.3359375,8.55,5.4,42.7,100,26.43,15.9,0,61.67
411.34375,12.45,7,42.7,100,26.43,15.9,0,61.67
411.3515625,19.1,10.2,42.7,100,26.43,15.9,0,61.67
411.359375,23.65,11.35,42.7,100,26.43,15.9,0,61.67
411.3671875,21.3,10.95,42.7,100,26.43,15.9,0,61.67
411.375,21.15,13.8,42.7,100,26.43,15.9,0,61.67
411.3828125,23.75,15.75,42.7,100,26.43,15.9,0,61.67
411.390625,28.05,16.75,42.7,100,26.43,15.9,0,61.67
411.3984375,26.8,14.2,42.7,100,26.43,15.9,0,61.67
411.40625,27.9,13.95,42.7,100,26.43,15.9,0,61.67
411.4140625,26.75,13.35,42.7,100,26.43,15.9,0,61.67
411.421875,28.5,15.5,42.7,100,26.43,15.9,0,61.67
411.4296875,27.25,13.85,42.7,100,26.43,15.9,0,61.67
411.4375,30.35,15.45,42.7,100,26.43,15.9,0,61.67
411.4453125,32,15.35,42.7,100,26.43,15.9,0,61.67
411.453125,34.65,15.7,42.7,100,26.43,15.9,0,61.67
411.4609375,35.4,16.4,42.7,100,26.43,15.9,0,61.67
411.46875,36.85,20,42.7,100,26.43,15.9,0,61.67
411.4765625,37.75,20.85,42.7,100,26.43,15.9,0,61.67
411.484375,39.05,21,42.7,100,26.43,15.9,0,61.67
411.4921875,41.25,21.45,42.7,100,26.43,15.9,0,61.67
411.5,37.85,18.35,42.7,100,26.43,15.9,0,61.67
411.5078125,35.2,16.25,42.7,100,26.43,15.9,0,61.67
411.515625,35.75,16.45,42.7,100,26.43,15.9,0,61.67
411.5234375,41.85,19.8,42.7,100,26.43,15.9,0,61.67
411.53125,41.1,18.65,42.7,100,26.43,15.9,0,61.67
411.5390625,39.8,16.95,42.7,100,26.43,15.9,0,61.67
411.546875,39.05,14.05,42.7,100,26.43,15.9,0,61.67
411.5546875,44.45,17.1,42.7,100,26.43,15.9,0,61.67
411.5625,43.45,17.2,42.7,100,26.43,15.9,0,61.67
411.5703125,41.35,17,42.7,100,26.43,15.9,0,61.67
411.578125,37.65,15.65,42.7,100,26.43,15.9,0,61.67
411.5859375,35,16.45,42.7,100,26.43,15.9,0,61.67
411.59375,34.1,17.2,42.7,100,26.43,15.9,0,61.67
411.6015625,39.3,20.25,42.7,100,26.43,15.9,0,61.67
411.609375,45.5,21.4,42.7,100,26.43,15.9,0,61.67
411.6171875,47.2,20.3,42.7,100,26.43,15.9,0,61.67
411.625,48.45,21.1,42.7,100,26.43,15.9,0,61.67
411.6328125,46.7,21.25,42.7,100,26.43,15.9,0,61.67
411.640625,48.25,22.6,42.7,100,26.43,15.9,0,61.67
411.6484375,50.5,23.75,42.7,100,26.43,15.9,0,61.67
411.65625,52,25.1,42.7,100,26.43,15.9,0,61.67
411.6640625,44.5,20.9,42.7,100,26.43,15.9,0,61.67
411.671875,42.85,21.3,42.7,100,26.43,15.9,0,61.67
411.6796875,43.05,21.35,42.7,100,26.43,15.9,0,61.67
411.6875,42.65,20.1,42.7,100,26.43,15.9,0,61.67
411.6953125,36.35,15.3,42.7,100,26.43,15.9,0,61.67
411.703125,33.65,15.25,42.7,100,26.43,15.9,0,61.67
411.7109375,33.4,16.1,42.7,100,26.43,15.9,0,61.67
411.71875,36.75,19.1,42.7,100,26.43,15.9,0,61.67
411.7265625,39,19.55,42.7,100,26.43,15.9,0,61.67
411.734375,36.6,17.05,42.7,100,26.43,15.9,0,61.67
411.7421875,35.05,16.25,42.7,100,26.43,15.9,0,61.67
411.75,35.4,18.1,42.7,100,26.43,15.9,0,61.67
411.7578125,36.15,18.8,42.7,100,26.43,15.9,0,61.67
411.765625,33.7,16.5,42.7,100,26.43,15.9,0,61.67
411.7734375,38.9,18.2,42.7,100,26.43,15.9,0,61.67
411.78125,42.9,18.7,42.7,100,26.43,15.9,0,61.67
411.7890625,45.2,20.65,42.7,100,26.43,15.9,0,61.67
411.796875,40.3,19.75,42.7,100,26.43,15.9,0,61.67
411.8046875,38.7,20.4,42.7,100,26.43,15.9,0,61.67
411.8125,37.2,18.55,42.7,100,26.43,15.9,0,61.67
411.8203125,38.25,18.3,42.7,100,26.43,15.9,0,61.67
411.828125,36.65,17.55,42.7,100,26.43,15.9,0,61.67
411.8359375,39.5,21.9,42.7,100,26.43,15.9,0,61.67
411.84375,42.7,25.4,42.7,100,26.43,15.9,0,61.67
411.8515625,41.8,25.6,42.7,100,26.43,15.9,0,61.67
411.859375,37.15,22.9,42.7,100,26.43,15.9,0,61.67
411.8671875,32.75,20.15,42.7,100,26.43,15.9,0,61.67
411.875,31.8,17.75,42.7,100,26.43,15.9,0,61.67
411.8828125,33.35,17.45,42.7,100,26.43,15.9,0,61.67
411.890625,40.45,22.8,42.7,100,26.43,15.9,0,61.67
411.8984375,44.5,26.7,42.7,100,26.43,15.9,0,61.67
411.90625,45.35,28,42.7,100,26.43,15.9,0,61.67
411.9140625,38.8,23.9,42.7,100,26.43,15.9,0,61.67
411.921875,36.1,21.25,42.7,100,26.43,15.9,0,61.67
411.9296875,35.85,18.35,42.7,100,26.43,15.9,0,61.67
411.9375,40.6,19.1,42.7,100,26.43,15.9,0,61.67
411.9453125,44.75,20.6,42.7,100,26.43,15.9,0,61.67
411.953125,46.65,24.2,42.7,100,26.43,15.9,0,61.67
411.9609375,39.8,23.25,42.7,100,26.43,15.9,0,61.67
411.96875,33.3,21.65,42.7,100,26.43,15.9,0,61.67
411.9765625,31.5,19.7,42.7,100,26.43,15.9,0,61.67
411.984375,31.1,17.6,42.7,100,26.43,15.9,0,61.67
411.9921875,31.5,16.3,42.7,100,26.43,15.9,0,61.67
412,30.8,15.85,42.7,100,26.43,15.9,0,61.67
412.0078125,34.15,18.9,42.7,100,26.43,15.9,0,61.67
412.015625,37.4,22.15,42.7,100,26.43,15.9,0,61.67
412.0234375,42.7,26.45,42.7,100,26.43,15.9,0,61.67
412.03125,43.85,27.7,42.7,100,26.43,15.9,0,61.67
412.0390625,46.05,29.5,42.7,100,26.43,15.9,0,61.67
412.046875,41.75,26.45,42.7,100,26.43,15.9,0,61.67
412.0546875,43,27,42.7,100,26.43,15.9,0,61.67
412.0625,44.45,27.1,42.7,100,26.43,15.9,0,61.67
412.0703125,44.7,27.7,42.7,100,26.43,15.9,0,61.67
412.078125,41.65,25.45,42.7,100,26.43,15.9,0,61.67
412.0859375,44,27.55,42.7,100,26.43,15.9,0,61.67
412.09375,46.3,29.8,42.7,100,26.43,15.9,0,61.67
412.1015625,48.2,32.2,42.7,100,26.43,15.9,0,61.67
412.109375,48.9,31.65,42.7,100,26.43,15.9,0,61.67
412.1171875,47.05,28.5,42.7,100,26.43,15.9,0,61.67
412.125,47.25,26,42.7,100,26.43,15.9,0,61.67
412.1328125,46.45,23.7,42.7,100,26.43,15.9,0,61.67
412.140625,46.8,25,42.7,100,26.43,15.9,0,61.67
412.1484375,44.5,26.75,42.7,100,26.43,15.9,0,61.67
412.15625,43.35,29.1,42.7,100,26.23,15.8,0,61.54
412.1640625,41.4,28.45,42.7,100,26.23,15.8,0,61.54
412.171875,47,30.65,42.7,100,26.23,15.8,0,61.54
412.1796875,50.3,30.65,42.7,100,26.23,15.8,0,61.54
412.1875,54.1,34.15,42.7,100,26.23,15.8,0,61.54
412.1953125,53.6,34.85,42.7,100,26.23,15.8,0,61.54
412.203125,52.5,34.9,42.7,100,26.23,15.8,0,61.54
412.2109375,52.65,34.75,42.7,100,26.23,15.8,0,61.54
412.21875,57.3,38.95,42.7,100,26.23,15.8,0,61.54
412.2265625,57.45,41.05,42.7,100,26.23,15.8,0,61.54
412.234375,52.4,40.3,42.7,100,26.23,15.8,0,61.54
412.2421875,50.85,39.7,42.7,100,26.23,15.8,0,61.54
412.25,53.35,40.3,42.7,100,26.23,15.8,0,61.54
412.2578125,60.25,43,42.7,100,26.23,15.8,0,61.54
412.265625,61.35,42.55,42.7,100,26.23,15.8,0,61.54
412.2734375,59.45,42.95,42.7,100,26.23,15.8,0,61.54
412.28125,52.9,41,42.7,100,26.23,15.8,0,61.54
412.2890625,50.1,40.9,42.7,100,26.23,15.8,0,61.54
412.296875,47.45,39.05,42.7,100,26.23,15.8,0,61.54
412.3046875,51.85,41.75,42.7,100,26.23,15.8,0,61.54
412.3125,51.5,42.1,42.7,100,26.23,15.8,0,61.54
412.3203125,47.1,42.45,42.7,100,26.23,15.8,0,61.54
412.328125,39.9,39.25,42.7,100,26.23,15.8,0,61.54
412.3359375,37.25,37.7,42.7,100,26.23,15.8,0,61.54
412.34375,35.4,35.65,42.7,100,26.23,15.8,0,61.54
412.3515625,33.5,33.4,42.7,100,26.23,15.8,0,61.54
412.359375,30.6,29,42.7,100,26.23,15.8,0,61.54
412.3671875,28.8,26.35,42.7,100,26.23,15.8,0,61.54
412.375,31.6,27.3,42.7,100,26.23,15.8,0,61.54
412.3828125,30.95,26.95,42.7,100,26.23,15.8,0,61.54
412.390625,28.8,26.3,42.7,100,26.23,15.8,0,61.54
412.3984375,23.8,23.25,42.7,100,26.23,15.8,0,61.54
412.40625,23.2,22.05,42.7,100,26.23,15.8,0,61.54
412.4140625,22.8,19.5,42.7,100,26.23,15.8,0,61.54
412.421875,25.85,19.1,42.7,100,26.23,15.8,0,61.54
412.4296875,23.75,17.05,42.7,100,26.23,15.8,0,61.54
412.4375,23.15,18.95,42.7,100,26.23,15.8,0,61.54
412.4453125,19.5,18.4,42.7,100,26.23,15.8,0,61.54
412.453125,17.6,18.05,42.7,100,26.23,15.8,0,61.54
412.4609375,15.15,15.85,42.7,100,26.23,15.8,0,61.54
412.46875,14.15,15.1,42.7,100,26.23,15.8,0,61.54
412.4765625,15.2,14.9,42.7,100,26.23,15.8,0,61.54
412.484375,19.15,16.45,42.7,100,26.23,15.8,0,61.54
412.4921875,22.25,17.8,42.7,100,26.23,15.8,0,61.54
412.5,21.5,17.6,42.7,100,26.23,15.8,0,61.54
412.5078125,20.75,17.75,42.7,100,26.23,15.8,0,61.54
412.515625,18.55,16.6,42.7,100,26.23,15.8,0,61.54
412.5234375,23.65,18.75,42.7,100,26.23,15.8,0,61.54
412.53125,28.1,19.85,42.7,100,26.23,15.8,0,61.54
412.5390625,29.15,20.8,42.7,100,26.23,15.8,0,61.54
412.546875,20.95,16.6,42.7,100,26.23,15.8,0,61.54
412.5546875,15.85,14.45,42.7,100,26.23,15.8,0,61.54
412.5625,12.2,12.1,42.7,100,26.23,15.8,0,61.54
412.5703125,14.05,14.15,42.7,100,26.23,15.8,0,61.54
412.578125,14.65,15.25,42.7,100,26.23,15.8,0,61.54
412.5859375,17.4,17.3,42.7,100,26.23,15.8,0,61.54
412.59375,17.45,15.7,42.7,100,26.23,15.8,0,61.54
412.6015625,15.6,14.15,42.7,100,26.23,15.8,0,61.54
412.609375,14.9,12.6,42.7,100,26.23,15.8,0,61.54
412.6171875,14.7,10.6,42.7,100,26.23,15.8,0,61.54
412.625,14.7,8.85,42.7,100,26.23,15.8,0,61.54
412.6328125,15.45,9.2,42.7,100,26.23,15.8,0,61.54
412.640625,21.15,13.45,42.7,100,26.23,15.8,0,61.54
412.6484375,21.1,14.65,42.7,100,26.23,15.8,0,61.54
412.65625,17.6,14.4,42.7,100,26.23,15.8,0,61.54
412.6640625,10.65,10.75,42.7,100,26.23,15.8,0,61.54
412.671875,7.85,8.05,42.7,100,26.23,15.8,0,61.54
412.6796875,3,3.7,42.7,100,26.23,15.8,0,61.54
412.6875,2.85,3.55,42.7,100,26.23,15.8,0,61.54
412.6953125,5,4.25,42.7,100,26.23,15.8,0,61.54
412.703125,12.05,9.3,42.7,100,26.23,15.8,0,61.54
412.7109375,16.75,13.4,42.7,100,26.23,15.8,0,61.54
412.71875,20,16.85,42.7,100,26.23,15.8,0,61.54
412.7265625,21.9,17.9,42.7,100,26.23,15.8,0,61.54
412.734375,20.9,17.75,42.7,100,26.23,15.8,0,61.54
412.7421875,17.05,16.6,42.7,100,26.23,15.8,0,61.54
412.75,15.85,17,42.7,100,26.23,15.8,0,61.54
412.7578125,19.8,19.7,42.7,100,26.23,15.8,0,61.54
412.765625,19.55,20.05,42.7,100,26.23,15.8,0,61.54
412.7734375,21.55,22.3,42.7,100,26.23,15.8,0,61.54
412.78125,22.25,22.8,42.7,100,26.23,15.8,0,61.54
412.7890625,25.1,25.45,42.7,100,26.23,15.8,0,61.54
412.796875,24,25.25,42.7,100,26.23,15.8,0,61.54
412.8046875,21.3,25.4,42.7,100,26.23,15.8,0,61.54
412.8125,12.25,22.5,42.7,100,26.23,15.8,0,61.54
412.8203125,8.25,23.75,42.7,100,26.23,15.8,0,61.54
412.828125,5.5,24.1,42.7,100,26.23,15.8,0,61.54
412.8359375,5.9,26,42.7,100,26.23,15.8,0,61.54
412.84375,8.45,26.8,42.7,100,26.23,15.8,0,61.54
412.8515625,13.1,28.9,42.7,100,26.23,15.8,0,61.54
412.859375,16.1,29.9,42.7,100,26.23,15.8,0,61.54
412.8671875,17.65,30.5,42.7,100,26.23,15.8,0,61.54
412.875,22.3,32.8,42.7,100,26.23,15.8,0,61.54
412.8828125,29.75,37.45,42.7,100,26.23,15.8,0,61.54
412.890625,37.55,43.8,42.7,100,26.23,15.8,0,61.54
412.8984375,33.15,43.3,42.7,100,26.23,15.8,0,61.54
412.90625,24.1,39.5,42.7,100,26.23,15.8,0,61.54
412.9140625,12.75,32.95,42.7,100,26.23,15.8,0,61.54
412.921875,7.6,30.6,42.7,100,26.23,15.8,0,61.54
412.9296875,4.9,28.75,42.7,100,26.23,15.8,0,61.54
412.9375,8.65,31.25,42.7,100,26.23,15.8,0,61.54
412.9453125,11.8,31.95,42.7,100,26.23,15.8,0,61.54
412.953125,18.5,35.25,42.7,100,26.23,15.8,0,61.54
412.9609375,24.95,38.3,42.7,100,26.23,15.8,0,61.54
412.96875,29.35,40.5,42.7,100,26.23,15.8,0,61.54
412.9765625,28.3,39.5,42.7,100,26.23,15.8,0,61.54
412.984375,25.05,39.45,42.7,100,26.23,15.8,0,61.54
412.9921875,21.3,38.75,42.7,100,26.23,15.8,0,61.54
413,14.9,35.7,42.7,100,26.23,15.8,0,61.54
413.0078125,13.9,34.6,42.7,100,26.23,15.8,0,61.54
413.015625,16.35,34.45,42.7,100,26.23,15.8,0,61.54
413.0234375,20.55,35.1,42.7,100,26.23,15.8,0,61.54
413.03125,18.15,32.35,42.7,100,26.23,15.8,0,61.54
413.0390625,17.45,32.1,42.7,100,26.23,15.8,0,61.54
413.046875,14.4,30.65,42.7,100,26.23,15.8,0,61.54
413.0546875,14.95,31.5,42.7,100,26.23,15.8,0,61.54
413.0625,10.6,28.3,42.7,100,26.23,15.8,0,61.54
413.0703125,8.7,27.1,42.7,100,26.23,15.8,0,61.54
413.078125,8.45,25.5,42.7,100,26.23,15.8,0,61.54
413.0859375,11.45,26.35,42.7,100,26.23,15.8,0,61.54
413.09375,10.85,24.85,42.7,100,26.23,15.8,0,61.54
413.1015625,10.95,24.6,42.7,100,26.23,15.8,0,61.54
413.109375,12.4,25.3,42.7,100,26.23,15.8,0,61.54
413.1171875,12.4,26.3,42.7,100,26.23,15.8,0,61.54
413.125,12.65,27.4,42.7,100,26.23,15.8,0,61.54
413.1328125,12.2,28.6,42.7,100,26.23,15.8,0,61.54
413.140625,15.75,30.55,42.7,100,26.23,15.8,0,61.54
413.1484375,18.5,30.5,42.7,100,26.23,15.8,0,61.54
413.15625,22.8,32.85,42.2,100,26.36,15.66,0,61.6
413.1640625,23.3,33.05,42.2,100,26.36,15.66,0,61.6
413.171875,24.7,33.85,42.2,100,26.36,15.66,0,61.6
413.1796875,20.7,31.7,42.2,100,26.36,15.66,0,61.6
413.1875,16.7,31,42.2,100,26.36,15.66,0,61.6
413.1953125,11.05,28.5,42.2,100,26.36,15.66,0,61.6
413.203125,9.65,28.15,42.2,100,26.36,15.66,0,61.6
413.2109375,10.55,27.8,42.2,100,26.36,15.66,0,61.6
413.21875,16.05,29.8,42.2,100,26.36,15.66,0,61.6
413.2265625,22.4,30.3,42.2,100,26.36,15.66,0,61.6
413.234375,28.8,32.35,42.2,100,26.36,15.66,0,61.6
413.2421875,36.2,37.65,42.2,100,26.36,15.66,0,61.6
413.25,42.1,43.4,42.2,100,26.36,15.66,0,61.6
413.2578125,45.9,48.65,42.2,100,26.36,15.66,0,61.6
413.265625,42,49.6,42.2,100,26.36,15.66,0,61.6
413.2734375,37.2,48.35,42.2,100,26.36,15.66,0,61.6
413.28125,29,43.95,42.2,100,26.36,15.66,0,61.6
413.2890625,25.6,41.5,42.2,100,26.36,15.66,0,61.6
413.296875,22.65,37.35,42.2,100,26.36,15.66,0,61.6
413.3046875,28.15,40.5,42.2,100,26.36,15.66,0,61.6
413.3125,35.1,44.4,42.2,100,26.36,15.66,0,61.6
413.3203125,44.45,50.4,42.2,100,26.36,15.66,0,61.6
413.328125,48.15,53.85,42.2,100,26.36,15.66,0,61.6
413.3359375,51.15,57.75,42.2,100,26.36,15.66,0,61.6
413.34375,51.7,57.9,42.2,100,26.36,15.66,0,61.6
413.3515625,52.15,59,42.2,100,26.36,15.66,0,61.6
413.359375,50.9,57.95,42.2,100,26.36,15.66,0,61.6
413.3671875,49.8,56.9,42.2,100,26.36,15.66,0,61.6
413.375,51.05,57.3,42.2,100,26.36,15.66,0,61.6
413.3828125,48.65,55.1,42.2,100,26.36,15.66,0,61.6
413.390625,45,53.45,42.2,100,26.36,15.66,0,61.6
413.3984375,42.65,53.9,42.2,100,26.36,15.66,0,61.6
413.40625,46.95,57.05,42.2,100,26.36,15.66,0,61.6
413.4140625,46.75,55.95,42.2,100,26.36,15.66,0,61.6
413.421875,47.4,56.25,42.2,100,26.36,15.66,0,61.6
413.4296875,45.5,54.55,42.2,100,26.36,15.66,0,61.6
413.4375,45.6,54.7,42.2,100,26.36,15.66,0,61.6
413.4453125,44.8,53.75,42.2,100,26.36,15.66,0,61.6
413.453125,49.1,56.6,42.2,100,26.36,15.66,0,61.6
413.4609375,51.35,57.4,42.2,100,26.36,15.66,0,61.6
413.46875,54.35,59,42.2,100,26.36,15.66,0,61.6
413.4765625,53.35,57.85,42.2,100,26.36,15.66,0,61.6
413.484375,47.8,53.75,42.2,100,26.36,15.66,0,61.6
413.4921875,44.2,50.2,42.2,100,26.36,15.66,0,61.6
413.5,46.5,50.95,42.2,100,26.36,15.66,0,61.6
413.5078125,54,54.6,42.2,100,26.36,15.66,0,61.6
413.515625,56.55,54.7,42.2,100,26.36,15.66,0,61.6
413.5234375,56.25,53.85,42.2,100,26.36,15.66,0,61.6
413.53125,52.85,51.15,42.2,100,26.36,15.66,0,61.6
413.5390625,55.75,52.7,42.2,100,26.36,15.66,0,61.6
413.546875,56.75,53.55,42.2,100,26.36,15.66,0,61.6
413.5546875,62.05,58.15,42.2,100,26.36,15.66,0,61.6
413.5625,63.2,59.5,42.2,100,26.36,15.66,0,61.6
413.5703125,62.45,59.5,42.2,100,26.36,15.66,0,61.6
413.578125,58.5,56,42.2,100,26.36,15.66,0,61.6
413.5859375,58.8,55.35,42.2,100,26.36,15.66,0,61.6
413.59375,59.2,54.1,42.2,100,26.36,15.66,0,61.6
413.6015625,61.1,55,42.2,100,26.36,15.66,0,61.6
413.609375,61.5,56.15,42.2,100,26.36,15.66,0,61.6
413.6171875,59.55,57.4,42.2,100,26.36,15.66,0,61.6
413.625,59.9,59.2,42.2,100,26.36,15.66,0,61.6
413.6328125,61.2,59.35,42.2,100,26.36,15.66,0,61.6
413.640625,66.35,61.4,42.2,100,26.36,15.66,0,61.6
413.6484375,68.05,62.4,42.2,100,26.36,15.66,0,61.6
413.65625,69.6,64.35,42.2,100,26.36,15.66,0,61.6
413.6640625,67.25,63.55,42.2,100,26.36,15.66,0,61.6
413.671875,67.05,64.7,42.2,100,26.36,15.66,0,61.6
413.6796875,63.75,62.5,42.2,100,26.36,15.66,0,61.6
413.6875,63.75,61.6,42.2,100,26.36,15.66,0,61.6
413.6953125,61.6,59.4,42.2,100,26.36,15.66,0,61.6
413.703125,61.75,60.35,42.2,100,26.36,15.66,0,61.6
413.7109375,63.35,61.45,42.2,100,26.36,15.66,0,61.6
413.71875,69.35,65.9,42.2,100,26.36,15.66,0,61.6
413.7265625,76.15,69.9,42.2,100,26.36,15.66,0,61.6
413.734375,82.9,73.2,42.2,100,26.36,15.66,0,61.6
413.7421875,90.5,75.9,42.2,100,26.36,15.66,0,61.6
413.75,95.35,76.75,42.2,100,26.36,15.66,0,61.6
413.7578125,97.45,75.3,42.2,100,26.36,15.66,0,61.6
413.765625,94.65,72.3,42.2,100,26.36,15.66,0,61.6
413.7734375,95.5,73.5,42.2,100,26.36,15.66,0,61.6
413.78125,93.6,74.65,42.2,100,26.36,15.66,0,61.6
413.7890625,94.8,77.85,42.2,100,26.36,15.66,0,61.6
413.796875,92.45,76.5,42.2,100,26.36,15.66,0,61.6
413.8046875,91.3,75,42.2,100,26.36,15.66,0,61.6
413.8125,87,69.85,42.2,100,26.36,15.66,0,61.6
413.8203125,87.45,68.05,42.2,100,26.36,15.66,0,61.6
413.828125,86.45,66.1,42.2,100,26.36,15.66,0,61.6
413.8359375,87,67.3,42.2,100,26.36,15.66,0,61.6
413.84375,87.5,68.3,42.2,100,26.36,15.66,0,61.6
413.8515625,89.65,70.75,42.2,100,26.36,15.66,0,61.6
413.859375,89.85,71.25,42.2,100,26.36,15.66,0,61.6
413.8671875,87.55,70.75,42.2,100,26.36,15.66,0,61.6
413.875,84.15,69.85,42.2,100,26.36,15.66,0,61.6
413.8828125,79.05,68.45,42.2,100,26.36,15.66,0,61.6
413.890625,76.9,68.7,42.2,100,26.36,15.66,0,61.6
413.8984375,72.6,66.65,42.2,100,26.36,15.66,0,61.6
413.90625,71.5,65.9,42.2,100,26.36,15.66,0,61.6
413.9140625,70.35,64.75,42.2,100,26.36,15.66,0,61.6
413.921875,72.5,65.65,42.2,100,26.36,15.66,0,61.6
413.9296875,72.35,64.1,42.2,100,26.36,15.66,0,61.6
413.9375,76.25,66.65,42.2,100,26.36,15.66,0,61.6
413.9453125,76.35,66.25,42.2,100,26.36,15.66,0,61.6
413.953125,77.1,66.15,42.2,100,26.36,15.66,0,61.6
413.9609375,75.7,64,42.2,100,26.36,15.66,0,61.6
413.96875,72.55,61.45,42.2,100,26.36,15.66,0,61.6
413.9765625,67.9,57.8,42.2,100,26.36,15.66,0,61.6
413.984375,65.15,57.15,42.2,100,26.36,15.66,0,61.6
413.9921875,62.95,57,42.2,100,26.36,15.66,0,61.6
414,60.55,56.7,42.2,100,26.36,15.66,0,61.6
414.0078125,61.75,57.7,42.2,100,26.36,15.66,0,61.6
414.015625,61.4,56.35,42.2,100,26.36,15.66,0,61.6
414.0234375,63.2,55.75,42.2,100,26.36,15.66,0,61.6
414.03125,62.75,54.15,42.2,100,26.36,15.66,0,61.6
414.0390625,63.5,54.9,42.2,100,26.36,15.66,0,61.6
414.046875,60.95,54.4,42.2,100,26.36,15.66,0,61.6
414.0546875,63.9,57.75,42.2,100,26.36,15.66,0,61.6
414.0625,63.35,57.35,42.2,100,26.36,15.66,0,61.6
414.0703125,61.75,56.3,42.2,100,26.36,15.66,0,61.6
414.078125,55.3,52.05,42.2,100,26.36,15.66,0,61.6
414.0859375,50.7,50.1,42.2,100,26.36,15.66,0,61.6
414.09375,49.55,49.8,42.2,100,26.36,15.66,0,61.6
414.1015625,55.35,53.1,42.2,100,26.36,15.66,0,61.6
414.109375,60.75,54.4,42.2,100,26.36,15.66,0,61.6
414.1171875,63.1,54.15,42.2,100,26.36,15.66,0,61.6
414.125,65.55,54.3,42.2,100,26.36,15.66,0,61.6
414.1328125,64.65,53.95,42.2,100,26.36,15.66,0,61.6
414.140625,66.7,55.85,42.2,100,26.36,15.66,0,61.6
414.1484375,66.6,55.8,42.2,100,26.36,15.66,0,61.6
414.15625,66.35,56.55,42,100,26.24,15.65,0,61.47
414.1640625,64.15,55.05,42,100,26.24,15.65,0,61.47
414.171875,65.9,55.7,42,100,26.24,15.65,0,61.47
414.1796875,61.75,52.2,42,100,26.24,15.65,0,61.47
414.1875,60.55,51.2,42,100,26.24,15.65,0,61.47
414.1953125,57.8,49,42,100,26.24,15.65,0,61.47
414.203125,56,49.7,42,100,26.24,15.65,0,61.47
414.2109375,54.35,50.15,42,100,26.24,15.65,0,61.47
414.21875,57,52.5,42,100,26.24,15.65,0,61.47
414.2265625,61.65,54.45,42,100,26.24,15.65,0,61.47
414.234375,67.85,58.45,42,100,26.24,15.65,0,61.47
414.2421875,70.9,60.9,42,100,26.24,15.65,0,61.47
414.25,69,60.2,42,100,26.24,15.65,0,61.47
414.2578125,68.25,59.35,42,100,26.24,15.65,0,61.47
414.265625,66.7,57.9,42,100,26.24,15.65,0,61.47
414.2734375,68.15,57.9,42,100,26.24,15.65,0,61.47
414.28125,66.8,56,42,100,26.24,15.65,0,61.47
414.2890625,68.6,56.65,42,100,26.24,15.65,0,61.47
414.296875,68.75,55.75,42,100,26.24,15.65,0,61.47
414.3046875,70.6,55.9,42,100,26.24,15.65,0,61.47
414.3125,67.65,52.4,42,100,26.24,15.65,0,61.47
414.3203125,69.05,52.6,42,100,26.24,15.65,0,61.47
414.328125,69.75,52.55,42,100,26.24,15.65,0,61.47
414.3359375,68.45,53.5,42,100,26.24,15.65,0,61.47
414.34375,61.85,52,42,100,26.24,15.65,0,61.47
414.3515625,56.35,50.8,42,100,26.24,15.65,0,61.47
414.359375,53.8,48.65,42,100,26.24,15.65,0,61.47
414.3671875,53.35,47.95,42,100,26.24,15.65,0,61.47
414.375,53.85,48.1,42,100,26.24,15.65,0,61.47
414.3828125,52.25,47,42,100,26.24,15.65,0,61.47
414.390625,50.7,46.55,42,100,26.24,15.65,0,61.47
414.3984375,44.5,43.4,42,100,26.24,15.65,0,61.47
414.40625,41.9,41.45,42,100,26.24,15.65,0,61.47
414.4140625,37.5,36.25,42,100,26.24,15.65,0,61.47
414.421875,37.2,34.15,42,100,26.24,15.65,0,61.47
414.4296875,38,33.35,42,100,26.24,15.65,0,61.47
414.4375,41.05,35.45,42,100,26.24,15.65,0,61.47
414.4453125,36.95,31.85,42,100,26.24,15.65,0,61.47
414.453125,34.25,29.95,42,100,26.24,15.65,0,61.47
414.4609375,32.45,28.75,42,100,26.24,15.65,0,61.47
414.46875,33.4,30.35,42,100,26.24,15.65,0,61.47
414.4765625,33.75,30.35,42,100,26.24,15.65,0,61.47
414.484375,34.25,31.5,42,100,26.24,15.65,0,61.47
414.4921875,34.35,31.45,42,100,26.24,15.65,0,61.47
414.5,33.3,29.9,42,100,26.24,15.65,0,61.47
414.5078125,32.35,28.65,42,100,26.24,15.65,0,61.47
414.515625,27.85,25.9,42,100,26.24,15.65,0,61.47
414.5234375,26.2,25.2,42,100,26.24,15.65,0,61.47
414.53125,24.6,24.85,42,100,26.24,15.65,0,61.47
414.5390625,26.8,26.75,42,100,26.24,15.65,0,61.47
414.546875,27.1,26.2,42,100,26.24,15.65,0,61.47
414.5546875,31.2,28.6,42,100,26.24,15.65,0,61.47
414.5625,30.5,27.6,42,100,26.24,15.65,0,61.47
414.5703125,30.2,27.7,42,100,26.24,15.65,0,61.47
414.578125,26,25.2,42,100,26.24,15.65,0,61.47
414.5859375,21.75,22.5,42,100,26.24,15.65,0,61.47
414.59375,16.3,18.1,42,100,26.24,15.65,0,61.47
414.6015625,13.05,16.25,42,100,26.24,15.65,0,61.47
414.609375,8.9,14.2,42,100,26.24,15.65,0,61.47
414.6171875,6.1,13.4,42,100,26.24,15.65,0,61.47
414.625,6.85,14.15,42,100,26.24,15.65,0,61.47
414.6328125,7.55,13.95,42,100,26.24,15.65,0,61.47
414.640625,12.45,16.3,42,100,26.24,15.65,0,61.47
414.6484375,14.6,17.95,42,100,26.24,15.65,0,61.47
414.65625,15.55,20.1,42,100,26.24,15.65,0,61.47
414.6640625,13.05,19.1,42,100,26.24,15.65,0,61.47
414.671875,15.35,21.3,42,100,26.24,15.65,0,61.47
414.6796875,13.2,20.25,42,100,26.24,15.65,0,61.47
414.6875,12.4,19.85,42,100,26.24,15.65,0,61.47
414.6953125,8,16.35,42,100,26.24,15.65,0,61.47
414.703125,6.5,15.65,42,100,26.24,15.65,0,61.47
414.7109375,4.15,13.5,42,100,26.24,15.65,0,61.47
414.71875,4.65,13.85,42,100,26.24,15.65,0,61.47
414.7265625,6.45,14.15,42,100,26.24,15.65,0,61.47
414.734375,9.35,15.75,42,100,26.24,15.65,0,61.47
414.7421875,12,17.8,42,100,26.24,15.65,0,61.47
414.75,15.55,20.05,42,100,26.24,15.65,0,61.47
414.7578125,20.15,21.4,42,100,26.24,15.65,0,61.47
414.765625,20.7,20.75,42,100,26.24,15.65,0,61.47
414.7734375,22,21.4,42,100,26.24,15.65,0,61.47
414.78125,18.4,19.75,42,100,26.24,15.65,0,61.47
414.7890625,17.35,20.5,42,100,26.24,15.65,0,61.47
414.796875,17.1,19.7,42,100,26.24,15.65,0,61.47
414.8046875,19.2,20.95,42,100,26.24,15.65,0,61.47
414.8125,15.6,19.25,42,100,26.24,15.65,0,61.47
414.8203125,14.3,18.3,42,100,26.24,15.65,0,61.47
414.828125,13.8,16.05,42,100,26.24,15.65,0,61.47
414.8359375,17.5,18.2,42,100,26.24,15.65,0,61.47
414.84375,19.75,19.35,42,100,26.24,15.65,0,61.47
414.8515625,22.8,22,42,100,26.24,15.65,0,61.47
414.859375,27.55,25.65,42,100,26.24,15.65,0,61.47
414.8671875,30.25,26.9,42,100,26.24,15.65,0,61.47
414.875,32.2,26.5,42,100,26.24,15.65,0,61.47
414.8828125,31.6,24.5,42,100,26.24,15.65,0,61.47
414.890625,29.3,22.15,42,100,26.24,15.65,0,61.47
414.8984375,23.6,18.65,42,100,26.24,15.65,0,61.47
414.90625,23.8,19.9,42,100,26.24,15.65,0,61.47
414.9140625,20.2,19.35,42,100,26.24,15.65,0,61.47
414.921875,19.1,20.1,42,100,26.24,15.65,0,61.47
414.9296875,18.05,18.8,42,100,26.24,15.65,0,61.47
414.9375,21.8,19.75,42,100,26.24,15.65,0,61.47
414.9453125,23.3,18.4,42,100,26.24,15.65,0,61.47
414.953125,28.65,21,42,100,26.24,15.65,0,61.47
414.9609375,32.75,22.9,42,100,26.24,15.65,0,61.47
414.96875,36.1,25.5,42,100,26.24,15.65,0,61.47
414.9765625,35,25.75,42,100,26.24,15.65,0,61.47
414.984375,33.8,26.75,42,100,26.24,15.65,0,61.47
414.9921875,33.15,26.9,42,100,26.24,15.65,0,61.47
415,30.8,25.7,42,100,26.24,15.65,0,61.47
415.0078125,30.95,25.6,42,100,26.24,15.65,0,61.47
415.015625,32.3,26.75,42,100,26.24,15.65,0,61.47
415.0234375,37.05,30.85,42,100,26.24,15.65,0,61.47
415.03125,38.3,32.05,42,100,26.24,15.65,0,61.47
415.0390625,39.2,32.9,42,100,26.24,15.65,0,61.47
415.046875,35.35,30.05,42,100,26.24,15.65,0,61.47
415.0546875,34.8,28.8,42,100,26.24,15.65,0,61.47
415.0625,33.45,26.45,42,100,26.24,15.65,0,61.47
415.0703125,35.6,28.2,42,100,26.24,15.65,0,61.47
415.078125,34.55,27.8,42,100,26.24,15.65,0,61.47
415.0859375,34.15,28.85,42,100,26.24,15.65,0,61.47
415.09375,33.9,29.3,42,100,26.24,15.65,0,61.47
415.1015625,37.15,31.35,42,100,26.24,15.65,0,61.47
415.109375,40.45,31.8,42,100,26.24,15.65,0,61.47
415.1171875,39.5,30.9,42,100,26.24,15.65,0,61.47
415.125,34.95,28.9,42,100,26.24,15.65,0,61.47
415.1328125,30,28.1,42,100,26.24,15.65,0,61.47
415.140625,30.35,28.7,42,100,26.24,15.65,0,61.47
415.1484375,29.4,26.65,42,100,26.24,15.65,0,61.47
415.15625,31,26,41.2,100,26.19,15.77,0,61.47
415.1640625,30.35,23.45,41.2,100,26.19,15.77,0,61.47
415.171875,32.35,23.65,41.2,100,26.19,15.77,0,61.47
415.1796875,32.3,23.5,41.2,100,26.19,15.77,0,61.47
415.1875,35.9,25.45,41.2,100,26.19,15.77,0,61.47
415.1953125,36.3,24.7,41.2,100,26.19,15.77,0,61.47
415.203125,38.6,26.55,41.2,100,26.19,15.77,0,61.47
415.2109375,37.9,26.3,41.2,100,26.19,15.77,0,61.47
415.21875,38.1,27.3,41.2,100,26.19,15.77,0,61.47
415.2265625,37.15,27,41.2,100,26.19,15.77,0,61.47
415.234375,35.75,26.25,41.2,100,26.19,15.77,0,61.47
415.2421875,35.85,25.55,41.2,100,26.19,15.77,0,61.47
415.25,36.45,25.65,41.2,100,26.19,15.77,0,61.47
415.2578125,37.5,26.05,41.2,100,26.19,15.77,0,61.47
415.265625,35.45,24.4,41.2,100,26.19,15.77,0,61.47
415.2734375,35.55,24.2,41.2,100,26.19,15.77,0,61.47
415.28125,32.65,22.3,41.2,100,26.19,15.77,0,61.47
415.2890625,31.95,21.8,41.2,100,26.19,15.77,0,61.47
415.296875,28.85,19.35,41.2,100,26.19,15.77,0,61.47
415.3046875,30.4,21.3,41.2,100,26.19,15.77,0,61.47
415.3125,31.75,22.2,41.2,100,26.19,15.77,0,61.47
415.3203125,34.05,24.9,41.2,100,26.19,15.77,0,61.47
415.328125,29.8,23.85,41.2,100,26.19,15.77,0,61.47
415.3359375,27.4,23.75,41.2,100,26.19,15.77,0,61.47
415.34375,25.55,23,41.2,100,26.19,15.77,0,61.47
415.3515625,25.35,24.85,41.2,100,26.19,15.77,0,61.47
415.359375,27.85,27.05,41.2,100,26.19,15.77,0,61.47
415.3671875,32.2,29.3,41.2,100,26.19,15.77,0,61.47
415.375,34,29.85,41.2,100,26.19,15.77,0,61.47
415.3828125,32.85,29.25,41.2,100,26.19,15.77,0,61.47
415.390625,34.6,29.8,41.2,100,26.19,15.77,0,61.47
415.3984375,33,28.35,41.2,100,26.19,15.77,0,61.47
415.40625,32.7,28.35,41.2,100,26.19,15.77,0,61.47
415.4140625,30.45,27.35,41.2,100,26.19,15.77,0,61.47
415.421875,31.7,28.3,41.2,100,26.19,15.77,0,61.47
415.4296875,30.8,27.05,41.2,100,26.19,15.77,0,61.47
415.4375,34.35,29.4,41.2,100,26.19,15.77,0,61.47
415.4453125,33.75,29.15,41.2,100,26.19,15.77,0,61.47
415.453125,34.4,31.35,41.2,100,26.19,15.77,0,61.47
415.4609375,35.95,32.85,41.2,100,26.19,15.77,0,61.47
415.46875,40.7,35.4,41.2,100,26.19,15.77,0,61.47
415.4765625,41.05,34.4,41.2,100,26.19,15.77,0,61.47
415.484375,39.15,32.25,41.2,100,26.19,15.77,0,61.47
415.4921875,38.15,30.05,41.2,100,26.19,15.77,0,61.47
415.5,35.9,28.55,41.2,100,26.19,15.77,0,61.47
415.5078125,32.45,26.8,41.2,100,26.19,15.77,0,61.47
415.515625,27.6,22.95,41.2,100,26.19,15.77,0,61.47
415.5234375,28.35,22.1,41.2,100,26.19,15.77,0,61.47
415.53125,27.6,21.05,41.2,100,26.19,15.77,0,61.47
415.5390625,27.6,21.65,41.2,100,26.19,15.77,0,61.47
415.546875,22.95,19.55,41.2,100,26.19,15.77,0,61.47
415.5546875,21.3,19.6,41.2,100,26.19,15.77,0,61.47
415.5625,19.45,17.5,41.2,100,26.19,15.77,0,61.47
415.5703125,22.85,17.7,41.2,100,26.19,15.77,0,61.47
415.578125,24.5,16.6,41.2,100,26.19,15.77,0,61.47
415.5859375,26.75,18.45,41.2,100,26.19,15.77,0,61.47
415.59375,27.05,18.15,41.2,100,26.19,15.77,0,61.47
415.6015625,29.3,18.9,41.2,100,26.19,15.77,0,61.47
415.609375,32.45,19.1,41.2,100,26.19,15.77,0,61.47
415.6171875,35.95,19.6,41.2,100,26.19,15.77,0,61.47
415.625,39.5,20.35,41.2,100,26.19,15.77,0,61.47
415.6328125,39.05,20.45,41.2,100,26.19,15.77,0,61.47
415.640625,36.8,20.55,41.2,100,26.19,15.77,0,61.47
415.6484375,32.6,19.15,41.2,100,26.19,15.77,0,61.47
415.65625,32.55,20.1,41.2,100,26.19,15.77,0,61.47
415.6640625,31.05,19.3,41.2,100,26.19,15.77,0,61.47
415.671875,33.8,20.8,41.2,100,26.19,15.77,0,61.47
415.6796875,34.45,19.7,41.2,100,26.19,15.77,0,61.47
415.6875,38.65,21.95,41.2,100,26.19,15.77,0,61.47
415.6953125,40.15,21.9,41.2,100,26.19,15.77,0,61.47
415.703125,41.9,22.15,41.2,100,26.19,15.77,0,61.47
415.7109375,39.35,19.55,41.2,100,26.19,15.77,0,61.47
415.71875,36.2,18.35,41.2,100,26.19,15.77,0,61.47
415.7265625,31.8,16.25,41.2,100,26.19,15.77,0,61.47
415.734375,29,15.7,41.2,100,26.19,15.77,0,61.47
415.7421875,27.1,15.6,41.2,100,26.19,15.77,0,61.47
415.75,25.6,15.45,41.2,100,26.19,15.77,0,61.47
415.7578125,28.1,16.35,41.2,100,26.19,15.77,0,61.47
415.765625,28.25,15.7,41.2,100,26.19,15.77,0,61.47
415.7734375,28.8,16.05,41.2,100,26.19,15.77,0,61.47
415.78125,25.85,13.75,41.2,100,26.19,15.77,0,61.47
415.7890625,26,13.55,41.2,100,26.19,15.77,0,61.47
415.796875,26.05,12.7,41.2,100,26.19,15.77,0,61.47
415.8046875,32.4,15.55,41.2,100,26.19,15.77,0,61.47
415.8125,36.5,16.7,41.2,100,26.19,15.77,0,61.47
415.8203125,42,20,41.2,100,26.19,15.77,0,61.47
415.828125,42.9,19.35,41.2,100,26.19,15.77,0,61.47
415.8359375,43.9,19.85,41.2,100,26.19,15.77,0,61.47
415.84375,40.6,18.05,41.2,100,26.19,15.77,0,61.47
415.8515625,35,16.05,41.2,100,26.19,15.77,0,61.47
415.859375,30.55,14.05,41.2,100,26.19,15.77,0,61.47
415.8671875,31.5,15,41.2,100,26.19,15.77,0,61.47
415.875,35.9,16.7,41.2,100,26.19,15.77,0,61.47
415.8828125,37.55,16.8,41.2,100,26.19,15.77,0,61.47
415.890625,39,17.25,41.2,100,26.19,15.77,0,61.47
415.8984375,38.5,17.15,41.2,100,26.19,15.77,0,61.47
415.90625,41.65,19.15,41.2,100,26.19,15.77,0,61.47
415.9140625,42.85,18.95,41.2,100,26.19,15.77,0,61.47
415.921875,46.6,20.6,41.2,100,26.19,15.77,0,61.47
415.9296875,45.05,19.6,41.2,100,26.19,15.77,0,61.47
415.9375,42.7,20.05,41.2,100,26.19,15.77,0,61.47
415.9453125,38.2,19.4,41.2,100,26.19,15.77,0,61.47
415.953125,36.3,20.65,41.2,100,26.19,15.77,0,61.47
415.9609375,31.4,17.4,41.2,100,26.19,15.77,0,61.47
415.96875,30.4,14.3,41.2,100,26.19,15.77,0,61.47
415.9765625,31.05,12.4,41.2,100,26.19,15.77,0,61.47
415.984375,31.15,13.2,41.2,100,26.19,15.77,0,61.47
415.9921875,30.35,14.65,41.2,100,26.19,15.77,0,61.47
416,29.6,16.25,41.2,100,26.19,15.77,0,61.47
416.0078125,33.4,18.9,41.2,100,26.19,15.77,0,61.47
416.015625,37.05,19.55,41.2,100,26.19,15.77,0,61.47
416.0234375,42.1,20.35,41.2,100,26.19,15.77,0,61.47
416.03125,42.75,18.85,41.2,100,26.19,15.77,0,61.47
416.0390625,43.2,19.15,41.2,100,26.19,15.77,0,61.47
416.046875,38.05,16.45,41.2,100,26.19,15.77,0,61.47
416.0546875,35.9,16.85,41.2,100,26.19,15.77,0,61.47
416.0625,31.45,15.35,41.2,100,26.19,15.77,0,61.47
416.0703125,31.3,16.7,41.2,100,26.19,15.77,0,61.47
416.078125,31.4,16.85,41.2,100,26.19,15.77,0,61.47
416.0859375,33.5,19.35,41.2,100,26.19,15.77,0,61.47
416.09375,33.7,19.55,41.2,100,26.19,15.77,0,61.47
416.1015625,34.45,19.35,41.2,100,26.19,15.77,0,61.47
416.109375,33.95,16.65,41.2,100,26.19,15.77,0,61.47
416.1171875,34.45,15.15,41.2,100,26.19,15.77,0,61.47
416.125,37.55,15.45,41.2,100,26.19,15.77,0,61.47
416.1328125,38.3,15.9,41.2,100,26.19,15.77,0,61.47
416.140625,38.25,17,41.2,100,26.19,15.77,0,61.47
416.1484375,34.4,16.55,41.2,100,26.19,15.77,0,61.47
416.15625,29.5,16.1,41,100,26.06,16.02,0,61.33
416.1640625,18.8,11.1,41,100,26.06,16.02,0,61.33
416.171875,12.75,7.9,41,100,26.06,16.02,0,61.33
416.1796875,9.15,5.1,41,100,26.06,16.02,0,61.33
416.1875,13.25,6.4,41,100,26.06,16.02,0,61.33
416.1953125,15.65,5.55,41,100,26.06,16.02,0,61.33
416.203125,19.2,7.1,41,100,26.06,16.02,0,61.33
416.2109375,18.4,6.75,41,100,26.06,16.02,0,61.33
416.21875,16.8,7.2,41,100,26.06,16.02,0,61.33
416.2265625,13,4.75,41,100,26.06,16.02,0,61.33
416.234375,11.2,3.15,41,100,26.06,16.02,0,61.33
416.2421875,12.05,2,41,100,26.06,16.02,0,61.33
416.25,11.95,0.6,41,100,26.06,16.02,0,61.33
416.2578125,10.8,-0.2,41,100,26.06,16.02,0,61.33
416.265625,7.75,-1.3,41,100,26.06,16.02,0,61.33
416.2734375,6.95,-0.85,41,100,26.06,16.02,0,61.33
416.28125,3.75,-2.35,41,100,26.06,16.02,0,61.33
416.2890625,6.45,-1.15,41,100,26.06,16.02,0,61.33
416.296875,10.3,0,41,100,26.06,16.02,0,61.33
416.3046875,16.95,4.9,41,100,26.06,16.02,0,61.33
416.3125,15.6,4.5,41,100,26.06,16.02,0,61.33
416.3203125,15,4.2,41,100,26.06,16.02,0,61.33
416.328125,15.55,4.15,41,100,26.06,16.02,0,61.33
416.3359375,19.4,6.8,41,100,26.06,16.02,0,61.33
416.34375,20.2,6.15,41,100,26.06,16.02,0,61.33
416.3515625,21,7.25,41,100,26.06,16.02,0,61.33
416.359375,20.7,8.2,41,100,26.06,16.02,0,61.33
416.3671875,19.65,8.9,41,100,26.06,16.02,0,61.33
416.375,19.2,9.4,41,100,26.06,16.02,0,61.33
416.3828125,16.8,8.3,41,100,26.06,16.02,0,61.33
416.390625,16.65,8.35,41,100,26.06,16.02,0,61.33
416.3984375,17.1,9.15,41,100,26.06,16.02,0,61.33
416.40625,21.35,12.15,41,100,26.06,16.02,0,61.33
416.4140625,20.9,12.15,41,100,26.06,16.02,0,61.33
416.421875,22,14.4,41,100,26.06,16.02,0,61.33
416.4296875,18.9,12.7,41,100,26.06,16.02,0,61.33
416.4375,17.3,11.65,41,100,26.06,16.02,0,61.33
416.4453125,15.9,10.35,41,100,26.06,16.02,0,61.33
416.453125,21.65,13.7,41,100,26.06,16.02,0,61.33
416.4609375,25.9,16.55,41,100,26.06,16.02,0,61.33
416.46875,28.4,20.15,41,100,26.06,16.02,0,61.33
416.4765625,25.05,18.4,41,100,26.06,16.02,0,61.33
416.484375,19.65,14.15,41,100,26.06,16.02,0,61.33
416.4921875,14.8,10.25,41,100,26.06,16.02,0,61.33
416.5,10.7,8.7,41,100,26.06,16.02,0,61.33
416.5078125,11.3,10.95,41,100,26.06,16.02,0,61.33
416.515625,14.6,13.45,41,100,26.06,16.02,0,61.33
416.5234375,20.75,15.75,41,100,26.06,16.02,0,61.33
416.53125,20.4,14.4,41,100,26.06,16.02,0,61.33
416.5390625,19.2,13.85,41,100,26.06,16.02,0,61.33
416.546875,14.1,10.1,41,100,26.06,16.02,0,61.33
416.5546875,13.3,9.75,41,100,26.06,16.02,0,61.33
416.5625,13.05,9.35,41,100,26.06,16.02,0,61.33
416.5703125,18.35,12.75,41,100,26.06,16.02,0,61.33
416.578125,21.15,15.1,41,100,26.06,16.02,0,61.33
416.5859375,23.05,17.85,41,100,26.06,16.02,0,61.33
416.59375,22.35,17.05,41,100,26.06,16.02,0,61.33
416.6015625,23.95,18.55,41,100,26.06,16.02,0,61.33
416.609375,25.45,20.55,41,100,26.06,16.02,0,61.33
416.6171875,26.05,21.7,41,100,26.06,16.02,0,61.33
416.625,28.25,22.55,41,100,26.06,16.02,0,61.33
416.6328125,31.05,23.7,41,100,26.06,16.02,0,61.33
416.640625,36.85,26.05,41,100,26.06,16.02,0,61.33
416.6484375,41.1,27.95,41,100,26.06,16.02,0,61.33
416.65625,46.1,31.55,41,100,26.06,16.02,0,61.33
416.6640625,44.6,30.2,41,100,26.06,16.02,0,61.33
416.671875,43.5,28.85,41,100,26.06,16.02,0,61.33
416.6796875,39.6,25.25,41,100,26.06,16.02,0,61.33
416.6875,38.7,24.7,41,100,26.06,16.02,0,61.33
416.6953125,34.45,22.25,41,100,26.06,16.02,0,61.33
416.703125,33.6,22.7,41,100,26.06,16.02,0,61.33
416.7109375,31.25,21.3,41,100,26.06,16.02,0,61.33
416.71875,29.95,21.3,41,100,26.06,16.02,0,61.33
416.7265625,32.9,22.75,41,100,26.06,16.02,0,61.33
416.734375,40.55,27.3,41,100,26.06,16.02,0,61.33
416.7421875,44,29.35,41,100,26.06,16.02,0,61.33
416.75,43.85,30.75,41,100,26.06,16.02,0,61.33
416.7578125,47.35,34.3,41,100,26.06,16.02,0,61.33
416.765625,49.7,36.4,41,100,26.06,16.02,0,61.33
416.7734375,54.25,39.25,41,100,26.06,16.02,0,61.33
416.78125,54.2,38.35,41,100,26.06,16.02,0,61.33
416.7890625,52.1,35.55,41,100,26.06,16.02,0,61.33
416.796875,46.8,30.95,41,100,26.06,16.02,0,61.33
416.8046875,46.2,31.45,41,100,26.06,16.02,0,61.33
416.8125,42.05,29.8,41,100,26.06,16.02,0,61.33
416.8203125,40.75,30.15,41,100,26.06,16.02,0,61.33
416.828125,39.55,30.1,41,100,26.06,16.02,0,61.33
416.8359375,43,33.6,41,100,26.06,16.02,0,61.33
416.84375,47.95,35.7,41,100,26.06,16.02,0,61.33
416.8515625,55.3,38.85,41,100,26.06,16.02,0,61.33
416.859375,61.6,41.4,41,100,26.06,16.02,0,61.33
416.8671875,65,43.7,41,100,26.06,16.02,0,61.33
416.875,65.8,44.3,41,100,26.06,16.02,0,61.33
416.8828125,62.9,42.3,41,100,26.06,16.02,0,61.33
416.890625,61.45,40.4,41,100,26.06,16.02,0,61.33
416.8984375,60.4,38.55,41,100,26.06,16.02,0,61.33
416.90625,64.7,40.55,41,100,26.06,16.02,0,61.33
416.9140625,65.05,41,41,100,26.06,16.02,0,61.33
416.921875,64.9,43.7,41,100,26.06,16.02,0,61.33
416.9296875,57.7,41.15,41,100,26.06,16.02,0,61.33
416.9375,52.25,38.65,41,100,26.06,16.02,0,61.33
416.9453125,47,34.9,41,100,26.06,16.02,0,61.33
416.953125,48.9,34.9,41,100,26.06,16.02,0,61.33
416.9609375,50.5,33.85,41,100,26.06,16.02,0,61.33
416.96875,52.6,36.15,41,100,26.06,16.02,0,61.33
416.9765625,52.15,37.3,41,100,26.06,16.02,0,61.33
416.984375,51.8,38.55,41,100,26.06,16.02,0,61.33
416.9921875,49,37.25,41,100,26.06,16.02,0,61.33
417,43.3,33.2,41,100,26.06,16.02,0,61.33
417.0078125,39.35,29.65,41,100,26.06,16.02,0,61.33
417.015625,36.3,26.85,41,100,26.06,16.02,0,61.33
417.0234375,38.45,26.95,41,100,26.06,16.02,0,61.33
417.03125,40.75,28.3,41,100,26.06,16.02,0,61.33
417.0390625,44.3,31.85,41,100,26.06,16.02,0,61.33
417.046875,41.8,30.3,41,100,26.06,16.02,0,61.33
417.0546875,40.3,31.15,41,100,26.06,16.02,0,61.33
417.0625,39.5,33,41,100,26.06,16.02,0,61.33
417.0703125,45.5,37.35,41,100,26.06,16.02,0,61.33
417.078125,47.65,36.05,41,100,26.06,16.02,0,61.33
417.0859375,48.6,33.6,41,100,26.06,16.02,0,61.33
417.09375,47.8,30,41,100,26.06,16.02,0,61.33
417.1015625,45.45,28.3,41,100,26.06,16.02,0,61.33
417.109375,42.25,27.7,41,100,26.06,16.02,0,61.33
417.1171875,43.65,30.55,41,100,26.06,16.02,0,61.33
417.125,49.55,36.3,41,100,26.06,16.02,0,61.33
417.1328125,53.05,40,41,100,26.06,16.02,0,61.33
417.140625,53.75,39.95,41,100,26.06,16.02,0,61.33
417.1484375,47.1,34.85,41,100,26.06,16.02,0,61.33
417.15625,42.55,33.4,41.1,100,26.1,16.13,0,61.32
417.1640625,35.8,31.4,41.1,100,26.1,16.13,0,61.32
417.171875,34.2,32.7,41.1,100,26.1,16.13,0,61.32
417.1796875,34.9,34.1,41.1,100,26.1,16.13,0,61.32
417.1875,40.45,39.3,41.1,100,26.1,16.13,0,61.32
417.1953125,40.2,40.5,41.1,100,26.1,16.13,0,61.32
417.203125,42.2,43.5,41.1,100,26.1,16.13,0,61.32
417.2109375,43.25,44.15,41.1,100,26.1,16.13,0,61.32
417.21875,44.95,44.9,41.1,100,26.1,16.13,0,61.32
417.2265625,43.4,43.25,41.1,100,26.1,16.13,0,61.32
417.234375,41.4,41.35,41.1,100,26.1,16.13,0,61.32
417.2421875,39,38.3,41.1,100,26.1,16.13,0,61.32
417.25,36.85,38.2,41.1,100,26.1,16.13,0,61.32
417.2578125,39.1,41.5,41.1,100,26.1,16.13,0,61.32
417.265625,43.5,43.25,41.1,100,26.1,16.13,0,61.32
417.2734375,50.4,45.55,41.1,100,26.1,16.13,0,61.32
417.28125,53.8,46.25,41.1,100,26.1,16.13,0,61.32
417.2890625,55.7,47.75,41.1,100,26.1,16.13,0,61.32
417.296875,48.9,44.55,41.1,100,26.1,16.13,0,61.32
417.3046875,43,41.9,41.1,100,26.1,16.13,0,61.32
417.3125,37,37.45,41.1,100,26.1,16.13,0,61.32
417.3203125,34.65,36.95,41.1,100,26.1,16.13,0,61.32
417.328125,30,34.5,41.1,100,26.1,16.13,0,61.32
417.3359375,29,34.65,41.1,100,26.1,16.13,0,61.32
417.34375,30.7,36.15,41.1,100,26.1,16.13,0,61.32
417.3515625,36.45,40.3,41.1,100,26.1,16.13,0,61.32
417.359375,42,42.55,41.1,100,26.1,16.13,0,61.32
417.3671875,41,42,41.1,100,26.1,16.13,0,61.32
417.375,33.6,38.85,41.1,100,26.1,16.13,0,61.32
417.3828125,25.5,36.1,41.1,100,26.1,16.13,0,61.32
417.390625,26.35,37,41.1,100,26.1,16.13,0,61.32
417.3984375,25.55,36.7,41.1,100,26.1,16.13,0,61.32
417.40625,24.6,37.1,41.1,100,26.1,16.13,0,61.32
417.4140625,20.4,35.05,41.1,100,26.1,16.13,0,61.32
417.421875,18.85,34.45,41.1,100,26.1,16.13,0,61.32
417.4296875,14.95,32.3,41.1,100,26.1,16.13,0,61.32
417.4375,18,33.8,41.1,100,26.1,16.13,0,61.32
417.4453125,22,33.35,41.1,100,26.1,16.13,0,61.32
417.453125,29.8,35.7,41.1,100,26.1,16.13,0,61.32
417.4609375,33.3,36.5,41.1,100,26.1,16.13,0,61.32
417.46875,33.55,37.35,41.1,100,26.1,16.13,0,61.32
417.4765625,30.75,35.95,41.1,100,26.1,16.13,0,61.32
417.484375,29.4,35.5,41.1,100,26.1,16.13,0,61.32
417.4921875,28.8,35.9,41.1,100,26.1,16.13,0,61.32
417.5,28.5,38.2,41.1,100,26.1,16.13,0,61.32
417.5078125,31.1,42,41.1,100,26.1,16.13,0,61.32
417.515625,37.25,47.05,41.1,100,26.1,16.13,0,61.32
417.5234375,48.25,54.1,41.1,100,26.1,16.13,0,61.32
417.53125,51.75,55,41.1,100,26.1,16.13,0,61.32
417.5390625,49.95,53.45,41.1,100,26.1,16.13,0,61.32
417.546875,40.75,48,41.1,100,26.1,16.13,0,61.32
417.5546875,35,45.45,41.1,100,26.1,16.13,0,61.32
417.5625,32.05,43.95,41.1,100,26.1,16.13,0,61.32
417.5703125,35.95,47.5,41.1,100,26.1,16.13,0,61.32
417.578125,37.05,47.75,41.1,100,26.1,16.13,0,61.32
417.5859375,37.6,49.1,41.1,100,26.1,16.13,0,61.32
417.59375,33.65,46.85,41.1,100,26.1,16.13,0,61.32
417.6015625,29.6,43.35,41.1,100,26.1,16.13,0,61.32
417.609375,29,42,41.1,100,26.1,16.13,0,61.32
417.6171875,33.4,45.95,41.1,100,26.1,16.13,0,61.32
417.625,42.75,51.65,41.1,100,26.1,16.13,0,61.32
417.6328125,49.2,54.6,41.1,100,26.1,16.13,0,61.32
417.640625,52.05,55.75,41.1,100,26.1,16.13,0,61.32
417.6484375,48.75,53.55,41.1,100,26.1,16.13,0,61.32
417.65625,46.15,52.15,41.1,100,26.1,16.13,0,61.32
417.6640625,40.2,48.55,41.1,100,26.1,16.13,0,61.32
417.671875,38.15,47.6,41.1,100,26.1,16.13,0,61.32
417.6796875,34.4,45.05,41.1,100,26.1,16.13,0,61.32
417.6875,35.25,46.15,41.1,100,26.1,16.13,0,61.32
417.6953125,32.95,44.7,41.1,100,26.1,16.13,0,61.32
417.703125,29.1,43.75,41.1,100,26.1,16.13,0,61.32
417.7109375,22.9,40.6,41.1,100,26.1,16.13,0,61.32
417.71875,21.35,40.1,41.1,100,26.1,16.13,0,61.32
417.7265625,22.55,39.9,41.1,100,26.1,16.13,0,61.32
417.734375,27.9,43.2,41.1,100,26.1,16.13,0,61.32
417.7421875,32.85,46,41.1,100,26.1,16.13,0,61.32
417.75,32.75,46.5,41.1,100,26.1,16.13,0,61.32
417.7578125,32.1,47.05,41.1,100,26.1,16.13,0,61.32
417.765625,28.85,45.75,41.1,100,26.1,16.13,0,61.32
417.7734375,30.15,46.2,41.1,100,26.1,16.13,0,61.32
417.78125,33.35,47.4,41.1,100,26.1,16.13,0,61.32
417.7890625,39.1,50.25,41.1,100,26.1,16.13,0,61.32
417.796875,40.75,50.05,41.1,100,26.1,16.13,0,61.32
417.8046875,43.55,51.95,41.1,100,26.1,16.13,0,61.32
417.8125,39.65,49.2,41.1,100,26.1,16.13,0,61.32
417.8203125,38.15,47.75,41.1,100,26.1,16.13,0,61.32
417.828125,37.4,45.65,41.1,100,26.1,16.13,0,61.32
417.8359375,39.75,46.3,41.1,100,26.1,16.13,0,61.32
417.84375,41.45,46.65,41.1,100,26.1,16.13,0,61.32
417.8515625,42.2,48.55,41.1,100,26.1,16.13,0,61.32
417.859375,39.65,47.3,41.1,100,26.1,16.13,0,61.32
417.8671875,34.95,42.8,41.1,100,26.1,16.13,0,61.32
417.875,31.4,39.65,41.1,100,26.1,16.13,0,61.32
417.8828125,31.9,41.25,41.1,100,26.1,16.13,0,61.32
417.890625,38.4,46.25,41.1,100,26.1,16.13,0,61.32
417.8984375,37.5,46.1,41.1,100,26.1,16.13,0,61.32
417.90625,37.15,45.7,41.1,100,26.1,16.13,0,61.32
417.9140625,37.4,43.35,41.1,100,26.1,16.13,0,61.32
417.921875,39,41.95,41.1,100,26.1,16.13,0,61.32
417.9296875,35.55,38.75,41.1,100,26.1,16.13,0,61.32
417.9375,35.6,40.3,41.1,100,26.1,16.13,0,61.32
417.9453125,32.55,40.05,41.1,100,26.1,16.13,0,61.32
417.953125,31.55,40.85,41.1,100,26.1,16.13,0,61.32
417.9609375,30.9,39.05,41.1,100,26.1,16.13,0,61.32
417.96875,34.45,39.3,41.1,100,26.1,16.13,0,61.32
417.9765625,35.1,37.85,41.1,100,26.1,16.13,0,61.32
417.984375,32.3,36.1,41.1,100,26.1,16.13,0,61.32
417.9921875,29.2,33.85,41.1,100,26.1,16.13,0,61.32
418,27.7,32.8,41.1,100,26.1,16.13,0,61.32
418.0078125,27.65,31.8,41.1,100,26.1,16.13,0,61.32
418.015625,25.5,29.35,41.1,100,26.1,16.13,0,61.32
418.0234375,21.45,26.65,41.1,100,26.1,16.13,0,61.32
418.03125,12.75,21.1,41.1,100,26.1,16.13,0,61.32
418.0390625,11.45,20.15,41.1,100,26.1,16.13,0,61.32
418.046875,11.25,20.5,41.1,100,26.1,16.13,0,61.32
418.0546875,15.35,24.6,41.1,100,26.1,16.13,0,61.32
418.0625,18.55,26.6,41.1,100,26.1,16.13,0,61.32
418.0703125,22,28.95,41.1,100,26.1,16.13,0,61.32
418.078125,20.4,26.7,41.1,100,26.1,16.13,0,61.32
418.0859375,21.7,26.2,41.1,100,26.1,16.13,0,61.32
418.09375,22.55,25.75,41.1,100,26.1,16.13,0,61.32
418.1015625,23.55,27.4,41.1,100,26.1,16.13,0,61.32
418.109375,22.2,27.5,41.1,100,26.1,16.13,0,61.32
418.1171875,20,27.25,41.1,100,26.1,16.13,0,61.32
418.125,22.45,29.05,41.1,100,26.1,16.13,0,61.32
418.1328125,25.95,31.05,41.1,100,26.1,16.13,0,61.32
418.140625,30.65,33.9,41.1,100,26.1,16.13,0,61.32
418.1484375,31.75,33.8,41.1,100,26.1,16.13,0,61.32
418.15625,31.25,32.4,41.5,100,25.97,15.93,0,61.43
418.1640625,24.5,27.85,41.5,100,25.97,15.93,0,61.43
418.171875,22.95,28.4,41.5,100,25.97,15.93,0,61.43
418.1796875,21.1,29.05,41.5,100,25.97,15.93,0,61.43
418.1875,23.5,31.7,41.5,100,25.97,15.93,0,61.43
418.1953125,22.2,29.75,41.5,100,25.97,15.93,0,61.43
418.203125,21.95,28.2,41.5,100,25.97,15.93,0,61.43
418.2109375,21.1,25.95,41.5,100,25.97,15.93,0,61.43
418.21875,25.65,28.55,41.5,100,25.97,15.93,0,61.43
418.2265625,30.5,32.45,41.5,100,25.97,15.93,0,61.43
418.234375,34.1,36.8,41.5,100,25.97,15.93,0,61.43
418.2421875,33.35,37.35,41.5,100,25.97,15.93,0,61.43
418.25,31,34.2,41.5,100,25.97,15.93,0,61.43
418.2578125,31.8,31.15,41.5,100,25.97,15.93,0,61.43
418.265625,29.5,27.45,41.5,100,25.97,15.93,0,61.43
418.2734375,27.35,26.4,41.5,100,25.97,15.93,0,61.43
418.28125,24.15,25.2,41.5,100,25.97,15.93,0,61.43
418.2890625,26,27.4,41.5,100,25.97,15.93,0,61.43
418.296875,25.8,27.35,41.5,100,25.97,15.93,0,61.43
418.3046875,28.85,29.3,41.5,100,25.97,15.93,0,61.43
418.3125,30.45,29.75,41.5,100,25.97,15.93,0,61.43
418.3203125,36.05,32.8,41.5,100,25.97,15.93,0,61.43
418.328125,37.75,32.6,41.5,100,25.97,15.93,0,61.43
418.3359375,39.1,33.8,41.5,100,25.97,15.93,0,61.43
418.34375,39,33.5,41.5,100,25.97,15.93,0,61.43
418.3515625,37.7,32.45,41.5,100,25.97,15.93,0,61.43
418.359375,36.35,30.7,41.5,100,25.97,15.93,0,61.43
418.3671875,38.5,31.85,41.5,100,25.97,15.93,0,61.43
418.375,41.55,33.75,41.5,100,25.97,15.93,0,61.43
418.3828125,40.2,33.4,41.5,100,25.97,15.93,0,61.43
418.390625,39.45,32.65,41.5,100,25.97,15.93,0,61.43
418.3984375,35.25,29.85,41.5,100,25.97,15.93,0,61.43
418.40625,34.15,29.25,41.5,100,25.97,15.93,0,61.43
418.4140625,31.45,27.05,41.5,100,25.97,15.93,0,61.43
418.421875,32.2,26.95,41.5,100,25.97,15.93,0,61.43
418.4296875,32.5,26.85,41.5,100,25.97,15.93,0,61.43
418.4375,37.3,30.85,41.5,100,25.97,15.93,0,61.43
418.4453125,37.7,31,41.5,100,25.97,15.93,0,61.43
418.453125,38.55,31.6,41.5,100,25.97,15.93,0,61.43
418.4609375,37.05,30.85,41.5,100,25.97,15.93,0,61.43
418.46875,36.85,31.2,41.5,100,25.97,15.93,0,61.43
418.4765625,36.85,30.45,41.5,100,25.97,15.93,0,61.43
418.484375,36.25,30.75,41.5,100,25.97,15.93,0,61.43
418.4921875,34.6,30.4,41.5,100,25.97,15.93,0,61.43
418.5,33,29.25,41.5,100,25.97,15.93,0,61.43
418.5078125,32.1,29.1,41.5,100,25.97,15.93,0,61.43
418.515625,27.9,27.25,41.5,100,25.97,15.93,0,61.43
418.5234375,26.75,26.6,41.5,100,25.97,15.93,0,61.43
418.53125,23.95,24.5,41.5,100,25.97,15.93,0,61.43
418.5390625,25.5,26.35,41.5,100,25.97,15.93,0,61.43
418.546875,25.85,26.9,41.5,100,25.97,15.93,0,61.43
418.5546875,29.25,29.05,41.5,100,25.97,15.93,0,61.43
418.5625,29.1,27.75,41.5,100,25.97,15.93,0,61.43
418.5703125,31.8,29,41.5,100,25.97,15.93,0,61.43
418.578125,32.5,28.5,41.5,100,25.97,15.93,0,61.43
418.5859375,35.35,30.3,41.5,100,25.97,15.93,0,61.43
418.59375,35.7,29.95,41.5,100,25.97,15.93,0,61.43
418.6015625,35.25,30.1,41.5,100,25.97,15.93,0,61.43
418.609375,35.3,29.9,41.5,100,25.97,15.93,0,61.43
418.6171875,35.8,30.4,41.5,100,25.97,15.93,0,61.43
418.625,35,29.4,41.5,100,25.97,15.93,0,61.43
418.6328125,32.15,27.85,41.5,100,25.97,15.93,0,61.43
418.640625,33,28.7,41.5,100,25.97,15.93,0,61.43
418.6484375,32.7,27.9,41.5,100,25.97,15.93,0,61.43
418.65625,35.4,28.5,41.5,100,25.97,15.93,0,61.43
418.6640625,34.75,28,41.5,100,25.97,15.93,0,61.43
418.671875,36.1,29.45,41.5,100,25.97,15.93,0,61.43
418.6796875,35.6,27.75,41.5,100,25.97,15.93,0,61.43
418.6875,38.5,28,41.5,100,25.97,15.93,0,61.43
418.6953125,39.05,27.5,41.5,100,25.97,15.93,0,61.43
418.703125,41.8,29.9,41.5,100,25.97,15.93,0,61.43
418.7109375,40.05,28.6,41.5,100,25.97,15.93,0,61.43
418.71875,38.55,28.45,41.5,100,25.97,15.93,0,61.43
418.7265625,38.8,29.15,41.5,100,25.97,15.93,0,61.43
418.734375,40.9,31.35,41.5,100,25.97,15.93,0,61.43
418.7421875,43,32.7,41.5,100,25.97,15.93,0,61.43
418.75,44.3,33.25,41.5,100,25.97,15.93,0,61.43
418.7578125,46.1,33.85,41.5,100,25.97,15.93,0,61.43
418.765625,44.65,32.8,41.5,100,25.97,15.93,0,61.43
418.7734375,44.45,32.55,41.5,100,25.97,15.93,0,61.43
418.78125,41.2,29.9,41.5,100,25.97,15.93,0,61.43
418.7890625,41,29.95,41.5,100,25.97,15.93,0,61.43
418.796875,38.1,27.95,41.5,100,25.97,15.93,0,61.43
418.8046875,38.45,29,41.5,100,25.97,15.93,0,61.43
418.8125,36.45,28.9,41.5,100,25.97,15.93,0,61.43
418.8203125,39.7,32.05,41.5,100,25.97,15.93,0,61.43
418.828125,43.25,32.9,41.5,100,25.97,15.93,0,61.43
418.8359375,46.3,33.85,41.5,100,25.97,15.93,0,61.43
418.84375,44.25,32.3,41.5,100,25.97,15.93,0,61.43
418.8515625,41.85,31.6,41.5,100,25.97,15.93,0,61.43
418.859375,39.65,29.35,41.5,100,25.97,15.93,0,61.43
418.8671875,38.55,28.05,41.5,100,25.97,15.93,0,61.43
418.875,39.15,28.1,41.5,100,25.97,15.93,0,61.43
418.8828125,39.4,27.8,41.5,100,25.97,15.93,0,61.43
418.890625,41.55,28.6,41.5,100,25.97,15.93,0,61.43
418.8984375,42.45,29,41.5,100,25.97,15.93,0,61.43
418.90625,47.3,31.75,41.5,100,25.97,15.93,0,61.43
418.9140625,48.7,32.35,41.5,100,25.97,15.93,0,61.43
418.921875,50.4,34.1,41.5,100,25.97,15.93,0,61.43
418.9296875,46.1,31.6,41.5,100,25.97,15.93,0,61.43
418.9375,43.2,29.25,41.5,100,25.97,15.93,0,61.43
418.9453125,37.4,24.45,41.5,100,25.97,15.93,0,61.43
418.953125,32.45,21.65,41.5,100,25.97,15.93,0,61.43
418.9609375,27.1,17.8,41.5,100,25.97,15.93,0,61.43
418.96875,30.3,19.8,41.5,100,25.97,15.93,0,61.43
418.9765625,37.5,23.55,41.5,100,25.97,15.93,0,61.43
418.984375,42.85,26.1,41.5,100,25.97,15.93,0,61.43
418.9921875,44.35,26.7,41.5,100,25.97,15.93,0,61.43
419,42.9,27.85,41.5,100,25.97,15.93,0,61.43
419.0078125,44.95,30.15,41.5,100,25.97,15.93,0,61.43
419.015625,45.4,30.25,41.5,100,25.97,15.93,0,61.43
419.0234375,42.55,28.8,41.5,100,25.97,15.93,0,61.43
419.03125,33.45,23.1,41.5,100,25.97,15.93,0,61.43
419.0390625,27.65,18.15,41.5,100,25.97,15.93,0,61.43
419.046875,19.9,11.6,41.5,100,25.97,15.93,0,61.43
419.0546875,20.1,11.2,41.5,100,25.97,15.93,0,61.43
419.0625,21.05,11.85,41.5,100,25.97,15.93,0,61.43
419.0703125,25.55,16.45,41.5,100,25.97,15.93,0,61.43
419.078125,28.15,20.1,41.5,100,25.97,15.93,0,61.43
419.0859375,30.45,23.6,41.5,100,25.97,15.93,0,61.43
419.09375,29.5,23.55,41.5,100,25.97,15.93,0,61.43
419.1015625,33.35,26.6,41.5,100,25.97,15.93,0,61.43
419.109375,39.15,29.25,41.5,100,25.97,15.93,0,61.43
419.1171875,42.9,28.6,41.5,100,25.97,15.93,0,61.43
419.125,43.15,24.45,41.5,100,25.97,15.93,0,61.43
419.1328125,38.7,19.9,41.5,100,25.97,15.93,0,61.43
419.140625,35.4,18.05,41.5,100,25.97,15.93,0,61.43
419.1484375,28.3,14.7,41.5,100,25.97,15.93,0,61.43
419.15625,23.6,14.25,39.4,100,26.01,15.77,0,61.49
419.1640625,25.25,16.65,39.4,100,26.01,15.77,0,61.49
419.171875,35.55,24.2,39.4,100,26.01,15.77,0,61.49
419.1796875,38.1,27.35,39.4,100,26.01,15.77,0,61.49
419.1875,37.6,28.6,39.4,100,26.01,15.77,0,61.49
419.1953125,33.8,26.2,39.4,100,26.01,15.77,0,61.49
419.203125,34.7,27.75,39.4,100,26.01,15.77,0,61.49
419.2109375,36.95,27.4,39.4,100,26.01,15.77,0,61.49
419.21875,40.15,27.45,39.4,100,26.01,15.77,0,61.49
419.2265625,39.3,25.7,39.4,100,26.01,15.77,0,61.49
419.234375,35.45,22.6,39.4,100,26.01,15.77,0,61.49
419.2421875,31.3,19.15,39.4,100,26.01,15.77,0,61.49
419.25,27.7,19.9,39.4,100,26.01,15.77,0,61.49
419.2578125,29.75,25.15,39.4,100,26.01,15.77,0,61.49
419.265625,35.5,30.9,39.4,100,26.01,15.77,0,61.49
419.2734375,43,36.25,39.4,100,26.01,15.77,0,61.49
419.28125,40.95,34.25,39.4,100,26.01,15.77,0,61.49
419.2890625,40.1,32.9,39.4,100,26.01,15.77,0,61.49
419.296875,37.5,31.75,39.4,100,26.01,15.77,0,61.49
419.3046875,37.65,33.3,39.4,100,26.01,15.77,0,61.49
419.3125,37.65,32.2,39.4,100,26.01,15.77,0,61.49
419.3203125,41.2,32.9,39.4,100,26.01,15.77,0,61.49
419.328125,39,30.25,39.4,100,26.01,15.77,0,61.49
419.3359375,40.3,31.1,39.4,100,26.01,15.77,0,61.49
419.34375,44.65,33.45,39.4,100,26.01,15.77,0,61.49
419.3515625,50.3,37.8,39.4,100,26.01,15.77,0,61.49
419.359375,53.9,40.85,39.4,100,26.01,15.77,0,61.49
419.3671875,56.95,42.75,39.4,100,26.01,15.77,0,61.49
419.375,58.45,43.15,39.4,100,26.01,15.77,0,61.49
419.3828125,55.55,41.9,39.4,100,26.01,15.77,0,61.49
419.390625,52.75,40.7,39.4,100,26.01,15.77,0,61.49
419.3984375,48.6,37.8,39.4,100,26.01,15.77,0,61.49
419.40625,50.55,38.95,39.4,100,26.01,15.77,0,61.49
419.4140625,53.35,40.4,39.4,100,26.01,15.77,0,61.49
419.421875,56.65,44.05,39.4,100,26.01,15.77,0,61.49
419.4296875,53.85,44.4,39.4,100,26.01,15.77,0,61.49
419.4375,51.9,45.45,39.4,100,26.01,15.77,0,61.49
419.4453125,47.35,43.1,39.4,100,26.01,15.77,0,61.49
419.453125,47.2,43.95,39.4,100,26.01,15.77,0,61.49
419.4609375,48.6,44.8,39.4,100,26.01,15.77,0,61.49
419.46875,51.1,46.3,39.4,100,26.01,15.77,0,61.49
419.4765625,51.8,46.25,39.4,100,26.01,15.77,0,61.49
419.484375,51.1,46.4,39.4,100,26.01,15.77,0,61.49
419.4921875,49.8,44.8,39.4,100,26.01,15.77,0,61.49
419.5,48.9,43.5,39.4,100,26.01,15.77,0,61.49
419.5078125,51.4,45.6,39.4,100,26.01,15.77,0,61.49
419.515625,53.35,47.25,39.4,100,26.01,15.77,0,61.49
419.5234375,58.3,49.8,39.4,100,26.01,15.77,0,61.49
419.53125,57.75,49.4,39.4,100,26.01,15.77,0,61.49
419.5390625,56.85,49.7,39.4,100,26.01,15.77,0,61.49
419.546875,53.65,48.4,39.4,100,26.01,15.77,0,61.49
419.5546875,54.8,49.6,39.4,100,26.01,15.77,0,61.49
419.5625,52.25,47.6,39.4,100,26.01,15.77,0,61.49
419.5703125,52.55,48.45,39.4,100,26.01,15.77,0,61.49
419.578125,51.85,47.35,39.4,100,26.01,15.77,0,61.49
419.5859375,53.85,47.75,39.4,100,26.01,15.77,0,61.49
419.59375,54.25,47.85,39.4,100,26.01,15.77,0,61.49
419.6015625,54,48.8,39.4,100,26.01,15.77,0,61.49
419.609375,52.6,47.65,39.4,100,26.01,15.77,0,61.49
419.6171875,51.35,46.55,39.4,100,26.01,15.77,0,61.49
419.625,48.1,43.95,39.4,100,26.01,15.77,0,61.49
419.6328125,40.4,39.05,39.4,100,26.01,15.77,0,61.49
419.640625,38.05,38.1,39.4,100,26.01,15.77,0,61.49
419.6484375,39.9,39.4,39.4,100,26.01,15.77,0,61.49
419.65625,46.45,43.1,39.4,100,26.01,15.77,0,61.49
419.6640625,50.9,45.6,39.4,100,26.01,15.77,0,61.49
419.671875,56.9,49.95,39.4,100,26.01,15.77,0,61.49
419.6796875,56.65,50.25,39.4,100,26.01,15.77,0,61.49
419.6875,56.7,49.6,39.4,100,26.01,15.77,0,61.49
419.6953125,51.45,43.15,39.4,100,26.01,15.77,0,61.49
419.703125,48.3,39.15,39.4,100,26.01,15.77,0,61.49
419.7109375,46.5,36.7,39.4,100,26.01,15.77,0,61.49
419.71875,47.85,36.95,39.4,100,26.01,15.77,0,61.49
419.7265625,49.15,36.5,39.4,100,26.01,15.77,0,61.49
419.734375,49.7,37.25,39.4,100,26.01,15.77,0,61.49
419.7421875,49.45,38.5,39.4,100,26.01,15.77,0,61.49
419.75,51.5,41.2,39.4,100,26.01,15.77,0,61.49
419.7578125,55.7,43.1,39.4,100,26.01,15.77,0,61.49
419.765625,52.7,39.15,39.4,100,26.01,15.77,0,61.49
419.7734375,47.75,34.9,39.4,100,26.01,15.77,0,61.49
419.78125,39.6,30.6,39.4,100,26.01,15.77,0,61.49
419.7890625,36.4,30.15,39.4,100,26.01,15.77,0,61.49
419.796875,34.05,29.5,39.4,100,26.01,15.77,0,61.49
419.8046875,33.55,31.65,39.4,100,26.01,15.77,0,61.49
419.8125,26.6,28.7,39.4,100,26.01,15.77,0,61.49
419.8203125,25,27.5,39.4,100,26.01,15.77,0,61.49
419.828125,25.45,26.65,39.4,100,26.01,15.77,0,61.49
419.8359375,28.05,28.3,39.4,100,26.01,15.77,0,61.49
419.84375,28.5,28.35,39.4,100,26.01,15.77,0,61.49
419.8515625,29.3,30.65,39.4,100,26.01,15.77,0,61.49
419.859375,28.85,32.2,39.4,100,26.01,15.77,0,61.49
419.8671875,27.55,32.25,39.4,100,26.01,15.77,0,61.49
419.875,25.75,31.2,39.4,100,26.01,15.77,0,61.49
419.8828125,21.65,27.7,39.4,100,26.01,15.77,0,61.49
419.890625,22.15,26.55,39.4,100,26.01,15.77,0,61.49
419.8984375,22.6,27.1,39.4,100,26.01,15.77,0,61.49
419.90625,23.75,30.85,39.4,100,26.01,15.77,0,61.49
419.9140625,21.1,31.8,39.4,100,26.01,15.77,0,61.49
419.921875,21.85,33.25,39.4,100,26.01,15.77,0,61.49
419.9296875,18.85,30.3,39.4,100,26.01,15.77,0,61.49
419.9375,17.25,29.5,39.4,100,26.01,15.77,0,61.49
419.9453125,13.45,27,39.4,100,26.01,15.77,0,61.49
419.953125,15.05,27.5,39.4,100,26.01,15.77,0,61.49
419.9609375,16.85,27.85,39.4,100,26.01,15.77,0,61.49
419.96875,18.7,30.25,39.4,100,26.01,15.77,0,61.49
419.9765625,18.5,30.7,39.4,100,26.01,15.77,0,61.49
419.984375,15.8,29.5,39.4,100,26.01,15.77,0,61.49
419.9921875,11.8,27.25,39.4,100,26.01,15.77,0,61.49
420,10.8,25.9,39.4,100,26.01,15.77,0,61.49
420.0078125,14.45,25.8,39.4,100,26.01,15.77,0,61.49
420.015625,15.25,24.7,39.4,100,26.01,15.77,0,61.49
420.0234375,19,26.6,39.4,100,26.01,15.77,0,61.49
420.03125,20.1,27.8,39.4,100,26.01,15.77,0,61.49
420.0390625,21.45,30,39.4,100,26.01,15.77,0,61.49
420.046875,18.75,28.05,39.4,100,26.01,15.77,0,61.49
420.0546875,19.75,28.35,39.4,100,26.01,15.77,0,61.49
420.0625,19,27.8,39.4,100,26.01,15.77,0,61.49
420.0703125,21,29.9,39.4,100,26.01,15.77,0,61.49
420.078125,20.65,29.6,39.4,100,26.01,15.77,0,61.49
420.0859375,21.95,30.15,39.4,100,26.01,15.77,0,61.49
420.09375,20.1,26.95,39.4,100,26.01,15.77,0,61.49
420.1015625,18.5,25,39.4,100,26.01,15.77,0,61.49
420.109375,18.75,24.65,39.4,100,26.01,15.77,0,61.49
420.1171875,18.7,24.3,39.4,100,26.01,15.77,0,61.49
420.125,18.45,23.55,39.4,100,26.01,15.77,0,61.49
420.1328125,17.1,22.9,39.4,100,26.01,15.77,0,61.49
420.140625,17.35,23.4,39.4,100,26.01,15.77,0,61.49
420.1484375,16.75,23.55,39.4,100,26.01,15.77,0,61.49
420.15625,19.7,26.25,39.3,100,26.09,15.77,0,61.48
420.1640625,18.6,25.3,39.3,100,26.09,15.77,0,61.48
420.171875,20.35,25.65,39.3,100,26.09,15.77,0,61.48
420.1796875,21.35,24.6,39.3,100,26.09,15.77,0,61.48
420.1875,26.05,26.05,39.3,100,26.09,15.77,0,61.48
420.1953125,28.9,25.85,39.3,100,26.09,15.77,0,61.48
420.203125,32.95,28.35,39.3,100,26.09,15.77,0,61.48
420.2109375,32.75,28.1,39.3,100,26.09,15.77,0,61.48
420.21875,32.35,28.8,39.3,100,26.09,15.77,0,61.48
420.2265625,30.9,28.85,39.3,100,26.09,15.77,0,61.48
420.234375,29.3,29.05,39.3,100,26.09,15.77,0,61.48
420.2421875,27.45,27.4,39.3,100,26.09,15.77,0,61.48
420.25,24.9,25.6,39.3,100,26.09,15.77,0,61.48
420.2578125,24.1,25.15,39.3,100,26.09,15.77,0,61.48
420.265625,22.3,24.15,39.3,100,26.09,15.77,0,61.48
420.2734375,25.2,25.6,39.3,100,26.09,15.77,0,61.48
420.28125,27.45,26.4,39.3,100,26.09,15.77,0,61.48
420.2890625,29.75,26.95,39.3,100,26.09,15.77,0,61.48
420.296875,27.25,24.85,39.3,100,26.09,15.77,0,61.48
420.3046875,30.25,26.25,39.3,100,26.09,15.77,0,61.48
420.3125,32,26.55,39.3,100,26.09,15.77,0,61.48
420.3203125,34.15,28.3,39.3,100,26.09,15.77,0,61.48
420.328125,33.1,28,39.3,100,26.09,15.77,0,61.48
420.3359375,33.7,29,39.3,100,26.09,15.77,0,61.48
420.34375,32.4,27.7,39.3,100,26.09,15.77,0,61.48
420.3515625,31.95,26.8,39.3,100,26.09,15.77,0,61.48
420.359375,30.65,24.45,39.3,100,26.09,15.77,0,61.48
420.3671875,28.5,22.3,39.3,100,26.09,15.77,0,61.48
420.375,27.8,21.3,39.3,100,26.09,15.77,0,61.48
420.3828125,26.5,20.3,39.3,100,26.09,15.77,0,61.48
420.390625,26.25,20.4,39.3,100,26.09,15.77,0,61.48
420.3984375,23.5,18.9,39.3,100,26.09,15.77,0,61.48
420.40625,23.45,19,39.3,100,26.09,15.77,0,61.48
420.4140625,21.5,16.75,39.3,100,26.09,15.77,0,61.48
420.421875,23.15,17.55,39.3,100,26.09,15.77,0,61.48
420.4296875,23.4,17.7,39.3,100,26.09,15.77,0,61.48
420.4375,27.4,20.35,39.3,100,26.09,15.77,0,61.48
420.4453125,26.8,18.9,39.3,100,26.09,15.77,0,61.48
420.453125,25.15,18.05,39.3,100,26.09,15.77,0,61.48
420.4609375,22.15,15.95,39.3,100,26.09,15.77,0,61.48
420.46875,21.3,16.4,39.3,100,26.09,15.77,0,61.48
420.4765625,19.35,15.5,39.3,100,26.09,15.77,0,61.48
420.484375,18.85,15.3,39.3,100,26.09,15.77,0,61.48
420.4921875,18.9,15.5,39.3,100,26.09,15.77,0,61.48
420.5,16.35,14.9,39.3,100,26.09,15.77,0,61.48
420.5078125,15.8,15.35,39.3,100,26.09,15.77,0,61.48
420.515625,15.75,15.55,39.3,100,26.09,15.77,0,61.48
420.5234375,17.95,16.4,39.3,100,26.09,15.77,0,61.48
420.53125,16.65,14.3,39.3,100,26.09,15.77,0,61.48
420.5390625,18.35,15.1,39.3,100,26.09,15.77,0,61.48
420.546875,18.05,14.6,39.3,100,26.09,15.77,0,61.48
420.5546875,21.35,15.9,39.3,100,26.09,15.77,0,61.48
420.5625,20.45,14.5,39.3,100,26.09,15.77,0,61.48
420.5703125,18.7,14.7,39.3,100,26.09,15.77,0,61.48
420.578125,15.1,12.6,39.3,100,26.09,15.77,0,61.48
420.5859375,16.15,12.7,39.3,100,26.09,15.77,0,61.48
420.59375,15.95,11.55,39.3,100,26.09,15.77,0,61.48
420.6015625,15.35,11.3,39.3,100,26.09,15.77,0,61.48
420.609375,13.1,9.6,39.3,100,26.09,15.77,0,61.48
420.6171875,11.05,9.55,39.3,100,26.09,15.77,0,61.48
420.625,12.5,10.85,39.3,100,26.09,15.77,0,61.48
420.6328125,12.85,10.65,39.3,100,26.09,15.77,0,61.48
420.640625,12.6,10.85,39.3,100,26.09,15.77,0,61.48
420.6484375,10.4,9.95,39.3,100,26.09,15.77,0,61.48
420.65625,12.3,10.8,39.3,100,26.09,15.77,0,61.48
420.6640625,11.6,10.2,39.3,100,26.09,15.77,0,61.48
420.671875,14.1,11.65,39.3,100,26.09,15.77,0,61.48
420.6796875,12.7,9.4,39.3,100,26.09,15.77,0,61.48
420.6875,12.3,8.05,39.3,100,26.09,15.77,0,61.48
420.6953125,9.45,5.1,39.3,100,26.09,15.77,0,61.48
420.703125,9.7,5.55,39.3,100,26.09,15.77,0,61.48
420.7109375,7.5,5.1,39.3,100,26.09,15.77,0,61.48
420.71875,6.8,5.65,39.3,100,26.09,15.77,0,61.48
420.7265625,7.75,5.65,39.3,100,26.09,15.77,0,61.48
420.734375,10.15,7.3,39.3,100,26.09,15.77,0,61.48
420.7421875,11.6,8.8,39.3,100,26.09,15.77,0,61.48
420.75,10.7,8.65,39.3,100,26.09,15.77,0,61.48
420.7578125,11.75,9.3,39.3,100,26.09,15.77,0,61.48
420.765625,12.45,9.65,39.3,100,26.09,15.77,0,61.48
420.7734375,16.05,11.35,39.3,100,26.09,15.77,0,61.48
420.78125,16.45,10.1,39.3,100,26.09,15.77,0,61.48
420.7890625,17.8,10.65,39.3,100,26.09,15.77,0,61.48
420.796875,15.3,9.6,39.3,100,26.09,15.77,0,61.48
420.8046875,15.3,11.55,39.3,100,26.09,15.77,0,61.48
420.8125,12.7,11,39.3,100,26.09,15.77,0,61.48
420.8203125,13.5,12.5,39.3,100,26.09,15.77,0,61.48
420.828125,14.75,13.55,39.3,100,26.09,15.77,0,61.48
420.8359375,17.25,15.6,39.3,100,26.09,15.77,0,61.48
420.84375,15.9,13.7,39.3,100,26.09,15.77,0,61.48
420.8515625,15.95,12.95,39.3,100,26.09,15.77,0,61.48
420.859375,17.65,12.6,39.3,100,26.09,15.77,0,61.48
420.8671875,16.9,12.1,39.3,100,26.09,15.77,0,61.48
420.875,16.45,12.9,39.3,100,26.09,15.77,0,61.48
420.8828125,14.6,13.45,39.3,100,26.09,15.77,0,61.48
420.890625,14.8,14.65,39.3,100,26.09,15.77,0,61.48
420.8984375,13.45,15.1,39.3,100,26.09,15.77,0,61.48
420.90625,16.75,16.95,39.3,100,26.09,15.77,0,61.48
420.9140625,17.45,16.3,39.3,100,26.09,15.77,0,61.48
420.921875,20.6,18.75,39.3,100,26.09,15.77,0,61.48
420.9296875,19.15,18.35,39.3,100,26.09,15.77,0,61.48
420.9375,20.25,19.85,39.3,100,26.09,15.77,0,61.48
420.9453125,19.95,20,39.3,100,26.09,15.77,0,61.48
420.953125,21.85,20.95,39.3,100,26.09,15.77,0,61.48
420.9609375,20.5,18.2,39.3,100,26.09,15.77,0,61.48
420.96875,19.65,16.4,39.3,100,26.09,15.77,0,61.48
420.9765625,17.75,14.75,39.3,100,26.09,15.77,0,61.48
420.984375,16.6,15.15,39.3,100,26.09,15.77,0,61.48
420.9921875,16.7,15.95,39.3,100,26.09,15.77,0,61.48
421,16.9,17,39.3,100,26.09,15.77,0,61.48
421.0078125,18.55,19.35,39.3,100,26.09,15.77,0,61.48
421.015625,17.65,18.5,39.3,100,26.09,15.77,0,61.48
421.0234375,18.6,18.15,39.3,100,26.09,15.77,0,61.48
421.03125,19.15,18.1,39.3,100,26.09,15.77,0,61.48
421.0390625,23.95,20.85,39.3,100,26.09,15.77,0,61.48
421.046875,25.85,20.7,39.3,100,26.09,15.77,0,61.48
421.0546875,29,22.9,39.3,100,26.09,15.77,0,61.48
421.0625,26.5,21.65,39.3,100,26.09,15.77,0,61.48
421.0703125,23.7,20.95,39.3,100,26.09,15.77,0,61.48
421.078125,20.6,19.25,39.3,100,26.09,15.77,0,61.48
421.0859375,22.5,19.7,39.3,100,26.09,15.77,0,61.48
421.09375,23.9,19.45,39.3,100,26.09,15.77,0,61.48
421.1015625,25.4,21,39.3,100,26.09,15.77,0,61.48
421.109375,27.1,21.85,39.3,100,26.09,15.77,0,61.48
421.1171875,27.65,22.65,39.3,100,26.09,15.77,0,61.48
421.125,28.1,24.15,39.3,100,26.09,15.77,0,61.48
421.1328125,28.9,25.7,39.3,100,26.09,15.77,0,61.48
421.140625,34.7,29.45,39.3,100,26.09,15.77,0,61.48
421.1484375,37.2,31.25,39.3,100,26.09,15.77,0,61.48
421.15625,38.95,32.7,38.9,100,26.07,15.84,0,61.49
421.1640625,36.45,30.45,38.9,100,26.07,15.84,0,61.49
421.171875,36.75,30.65,38.9,100,26.07,15.84,0,61.49
421.1796875,34.45,29.45,38.9,100,26.07,15.84,0,61.49
421.1875,35.45,30.7,38.9,100,26.07,15.84,0,61.49
421.1953125,34.7,30.2,38.9,100,26.07,15.84,0,61.49
421.203125,37.15,31.95,38.9,100,26.07,15.84,0,61.49
421.2109375,36.3,30.45,38.9,100,26.07,15.84,0,61.49
421.21875,35.4,29.9,38.9,100,26.07,15.84,0,61.49
421.2265625,35.2,29.9,38.9,100,26.07,15.84,0,61.49
421.234375,38.2,32.7,38.9,100,26.07,15.84,0,61.49
421.2421875,43.7,37.25,38.9,100,26.07,15.84,0,61.49
421.25,47.95,40.8,38.9,100,26.07,15.84,0,61.49
421.2578125,49,41.1,38.9,100,26.07,15.84,0,61.49
421.265625,43.3,38.1,38.9,100,26.07,15.84,0,61.49
421.2734375,38.95,36.95,38.9,100,26.07,15.84,0,61.49
421.28125,34.8,34.05,38.9,100,26.07,15.84,0,61.49
421.2890625,38.65,35.2,38.9,100,26.07,15.84,0,61.49
421.296875,42.85,35.95,38.9,100,26.07,15.84,0,61.49
421.3046875,48.45,37.65,38.9,100,26.07,15.84,0,61.49
421.3125,49.4,36.6,38.9,100,26.07,15.84,0,61.49
421.3203125,53.35,39.05,38.9,100,26.07,15.84,0,61.49
421.328125,56.25,40.2,38.9,100,26.07,15.84,0,61.49
421.3359375,58.9,42.8,38.9,100,26.07,15.84,0,61.49
421.34375,56.55,43,38.9,100,26.07,15.84,0,61.49
421.3515625,55.4,43.55,38.9,100,26.07,15.84,0,61.49
421.359375,56.1,43.15,38.9,100,26.07,15.84,0,61.49
421.3671875,53.85,40.85,38.9,100,26.07,15.84,0,61.49
421.375,52.25,38.55,38.9,100,26.07,15.84,0,61.49
421.3828125,52.3,37.55,38.9,100,26.07,15.84,0,61.49
421.390625,54.8,39.1,38.9,100,26.07,15.84,0,61.49
421.3984375,54.55,39.65,38.9,100,26.07,15.84,0,61.49
421.40625,56.25,41.15,38.9,100,26.07,15.84,0,61.49
421.4140625,52.9,38.6,38.9,100,26.07,15.84,0,61.49
421.421875,49.85,37.15,38.9,100,26.07,15.84,0,61.49
421.4296875,45.2,34.05,38.9,100,26.07,15.84,0,61.49
421.4375,47.95,35.65,38.9,100,26.07,15.84,0,61.49
421.4453125,53.3,38.55,38.9,100,26.07,15.84,0,61.49
421.453125,60.75,44.4,38.9,100,26.07,15.84,0,61.49
421.4609375,64.5,47.3,38.9,100,26.07,15.84,0,61.49
421.46875,67.75,50.25,38.9,100,26.07,15.84,0,61.49
421.4765625,69.1,51.3,38.9,100,26.07,15.84,0,61.49
421.484375,68.7,51.4,38.9,100,26.07,15.84,0,61.49
421.4921875,67.5,49.55,38.9,100,26.07,15.84,0,61.49
421.5,65.55,47.45,38.9,100,26.07,15.84,0,61.49
421.5078125,66.8,47.55,38.9,100,26.07,15.84,0,61.49
421.515625,66.9,47.3,38.9,100,26.07,15.84,0,61.49
421.5234375,69.6,49,38.9,100,26.07,15.84,0,61.49
421.53125,69.15,49.6,38.9,100,26.07,15.84,0,61.49
421.5390625,69.65,51.5,38.9,100,26.07,15.84,0,61.49
421.546875,65.65,48.8,38.9,100,26.07,15.84,0,61.49
421.5546875,64.8,47.95,38.9,100,26.07,15.84,0,61.49
421.5625,61.85,45.95,38.9,100,26.07,15.84,0,61.49
421.5703125,61.1,45.75,38.9,100,26.07,15.84,0,61.49
421.578125,58.55,43.75,38.9,100,26.07,15.84,0,61.49
421.5859375,57.95,43.8,38.9,100,26.07,15.84,0,61.49
421.59375,56.55,42.7,38.9,100,26.07,15.84,0,61.49
421.6015625,56.85,42.8,38.9,100,26.07,15.84,0,61.49
421.609375,58.1,43.1,38.9,100,26.07,15.84,0,61.49
421.6171875,57.65,43.2,38.9,100,26.07,15.84,0,61.49
421.625,56.35,42.3,38.9,100,26.07,15.84,0,61.49
421.6328125,53.05,40.15,38.9,100,26.07,15.84,0,61.49
421.640625,53.85,40.75,38.9,100,26.07,15.84,0,61.49
421.6484375,54.35,41.4,38.9,100,26.07,15.84,0,61.49
421.65625,57.35,43.2,38.9,100,26.07,15.84,0,61.49
421.6640625,55.75,42.3,38.9,100,26.07,15.84,0,61.49
421.671875,56.15,43.65,38.9,100,26.07,15.84,0,61.49
421.6796875,53.25,41.7,38.9,100,26.07,15.84,0,61.49
421.6875,53.1,41.8,38.9,100,26.07,15.84,0,61.49
421.6953125,51.4,40.1,38.9,100,26.07,15.84,0,61.49
421.703125,52.6,39.9,38.9,100,26.07,15.84,0,61.49
421.7109375,52.15,38.45,38.9,100,26.07,15.84,0,61.49
421.71875,52.6,38.95,38.9,100,26.07,15.84,0,61.49
421.7265625,51.75,37.65,38.9,100,26.07,15.84,0,61.49
421.734375,49.7,36.45,38.9,100,26.07,15.84,0,61.49
421.7421875,48.3,36,38.9,100,26.07,15.84,0,61.49
421.75,48.2,36.4,38.9,100,26.07,15.84,0,61.49
421.7578125,50.75,38.8,38.9,100,26.07,15.84,0,61.49
421.765625,49.75,39,38.9,100,26.07,15.84,0,61.49
421.7734375,51.25,39.6,38.9,100,26.07,15.84,0,61.49
421.78125,50.5,38.1,38.9,100,26.07,15.84,0,61.49
421.7890625,50.65,37.15,38.9,100,26.07,15.84,0,61.49
421.796875,47.2,33.4,38.9,100,26.07,15.84,0,61.49
421.8046875,49.1,33.7,38.9,100,26.07,15.84,0,61.49
421.8125,50.55,33.75,38.9,100,26.07,15.84,0,61.49
421.8203125,55.05,36.8,38.9,100,26.07,15.84,0,61.49
421.828125,54.4,36.15,38.9,100,26.07,15.84,0,61.49
421.8359375,51.85,35.8,38.9,100,26.07,15.84,0,61.49
421.84375,47.4,33.7,38.9,100,26.07,15.84,0,61.49
421.8515625,46,33.35,38.9,100,26.07,15.84,0,61.49
421.859375,47.35,33.8,38.9,100,26.07,15.84,0,61.49
421.8671875,48.85,34.5,38.9,100,26.07,15.84,0,61.49
421.875,50.5,34.3,38.9,100,26.07,15.84,0,61.49
421.8828125,51.3,34.05,38.9,100,26.07,15.84,0,61.49
421.890625,53.1,34.75,38.9,100,26.07,15.84,0,61.49
421.8984375,51.35,32.95,38.9,100,26.07,15.84,0,61.49
421.90625,52,33.75,38.9,100,26.07,15.84,0,61.49
421.9140625,48.45,32.45,38.9,100,26.07,15.84,0,61.49
421.921875,46.3,31.5,38.9,100,26.07,15.84,0,61.49
421.9296875,45,31.15,38.9,100,26.07,15.84,0,61.49
421.9375,51.2,36.6,38.9,100,26.07,15.84,0,61.49
421.9453125,53.7,38.1,38.9,100,26.07,15.84,0,61.49
421.953125,53.2,36.9,38.9,100,26.07,15.84,0,61.49
421.9609375,49.85,32.65,38.9,100,26.07,15.84,0,61.49
421.96875,49.4,31.6,38.9,100,26.07,15.84,0,61.49
421.9765625,48.4,31,38.9,100,26.07,15.84,0,61.49
421.984375,45.75,30.55,38.9,100,26.07,15.84,0,61.49
421.9921875,42.55,29.65,38.9,100,26.07,15.84,0,61.49
422,40.2,29.15,38.9,100,26.07,15.84,0,61.49
422.0078125,43.9,30.9,38.9,100,26.07,15.84,0,61.49
422.015625,45.2,30.7,38.9,100,26.07,15.84,0,61.49
422.0234375,43.55,29.3,38.9,100,26.07,15.84,0,61.49
422.03125,38.5,25.7,38.9,100,26.07,15.84,0,61.49
422.0390625,40.9,27.95,38.9,100,26.07,15.84,0,61.49
422.046875,42.95,30.3,38.9,100,26.07,15.84,0,61.49
422.0546875,44.85,31.95,38.9,100,26.07,15.84,0,61.49
422.0625,39.95,27,38.9,100,26.07,15.84,0,61.49
422.0703125,38.4,24.8,38.9,100,26.07,15.84,0,61.49
422.078125,38.7,24.3,38.9,100,26.07,15.84,0,61.49
422.0859375,42.85,27.85,38.9,100,26.07,15.84,0,61.49
422.09375,47,30.5,38.9,100,26.07,15.84,0,61.49
422.1015625,51.35,32.85,38.9,100,26.07,15.84,0,61.49
422.109375,52.15,32.2,38.9,100,26.07,15.84,0,61.49
422.1171875,52.1,31.4,38.9,100,26.07,15.84,0,61.49
422.125,52.85,31,38.9,100,26.07,15.84,0,61.49
422.1328125,49,28.45,38.9,100,26.07,15.84,0,61.49
422.140625,46.55,26.65,38.9,100,26.07,15.84,0,61.49
422.1484375,47,26.8,38.9,100,26.07,15.84,0,61.49
422.15625,52.85,31.9,39.4,100,26.1,15.84,0,61.45
422.1640625,51.6,32.35,39.4,100,26.1,15.84,0,61.45
422.171875,46.5,31,39.4,100,26.1,15.84,0,61.45
422.1796875,38.85,27.4,39.4,100,26.1,15.84,0,61.45
422.1875,39.5,27.65,39.4,100,26.1,15.84,0,61.45
422.1953125,41.9,28.15,39.4,100,26.1,15.84,0,61.45
422.203125,45.15,31.25,39.4,100,26.1,15.84,0,61.45
422.2109375,43,31,39.4,100,26.1,15.84,0,61.45
422.21875,38.7,30.45,39.4,100,26.1,15.84,0,61.45
422.2265625,35.9,30.15,39.4,100,26.1,15.84,0,61.45
422.234375,38.95,31.4,39.4,100,26.1,15.84,0,61.45
422.2421875,45,33.1,39.4,100,26.1,15.84,0,61.45
422.25,46.8,33.65,39.4,100,26.1,15.84,0,61.45
422.2578125,47.35,34.3,39.4,100,26.1,15.84,0,61.45
422.265625,44.25,32.65,39.4,100,26.1,15.84,0,61.45
422.2734375,41.8,31.35,39.4,100,26.1,15.84,0,61.45
422.28125,36.75,27.65,39.4,100,26.1,15.84,0,61.45
422.2890625,36.55,27.6,39.4,100,26.1,15.84,0,61.45
422.296875,35,26.2,39.4,100,26.1,15.84,0,61.45
422.3046875,37.2,27.05,39.4,100,26.1,15.84,0,61.45
422.3125,36.95,26.1,39.4,100,26.1,15.84,0,61.45
422.3203125,39.05,28.85,39.4,100,26.1,15.84,0,61.45
422.328125,39,29.75,39.4,100,26.1,15.84,0,61.45
422.3359375,39.25,30.15,39.4,100,26.1,15.84,0,61.45
422.34375,38.15,27.9,39.4,100,26.1,15.84,0,61.45
422.3515625,38.3,27.75,39.4,100,26.1,15.84,0,61.45
422.359375,38.9,28.35,39.4,100,26.1,15.84,0,61.45
422.3671875,40.75,29.6,39.4,100,26.1,15.84,0,61.45
422.375,46.5,33,39.4,100,26.1,15.84,0,61.45
422.3828125,49.95,36.1,39.4,100,26.1,15.84,0,61.45
422.390625,50.45,38.05,39.4,100,26.1,15.84,0,61.45
422.3984375,44.1,35.4,39.4,100,26.1,15.84,0,61.45
422.40625,39.5,32.9,39.4,100,26.1,15.84,0,61.45
422.4140625,34.45,29.25,39.4,100,26.1,15.84,0,61.45
422.421875,35.4,29.25,39.4,100,26.1,15.84,0,61.45
422.4296875,36.7,28.95,39.4,100,26.1,15.84,0,61.45
422.4375,41.55,32.6,39.4,100,26.1,15.84,0,61.45
422.4453125,42,33.85,39.4,100,26.1,15.84,0,61.45
422.453125,41.9,35,39.4,100,26.1,15.84,0,61.45
422.4609375,39.85,34.6,39.4,100,26.1,15.84,0,61.45
422.46875,38.55,35,39.4,100,26.1,15.84,0,61.45
422.4765625,38.1,35.25,39.4,100,26.1,15.84,0,61.45
422.484375,39.45,37.1,39.4,100,26.1,15.84,0,61.45
422.4921875,43.7,39.4,39.4,100,26.1,15.84,0,61.45
422.5,46.4,40.7,39.4,100,26.1,15.84,0,61.45
422.5078125,47.55,42.4,39.4,100,26.1,15.84,0,61.45
422.515625,44,41.3,39.4,100,26.1,15.84,0,61.45
422.5234375,44.15,41.65,39.4,100,26.1,15.84,0,61.45
422.53125,40.75,40.15,39.4,100,26.1,15.84,0,61.45
422.5390625,38.2,40.1,39.4,100,26.1,15.84,0,61.45
422.546875,33.2,37.6,39.4,100,26.1,15.84,0,61.45
422.5546875,34.2,38.05,39.4,100,26.1,15.84,0,61.45
422.5625,34.35,36.45,39.4,100,26.1,15.84,0,61.45
422.5703125,37.75,38.55,39.4,100,26.1,15.84,0,61.45
422.578125,38,38.9,39.4,100,26.1,15.84,0,61.45
422.5859375,38.3,39.7,39.4,100,26.1,15.84,0,61.45
422.59375,36.35,39.1,39.4,100,26.1,15.84,0,61.45
422.6015625,35.35,39.3,39.4,100,26.1,15.84,0,61.45
422.609375,36.15,39.35,39.4,100,26.1,15.84,0,61.45
422.6171875,36.15,40.25,39.4,100,26.1,15.84,0,61.45
422.625,33.15,38.8,39.4,100,26.1,15.84,0,61.45
422.6328125,29,36.5,39.4,100,26.1,15.84,0,61.45
422.640625,29.45,37.45,39.4,100,26.1,15.84,0,61.45
422.6484375,26.35,34,39.4,100,26.1,15.84,0,61.45
422.65625,22.75,29.4,39.4,100,26.1,15.84,0,61.45
422.6640625,18.5,25.9,39.4,100,26.1,15.84,0,61.45
422.671875,18.8,26.7,39.4,100,26.1,15.84,0,61.45
422.6796875,16.85,25.75,39.4,100,26.1,15.84,0,61.45
422.6875,18,27.15,39.4,100,26.1,15.84,0,61.45
422.6953125,17.45,26.1,39.4,100,26.1,15.84,0,61.45
422.703125,19.4,27.2,39.4,100,26.1,15.84,0,61.45
422.7109375,19.55,26.45,39.4,100,26.1,15.84,0,61.45
422.71875,17.25,24.85,39.4,100,26.1,15.84,0,61.45
422.7265625,11.05,20.7,39.4,100,26.1,15.84,0,61.45
422.734375,5.15,17.85,39.4,100,26.1,15.84,0,61.45
422.7421875,5.15,17.65,39.4,100,26.1,15.84,0,61.45
422.75,7.3,18.35,39.4,100,26.1,15.84,0,61.45
422.7578125,8.4,19.05,39.4,100,26.1,15.84,0,61.45
422.765625,4.85,17.9,39.4,100,26.1,15.84,0,61.45
422.7734375,5,18.85,39.4,100,26.1,15.84,0,61.45
422.78125,2.35,17.6,39.4,100,26.1,15.84,0,61.45
422.7890625,3.7,18.75,39.4,100,26.1,15.84,0,61.45
422.796875,4.5,17.75,39.4,100,26.1,15.84,0,61.45
422.8046875,5.35,17.85,39.4,100,26.1,15.84,0,61.45
422.8125,0.15,14.8,39.4,100,26.1,15.84,0,61.45
422.8203125,-0.55,14.6,39.4,100,26.1,15.84,0,61.45
422.828125,-1.35,13.85,39.4,100,26.1,15.84,0,61.45
422.8359375,-0.45,14.05,39.4,100,26.1,15.84,0,61.45
422.84375,-1.25,12.05,39.4,100,26.1,15.84,0,61.45
422.8515625,-1.55,12.4,39.4,100,26.1,15.84,0,61.45
422.859375,-3.35,12.55,39.4,100,26.1,15.84,0,61.45
422.8671875,-5.25,11.35,39.4,100,26.1,15.84,0,61.45
422.875,-4,11.2,39.4,100,26.1,15.84,0,61.45
422.8828125,-1.25,11.9,39.4,100,26.1,15.84,0,61.45
422.890625,3.7,14.35,39.4,100,26.1,15.84,0,61.45
422.8984375,5.1,14.6,39.4,100,26.1,15.84,0,61.45
422.90625,8.15,15.45,39.4,100,26.1,15.84,0,61.45
422.9140625,6.75,13.55,39.4,100,26.1,15.84,0,61.45
422.921875,5.45,13.45,39.4,100,26.1,15.84,0,61.45
422.9296875,2.35,11.65,39.4,100,26.1,15.84,0,61.45
422.9375,3.9,13.75,39.4,100,26.1,15.84,0,61.45
422.9453125,2.85,14.25,39.4,100,26.1,15.84,0,61.45
422.953125,2.65,15.15,39.4,100,26.1,15.84,0,61.45
422.9609375,0.7,13.4,39.4,100,26.1,15.84,0,61.45
422.96875,1,13.1,39.4,100,26.1,15.84,0,61.45
422.9765625,1.65,12.6,39.4,100,26.1,15.84,0,61.45
422.984375,0.8,12.95,39.4,100,26.1,15.84,0,61.45
422.9921875,0.8,12.95,39.4,100,26.1,15.84,0,61.45
423,0.15,11.8,39.4,100,26.1,15.84,0,61.45
423.0078125,1.05,11.05,39.4,100,26.1,15.84,0,61.45
423.015625,0.7,9.9,39.4,100,26.1,15.84,0,61.45
423.0234375,3.7,11.35,39.4,100,26.1,15.84,0,61.45
423.03125,3.3,10.7,39.4,100,26.1,15.84,0,61.45
423.0390625,3.95,10.95,39.4,100,26.1,15.84,0,61.45
423.046875,1.35,9.4,39.4,100,26.1,15.84,0,61.45
423.0546875,3.25,11.25,39.4,100,26.1,15.84,0,61.45
423.0625,2.95,11.25,39.4,100,26.1,15.84,0,61.45
423.0703125,4.3,12.2,39.4,100,26.1,15.84,0,61.45
423.078125,4.75,11.85,39.4,100,26.1,15.84,0,61.45
423.0859375,7.75,13.8,39.4,100,26.1,15.84,0,61.45
423.09375,8.45,13.55,39.4,100,26.1,15.84,0,61.45
423.1015625,9.95,14.05,39.4,100,26.1,15.84,0,61.45
423.109375,12.05,15,39.4,100,26.1,15.84,0,61.45
423.1171875,12.3,15,39.4,100,26.1,15.84,0,61.45
423.125,13.1,15.9,39.4,100,26.1,15.84,0,61.45
423.1328125,12.85,17.05,39.4,100,26.1,15.84,0,61.45
423.140625,13.45,19.2,39.4,100,26.1,15.84,0,61.45
423.1484375,10.5,18.75,39.4,100,26.1,15.84,0,61.45
423.15625,10.6,19.8,41.3,100,26.21,16.03,0,61.29
423.1640625,9.25,18.5,41.3,100,26.21,16.03,0,61.29
423.171875,11.15,19.85,41.3,100,26.21,16.03,0,61.29
423.1796875,12.95,20.35,41.3,100,26.21,16.03,0,61.29
423.1875,19.55,24.4,41.3,100,26.21,16.03,0,61.29
423.1953125,20.3,24.65,41.3,100,26.21,16.03,0,61.29
423.203125,18.65,24.7,41.3,100,26.21,16.03,0,61.29
423.2109375,17.85,24.15,41.3,100,26.21,16.03,0,61.29
423.21875,20.25,26,41.3,100,26.21,16.03,0,61.29
423.2265625,19.6,24.6,41.3,100,26.21,16.03,0,61.29
423.234375,17.95,23.85,41.3,100,26.21,16.03,0,61.29
423.2421875,18.55,24.85,41.3,100,26.21,16.03,0,61.29
423.25,17.7,24.7,41.3,100,26.21,16.03,0,61.29
423.2578125,20.8,25.95,41.3,100,26.21,16.03,0,61.29
423.265625,24.05,27.6,41.3,100,26.21,16.03,0,61.29
423.2734375,28.05,29.8,41.3,100,26.21,16.03,0,61.29
423.28125,26.7,29.3,41.3,100,26.21,16.03,0,61.29
423.2890625,26.1,29.65,41.3,100,26.21,16.03,0,61.29
423.296875,20.6,26.6,41.3,100,26.21,16.03,0,61.29
423.3046875,18.5,26.3,41.3,100,26.21,16.03,0,61.29
423.3125,16.45,24.85,41.3,100,26.21,16.03,0,61.29
423.3203125,20.45,26.85,41.3,100,26.21,16.03,0,61.29
423.328125,24.1,28.5,41.3,100,26.21,16.03,0,61.29
423.3359375,25,29.45,41.3,100,26.21,16.03,0,61.29
423.34375,20.3,25.2,41.3,100,26.21,16.03,0,61.29
423.3515625,16.65,21.8,41.3,100,26.21,16.03,0,61.29
423.359375,16.6,21.05,41.3,100,26.21,16.03,0,61.29
423.3671875,19.7,23.8,41.3,100,26.21,16.03,0,61.29
423.375,23.55,27.5,41.3,100,26.21,16.03,0,61.29
423.3828125,22.7,27.7,41.3,100,26.21,16.03,0,61.29
423.390625,23.95,28,41.3,100,26.21,16.03,0,61.29
423.3984375,23.25,26.3,41.3,100,26.21,16.03,0,61.29
423.40625,23.75,26.35,41.3,100,26.21,16.03,0,61.29
423.4140625,21.5,25.05,41.3,100,26.21,16.03,0,61.29
423.421875,22,26.15,41.3,100,26.21,16.03,0,61.29
423.4296875,20.75,24.55,41.3,100,26.21,16.03,0,61.29
423.4375,24.65,26.5,41.3,100,26.21,16.03,0,61.29
423.4453125,25.35,26.25,41.3,100,26.21,16.03,0,61.29
423.453125,24.65,25.5,41.3,100,26.21,16.03,0,61.29
423.4609375,21.4,23.15,41.3,100,26.21,16.03,0,61.29
423.46875,20.9,24.25,41.3,100,26.21,16.03,0,61.29
423.4765625,22.55,25.75,41.3,100,26.21,16.03,0,61.29
423.484375,22.55,25.95,41.3,100,26.21,16.03,0,61.29
423.4921875,22.55,26.05,41.3,100,26.21,16.03,0,61.29
423.5,22.4,25.45,41.3,100,26.21,16.03,0,61.29
423.5078125,21.85,23.65,41.3,100,26.21,16.03,0,61.29
423.515625,19.6,21.95,41.3,100,26.21,16.03,0,61.29
423.5234375,22.75,24.75,41.3,100,26.21,16.03,0,61.29
423.53125,22.05,25.1,41.3,100,26.21,16.03,0,61.29
423.5390625,21.1,25.4,41.3,100,26.21,16.03,0,61.29
423.546875,17.15,22.85,41.3,100,26.21,16.03,0,61.29
423.5546875,18.15,22.65,41.3,100,26.21,16.03,0,61.29
423.5625,19.55,22.7,41.3,100,26.21,16.03,0,61.29
423.5703125,22.85,24.9,41.3,100,26.21,16.03,0,61.29
423.578125,21.3,22.8,41.3,100,26.21,16.03,0,61.29
423.5859375,21.45,23.1,41.3,100,26.21,16.03,0,61.29
423.59375,23.65,25.3,41.3,100,26.21,16.03,0,61.29
423.6015625,28.55,28,41.3,100,26.21,16.03,0,61.29
423.609375,32.45,28.55,41.3,100,26.21,16.03,0,61.29
423.6171875,31.5,27.5,41.3,100,26.21,16.03,0,61.29
423.625,30.15,27.05,41.3,100,26.21,16.03,0,61.29
423.6328125,27.95,26,41.3,100,26.21,16.03,0,61.29
423.640625,26.1,25.15,41.3,100,26.21,16.03,0,61.29
423.6484375,21.35,22.15,41.3,100,26.21,16.03,0,61.29
423.65625,22.1,21.8,41.3,100,26.21,16.03,0,61.29
423.6640625,21.85,19.85,41.3,100,26.21,16.03,0,61.29
423.671875,24.9,21.15,41.3,100,26.21,16.03,0,61.29
423.6796875,25.4,20.05,41.3,100,26.21,16.03,0,61.29
423.6875,25.45,19.95,41.3,100,26.21,16.03,0,61.29
423.6953125,19.5,17.1,41.3,100,26.21,16.03,0,61.29
423.703125,16.2,16.3,41.3,100,26.21,16.03,0,61.29
423.7109375,15.95,16.2,41.3,100,26.21,16.03,0,61.29
423.71875,19.95,19.3,41.3,100,26.21,16.03,0,61.29
423.7265625,23.1,20.25,41.3,100,26.21,16.03,0,61.29
423.734375,22.6,19.15,41.3,100,26.21,16.03,0,61.29
423.7421875,22,19,41.3,100,26.21,16.03,0,61.29
423.75,21.55,19.15,41.3,100,26.21,16.03,0,61.29
423.7578125,21.45,19.85,41.3,100,26.21,16.03,0,61.29
423.765625,18.05,19.2,41.3,100,26.21,16.03,0,61.29
423.7734375,19.2,20.75,41.3,100,26.21,16.03,0,61.29
423.78125,19,20.45,41.3,100,26.21,16.03,0,61.29
423.7890625,19.65,20.65,41.3,100,26.21,16.03,0,61.29
423.796875,14.8,16.1,41.3,100,26.21,16.03,0,61.29
423.8046875,14,14.55,41.3,100,26.21,16.03,0,61.29
423.8125,15.35,14.65,41.3,100,26.21,16.03,0,61.29
423.8203125,21.05,18.5,41.3,100,26.21,16.03,0,61.29
423.828125,24.7,20.3,41.3,100,26.21,16.03,0,61.29
423.8359375,28.8,23.2,41.3,100,26.21,16.03,0,61.29
423.84375,31.15,23.9,41.3,100,26.21,16.03,0,61.29
423.8515625,35.2,26.4,41.3,100,26.21,16.03,0,61.29
423.859375,39.8,30.4,41.3,100,26.21,16.03,0,61.29
423.8671875,40.05,32.1,41.3,100,26.21,16.03,0,61.29
423.875,37.4,30.9,41.3,100,26.21,16.03,0,61.29
423.8828125,31.55,27.8,41.3,100,26.21,16.03,0,61.29
423.890625,29.5,26.15,41.3,100,26.21,16.03,0,61.29
423.8984375,27.95,23.3,41.3,100,26.21,16.03,0,61.29
423.90625,29.9,24.15,41.3,100,26.21,16.03,0,61.29
423.9140625,29.85,23.95,41.3,100,26.21,16.03,0,61.29
423.921875,33.95,26.4,41.3,100,26.21,16.03,0,61.29
423.9296875,34.2,26.45,41.3,100,26.21,16.03,0,61.29
423.9375,37.55,29.15,41.3,100,26.21,16.03,0,61.29
423.9453125,39.55,30.6,41.3,100,26.21,16.03,0,61.29
423.953125,40.35,33.15,41.3,100,26.21,16.03,0,61.29
423.9609375,37.4,31.8,41.3,100,26.21,16.03,0,61.29
423.96875,34.85,30.65,41.3,100,26.21,16.03,0,61.29
423.9765625,30.75,28.85,41.3,100,26.21,16.03,0,61.29
423.984375,26.75,28.15,41.3,100,26.21,16.03,0,61.29
423.9921875,26.9,28.25,41.3,100,26.21,16.03,0,61.29
424,29.15,28.95,41.3,100,26.21,16.03,0,61.29
424.0078125,33.2,31.65,41.3,100,26.21,16.03,0,61.29
424.015625,32.8,32.75,41.3,100,26.21,16.03,0,61.29
424.0234375,32.2,32.55,41.3,100,26.21,16.03,0,61.29
424.03125,26.7,28.4,41.3,100,26.21,16.03,0,61.29
424.0390625,27.15,28.9,41.3,100,26.21,16.03,0,61.29
424.046875,29.55,30.1,41.3,100,26.21,16.03,0,61.29
424.0546875,32.4,32.35,41.3,100,26.21,16.03,0,61.29
424.0625,28.9,31.2,41.3,100,26.21,16.03,0,61.29
424.0703125,27.1,31.25,41.3,100,26.21,16.03,0,61.29
424.078125,24.6,29.4,41.3,100,26.21,16.03,0,61.29
424.0859375,24.45,29.6,41.3,100,26.21,16.03,0,61.29
424.09375,24.5,28.9,41.3,100,26.21,16.03,0,61.29
424.1015625,26,29.15,41.3,100,26.21,16.03,0,61.29
424.109375,28.9,30.3,41.3,100,26.21,16.03,0,61.29
424.1171875,28.55,30.85,41.3,100,26.21,16.03,0,61.29
424.125,28.45,31.45,41.3,100,26.21,16.03,0,61.29
424.1328125,27.55,31.3,41.3,100,26.21,16.03,0,61.29
424.140625,27.75,31.6,41.3,100,26.21,16.03,0,61.29
424.1484375,26.25,30.4,41.3,100,26.21,16.03,0,61.29
424.15625,29.45,31.7,39.8,100,26.41,16.06,0,61.25
424.1640625,28.15,30.25,39.8,100,26.41,16.06,0,61.25
424.171875,29.35,32.2,39.8,100,26.41,16.06,0,61.25
424.1796875,26.6,31.9,39.8,100,26.41,16.06,0,61.25
424.1875,23.95,32.15,39.8,100,26.41,16.06,0,61.25
424.1953125,20.05,30.3,39.8,100,26.41,16.06,0,61.25
424.203125,20.95,31.3,39.8,100,26.41,16.06,0,61.25
424.2109375,22.3,29.65,39.8,100,26.41,16.06,0,61.25
424.21875,26.35,28.45,39.8,100,26.41,16.06,0,61.25
424.2265625,30.6,28.8,39.8,100,26.41,16.06,0,61.25
424.234375,34.35,32.05,39.8,100,26.41,16.06,0,61.25
424.2421875,36.5,34.3,39.8,100,26.41,16.06,0,61.25
424.25,35.5,34.65,39.8,100,26.41,16.06,0,61.25
424.2578125,36.65,35.95,39.8,100,26.41,16.06,0,61.25
424.265625,34.15,34.7,39.8,100,26.41,16.06,0,61.25
424.2734375,32.45,33.55,39.8,100,26.41,16.06,0,61.25
424.28125,29.95,31.45,39.8,100,26.41,16.06,0,61.25
424.2890625,29.95,31.45,39.8,100,26.41,16.06,0,61.25
424.296875,27.1,30.25,39.8,100,26.41,16.06,0,61.25
424.3046875,27.7,31.75,39.8,100,26.41,16.06,0,61.25
424.3125,26.65,29.8,39.8,100,26.41,16.06,0,61.25
424.3203125,31.85,31.75,39.8,100,26.41,16.06,0,61.25
424.328125,39.1,34.7,39.8,100,26.41,16.06,0,61.25
424.3359375,46.6,38.55,39.8,100,26.41,16.06,0,61.25
424.34375,50.2,39.7,39.8,100,26.41,16.06,0,61.25
424.3515625,49,39.9,39.8,100,26.41,16.06,0,61.25
424.359375,45.4,38.6,39.8,100,26.41,16.06,0,61.25
424.3671875,42.9,37.4,39.8,100,26.41,16.06,0,61.25
424.375,43,37.05,39.8,100,26.41,16.06,0,61.25
424.3828125,42.55,36.85,39.8,100,26.41,16.06,0,61.25
424.390625,46.3,39.6,39.8,100,26.41,16.06,0,61.25
424.3984375,46.2,38.75,39.8,100,26.41,16.06,0,61.25
424.40625,49.8,39.8,39.8,100,26.41,16.06,0,61.25
424.4140625,53.4,40.2,39.8,100,26.41,16.06,0,61.25
424.421875,57.3,42.3,39.8,100,26.41,16.06,0,61.25
424.4296875,55.55,41.95,39.8,100,26.41,16.06,0,61.25
424.4375,56.2,44.15,39.8,100,26.41,16.06,0,61.25
424.4453125,52.65,41.8,39.8,100,26.41,16.06,0,61.25
424.453125,49.55,39.9,39.8,100,26.41,16.06,0,61.25
424.4609375,47,37.05,39.8,100,26.41,16.06,0,61.25
424.46875,47.9,36.85,39.8,100,26.41,16.06,0,61.25
424.4765625,49,37.35,39.8,100,26.41,16.06,0,61.25
424.484375,49.3,37.6,39.8,100,26.41,16.06,0,61.25
424.4921875,50.75,37.6,39.8,100,26.41,16.06,0,61.25
424.5,51.3,38.65,39.8,100,26.41,16.06,0,61.25
424.5078125,51.45,40.8,39.8,100,26.41,16.06,0,61.25
424.515625,49.4,41.3,39.8,100,26.41,16.06,0,61.25
424.5234375,55.05,45.35,39.8,100,26.41,16.06,0,61.25
424.53125,57.4,45.75,39.8,100,26.41,16.06,0,61.25
424.5390625,56.55,44.15,39.8,100,26.41,16.06,0,61.25
424.546875,51.15,39.6,39.8,100,26.41,16.06,0,61.25
424.5546875,48.6,38.1,39.8,100,26.41,16.06,0,61.25
424.5625,42.9,35,39.8,100,26.41,16.06,0,61.25
424.5703125,41.5,35.05,39.8,100,26.41,16.06,0,61.25
424.578125,38.8,33.35,39.8,100,26.41,16.06,0,61.25
424.5859375,37.3,32.3,39.8,100,26.41,16.06,0,61.25
424.59375,40.25,32.85,39.8,100,26.41,16.06,0,61.25
424.6015625,47.85,37.4,39.8,100,26.41,16.06,0,61.25
424.609375,51.95,40.65,39.8,100,26.41,16.06,0,61.25
424.6171875,49.65,39.8,39.8,100,26.41,16.06,0,61.25
424.625,47.1,38.05,39.8,100,26.41,16.06,0,61.25
424.6328125,45.05,36.45,39.8,100,26.41,16.06,0,61.25
424.640625,47,37.8,39.8,100,26.41,16.06,0,61.25
424.6484375,47.25,37.5,39.8,100,26.41,16.06,0,61.25
424.65625,49.1,38.6,39.8,100,26.41,16.06,0,61.25
424.6640625,46.15,36.9,39.8,100,26.41,16.06,0,61.25
424.671875,45.3,37.05,39.8,100,26.41,16.06,0,61.25
424.6796875,42.95,36,39.8,100,26.41,16.06,0,61.25
424.6875,42.45,37.3,39.8,100,26.41,16.06,0,61.25
424.6953125,40.8,35.75,39.8,100,26.41,16.06,0,61.25
424.703125,41.8,35.4,39.8,100,26.41,16.06,0,61.25
424.7109375,38.8,32.65,39.8,100,26.41,16.06,0,61.25
424.71875,38.2,32.85,39.8,100,26.41,16.06,0,61.25
424.7265625,42.85,36.65,39.8,100,26.41,16.06,0,61.25
424.734375,47.05,40.4,39.8,100,26.41,16.06,0,61.25
424.7421875,51.5,42.2,39.8,100,26.41,16.06,0,61.25
424.75,50.8,41.15,39.8,100,26.41,16.06,0,61.25
424.7578125,46.05,37.7,39.8,100,26.41,16.06,0,61.25
424.765625,40.6,33.1,39.8,100,26.41,16.06,0,61.25
424.7734375,40.75,33.65,39.8,100,26.41,16.06,0,61.25
424.78125,37.35,33.2,39.8,100,26.41,16.06,0,61.25
424.7890625,43,37.55,39.8,100,26.41,16.06,0,61.25
424.796875,48.2,40,39.8,100,26.41,16.06,0,61.25
424.8046875,50.3,40.4,39.8,100,26.41,16.06,0,61.25
424.8125,47.55,37.65,39.8,100,26.41,16.06,0,61.25
424.8203125,46.75,38.25,39.8,100,26.41,16.06,0,61.25
424.828125,43.3,37.15,39.8,100,26.41,16.06,0,61.25
424.8359375,42.8,39.55,39.8,100,26.41,16.06,0,61.25
424.84375,42.2,40.5,39.8,100,26.41,16.06,0,61.25
424.8515625,45.15,40.05,39.8,100,26.41,16.06,0,61.25
424.859375,51.1,40.6,39.8,100,26.41,16.06,0,61.25
424.8671875,51.85,40.3,39.8,100,26.41,16.06,0,61.25
424.875,49.65,40.15,39.8,100,26.41,16.06,0,61.25
424.8828125,46.7,41.7,39.8,100,26.41,16.06,0,61.25
424.890625,46.15,43.85,39.8,100,26.41,16.06,0,61.25
424.8984375,43.5,40.6,39.8,100,26.41,16.06,0,61.25
424.90625,42.6,37.45,39.8,100,26.41,16.06,0,61.25
424.9140625,39.2,33.3,39.8,100,26.41,16.06,0,61.25
424.921875,44.2,36.2,39.8,100,26.41,16.06,0,61.25
424.9296875,49.1,40.9,39.8,100,26.41,16.06,0,61.25
424.9375,51.65,45.15,39.8,100,26.41,16.06,0,61.25
424.9453125,50.35,44.05,39.8,100,26.41,16.06,0,61.25
424.953125,52.35,43.4,39.8,100,26.41,16.06,0,61.25
424.9609375,52.65,40.95,39.8,100,26.41,16.06,0,61.25
424.96875,52.5,39.25,39.8,100,26.41,16.06,0,61.25
424.9765625,52.05,37.4,39.8,100,26.41,16.06,0,61.25
424.984375,50.9,36.95,39.8,100,26.41,16.06,0,61.25
424.9921875,51.15,39.5,39.8,100,26.41,16.06,0,61.25
425,50.85,43.15,39.8,100,26.41,16.06,0,61.25
425.0078125,47.05,44.55,39.8,100,26.41,16.06,0,61.25
425.015625,34.3,38.9,39.8,100,26.41,16.06,0,61.25
425.0234375,29.65,34.85,39.8,100,26.41,16.06,0,61.25
425.03125,31.3,32.35,39.8,100,26.41,16.06,0,61.25
425.0390625,36.2,34.55,39.8,100,26.41,16.06,0,61.25
425.046875,33.65,35.35,39.8,100,26.41,16.06,0,61.25
425.0546875,30.55,36.2,39.8,100,26.41,16.06,0,61.25
425.0625,26.85,32.9,39.8,100,26.41,16.06,0,61.25
425.0703125,30.75,33.2,39.8,100,26.41,16.06,0,61.25
425.078125,33,32.55,39.8,100,26.41,16.06,0,61.25
425.0859375,32.7,32.15,39.8,100,26.41,16.06,0,61.25
425.09375,30.85,31.5,39.8,100,26.41,16.06,0,61.25
425.1015625,28.4,32.55,39.8,100,26.41,16.06,0,61.25
425.109375,23.85,32.1,39.8,100,26.41,16.06,0,61.25
425.1171875,15.65,27.85,39.8,100,26.41,16.06,0,61.25
425.125,12.5,26.7,39.8,100,26.41,16.06,0,61.25
425.1328125,17.65,30.9,39.8,100,26.41,16.06,0,61.25
425.140625,27.2,34.15,39.8,100,26.41,16.06,0,61.25
425.1484375,26.45,28.85,39.8,100,26.41,16.06,0,61.25
425.15625,24.65,25.95,38.8,100,26.19,16.05,0,61.1
425.1640625,23.25,25.7,38.8,100,26.19,16.05,0,61.1
425.171875,27.05,30.5,38.8,100,26.19,16.05,0,61.1
425.1796875,27.75,33.55,38.8,100,26.19,16.05,0,61.1
425.1875,27.35,35.25,38.8,100,26.19,16.05,0,61.1
425.1953125,21.35,31.05,38.8,100,26.19,16.05,0,61.1
425.203125,17.45,28.4,38.8,100,26.19,16.05,0,61.1
425.2109375,13.85,25.7,38.8,100,26.19,16.05,0,61.1
425.21875,12,26.4,38.8,100,26.19,16.05,0,61.1
425.2265625,12.85,29.4,38.8,100,26.19,16.05,0,61.1
425.234375,16.75,33.7,38.8,100,26.19,16.05,0,61.1
425.2421875,21.95,36.45,38.8,100,26.19,16.05,0,61.1
425.25,23.1,34.15,38.8,100,26.19,16.05,0,61.1
425.2578125,23.75,29.8,38.8,100,26.19,16.05,0,61.1
425.265625,19.25,25.3,38.8,100,26.19,16.05,0,61.1
425.2734375,18.4,25.95,38.8,100,26.19,16.05,0,61.1
425.28125,18.25,25.3,38.8,100,26.19,16.05,0,61.1
425.2890625,20.5,25.25,38.8,100,26.19,16.05,0,61.1
425.296875,18.45,22.6,38.8,100,26.19,16.05,0,61.1
425.3046875,21.25,24.45,38.8,100,26.19,16.05,0,61.1
425.3125,22,26.05,38.8,100,26.19,16.05,0,61.1
425.3203125,23.9,29.2,38.8,100,26.19,16.05,0,61.1
425.328125,22.95,29.05,38.8,100,26.19,16.05,0,61.1
425.3359375,21.4,28.6,38.8,100,26.19,16.05,0,61.1
425.34375,18.3,26.85,38.8,100,26.19,16.05,0,61.1
425.3515625,15.6,25.65,38.8,100,26.19,16.05,0,61.1
425.359375,12.2,24.2,38.8,100,26.19,16.05,0,61.1
425.3671875,8.95,22.75,38.8,100,26.19,16.05,0,61.1
425.375,10.5,23,38.8,100,26.19,16.05,0,61.1
425.3828125,11.7,24.05,38.8,100,26.19,16.05,0,61.1
425.390625,13.9,26.45,38.8,100,26.19,16.05,0,61.1
425.3984375,11.7,25.1,38.8,100,26.19,16.05,0,61.1
425.40625,10.65,25.55,38.8,100,26.19,16.05,0,61.1
425.4140625,7.9,24.45,38.8,100,26.19,16.05,0,61.1
425.421875,8.95,24.8,38.8,100,26.19,16.05,0,61.1
425.4296875,7.3,22.9,38.8,100,26.19,16.05,0,61.1
425.4375,8.05,24.2,38.8,100,26.19,16.05,0,61.1
425.4453125,7.35,24,38.8,100,26.19,16.05,0,61.1
425.453125,8.25,25.05,38.8,100,26.19,16.05,0,61.1
425.4609375,6.9,23.5,38.8,100,26.19,16.05,0,61.1
425.46875,7.15,23.25,38.8,100,26.19,16.05,0,61.1
425.4765625,8.2,23.4,38.8,100,26.19,16.05,0,61.1
425.484375,6.55,22.15,38.8,100,26.19,16.05,0,61.1
425.4921875,6.05,21.3,38.8,100,26.19,16.05,0,61.1
425.5,6.3,21.65,38.8,100,26.19,16.05,0,61.1
425.5078125,8.45,23.55,38.8,100,26.19,16.05,0,61.1
425.515625,9,23.8,38.8,100,26.19,16.05,0,61.1
425.5234375,13.55,26.35,38.8,100,26.19,16.05,0,61.1
425.53125,13.2,25.9,38.8,100,26.19,16.05,0,61.1
425.5390625,13.1,26.5,38.8,100,26.19,16.05,0,61.1
425.546875,7.95,24.25,38.8,100,26.19,16.05,0,61.1
425.5546875,6,23.65,38.8,100,26.19,16.05,0,61.1
425.5625,5.8,21.9,38.8,100,26.19,16.05,0,61.1
425.5703125,10.1,23.05,38.8,100,26.19,16.05,0,61.1
425.578125,12.8,23.3,38.8,100,26.19,16.05,0,61.1
425.5859375,15.45,25.2,38.8,100,26.19,16.05,0,61.1
425.59375,14.8,24.85,38.8,100,26.19,16.05,0,61.1
425.6015625,15.3,25.2,38.8,100,26.19,16.05,0,61.1
425.609375,18.4,26.8,38.8,100,26.19,16.05,0,61.1
425.6171875,18.25,27.25,38.8,100,26.19,16.05,0,61.1
425.625,18.1,27.35,38.8,100,26.19,16.05,0,61.1
425.6328125,16.65,25.7,38.8,100,26.19,16.05,0,61.1
425.640625,18.15,24.6,38.8,100,26.19,16.05,0,61.1
425.6484375,18.3,23.05,38.8,100,26.19,16.05,0,61.1
425.65625,20.5,24.65,38.8,100,26.19,16.05,0,61.1
425.6640625,18.4,22.9,38.8,100,26.19,16.05,0,61.1
425.671875,19.1,23.55,38.8,100,26.19,16.05,0,61.1
425.6796875,17.65,23.7,38.8,100,26.19,16.05,0,61.1
425.6875,18.75,26.25,38.8,100,26.19,16.05,0,61.1
425.6953125,17.35,26.7,38.8,100,26.19,16.05,0,61.1
425.703125,17.55,28.3,38.8,100,26.19,16.05,0,61.1
425.7109375,20.65,29.7,38.8,100,26.19,16.05,0,61.1
425.71875,25.85,32.45,38.8,100,26.19,16.05,0,61.1
425.7265625,28.2,33,38.8,100,26.19,16.05,0,61.1
425.734375,30.85,33.9,38.8,100,26.19,16.05,0,61.1
425.7421875,34.85,35.15,38.8,100,26.19,16.05,0,61.1
425.75,33.05,32.65,38.8,100,26.19,16.05,0,61.1
425.7578125,32.3,31.1,38.8,100,26.19,16.05,0,61.1
425.765625,29.75,29.35,38.8,100,26.19,16.05,0,61.1
425.7734375,29.9,30.6,38.8,100,26.19,16.05,0,61.1
425.78125,29.45,31.45,38.8,100,26.19,16.05,0,61.1
425.7890625,32.25,33.7,38.8,100,26.19,16.05,0,61.1
425.796875,30.05,32.55,38.8,100,26.19,16.05,0,61.1
425.8046875,31.15,34.55,38.8,100,26.19,16.05,0,61.1
425.8125,31.4,34.2,38.8,100,26.19,16.05,0,61.1
425.8203125,33.5,35.25,38.8,100,26.19,16.05,0,61.1
425.828125,33.1,35.2,38.8,100,26.19,16.05,0,61.1
425.8359375,32.65,36.1,38.8,100,26.19,16.05,0,61.1
425.84375,31.1,36,38.8,100,26.19,16.05,0,61.1
425.8515625,31.25,37.2,38.8,100,26.19,16.05,0,61.1
425.859375,34.05,38.65,38.8,100,26.19,16.05,0,61.1
425.8671875,36.65,39.55,38.8,100,26.19,16.05,0,61.1
425.875,37.95,39.65,38.8,100,26.19,16.05,0,61.1
425.8828125,34.75,38,38.8,100,26.19,16.05,0,61.1
425.890625,33.15,37.5,38.8,100,26.19,16.05,0,61.1
425.8984375,29.05,34.3,38.8,100,26.19,16.05,0,61.1
425.90625,29.15,35.5,38.8,100,26.19,16.05,0,61.1
425.9140625,28.7,36.7,38.8,100,26.19,16.05,0,61.1
425.921875,30.4,38.6,38.8,100,26.19,16.05,0,61.1
425.9296875,28.85,37.4,38.8,100,26.19,16.05,0,61.1
425.9375,30.65,38.7,38.8,100,26.19,16.05,0,61.1
425.9453125,32.2,38.75,38.8,100,26.19,16.05,0,61.1
425.953125,36.7,42,38.8,100,26.19,16.05,0,61.1
425.9609375,40.05,45.05,38.8,100,26.19,16.05,0,61.1
425.96875,41.4,48.25,38.8,100,26.19,16.05,0,61.1
425.9765625,40.7,49.4,38.8,100,26.19,16.05,0,61.1
425.984375,37.7,48.3,38.8,100,26.19,16.05,0,61.1
425.9921875,35.45,46.85,38.8,100,26.19,16.05,0,61.1
426,34.75,46.1,38.8,100,26.19,16.05,0,61.1
426.0078125,38.85,47.05,38.8,100,26.19,16.05,0,61.1
426.015625,38.15,45.6,38.8,100,26.19,16.05,0,61.1
426.0234375,37.85,46.25,38.8,100,26.19,16.05,0,61.1
426.03125,36.55,46,38.8,100,26.19,16.05,0,61.1
426.0390625,39.45,48.6,38.8,100,26.19,16.05,0,61.1
426.046875,38.55,48.05,38.8,100,26.19,16.05,0,61.1
426.0546875,39.25,49,38.8,100,26.19,16.05,0,61.1
426.0625,37.3,47.25,38.8,100,26.19,16.05,0,61.1
426.0703125,37.8,48.2,38.8,100,26.19,16.05,0,61.1
426.078125,38.65,49.15,38.8,100,26.19,16.05,0,61.1
426.0859375,40.8,51.8,38.8,100,26.19,16.05,0,61.1
426.09375,40.25,51.7,38.8,100,26.19,16.05,0,61.1
426.1015625,38.9,50.5,38.8,100,26.19,16.05,0,61.1
426.109375,37.95,48.15,38.8,100,26.19,16.05,0,61.1
426.1171875,35.5,45.25,38.8,100,26.19,16.05,0,61.1
426.125,35,44.35,38.8,100,26.19,16.05,0,61.1
426.1328125,32.05,43.35,38.8,100,26.19,16.05,0,61.1
426.140625,28.35,43.4,38.8,100,26.19,16.05,0,61.1
426.1484375,22.75,41.65,38.8,100,26.19,16.05,0,61.1
426.15625,23.8,43.1,37.6,100,26.62,16.18,0,60.95
426.1640625,22.9,42.25,37.6,100,26.62,16.18,0,60.95
426.171875,24.25,42.75,37.6,100,26.62,16.18,0,60.95
426.1796875,23.55,40.8,37.6,100,26.62,16.18,0,60.95
426.1875,24.95,41.3,37.6,100,26.62,16.18,0,60.95
426.1953125,23.75,39.6,37.6,100,26.62,16.18,0,60.95
426.203125,22.85,38.9,37.6,100,26.62,16.18,0,60.95
426.2109375,18.55,36.6,37.6,100,26.62,16.18,0,60.95
426.21875,14,34.05,37.6,100,26.62,16.18,0,60.95
426.2265625,12.6,31.65,37.6,100,26.62,16.18,0,60.95
426.234375,13.7,31.35,37.6,100,26.62,16.18,0,60.95
426.2421875,16.55,32.9,37.6,100,26.62,16.18,0,60.95
426.25,15,32.15,37.6,100,26.62,16.18,0,60.95
426.2578125,13.15,32.95,37.6,100,26.62,16.18,0,60.95
426.265625,8.3,33.4,37.6,100,26.62,16.18,0,60.95
426.2734375,7.1,35.3,37.6,100,26.62,16.18,0,60.95
426.28125,5.45,33.95,37.6,100,26.62,16.18,0,60.95
426.2890625,8,33.75,37.6,100,26.62,16.18,0,60.95
426.296875,7,30.2,37.6,100,26.62,16.18,0,60.95
426.3046875,9.85,29.65,37.6,100,26.62,16.18,0,60.95
426.3125,11.5,28.25,37.6,100,26.62,16.18,0,60.95
426.3203125,13.4,30.25,37.6,100,26.62,16.18,0,60.95
426.328125,10.6,31.45,37.6,100,26.62,16.18,0,60.95
426.3359375,6.7,32.2,37.6,100,26.62,16.18,0,60.95
426.34375,3,30.25,37.6,100,26.62,16.18,0,60.95
426.3515625,3.5,30.25,37.6,100,26.62,16.18,0,60.95
426.359375,5.85,30.4,37.6,100,26.62,16.18,0,60.95
426.3671875,6.85,29.15,37.6,100,26.62,16.18,0,60.95
426.375,8.6,28.6,37.6,100,26.62,16.18,0,60.95
426.3828125,5.3,25.95,37.6,100,26.62,16.18,0,60.95
426.390625,2.1,24.3,37.6,100,26.62,16.18,0,60.95
426.3984375,-2.4,22.55,37.6,100,26.62,16.18,0,60.95
426.40625,-2.65,23.9,37.6,100,26.62,16.18,0,60.95
426.4140625,-4.1,23.3,37.6,100,26.62,16.18,0,60.95
426.421875,-1.75,25.2,37.6,100,26.62,16.18,0,60.95
426.4296875,-2.25,24.95,37.6,100,26.62,16.18,0,60.95
426.4375,0.05,26.9,37.6,100,26.62,16.18,0,60.95
426.4453125,3.85,28.3,37.6,100,26.62,16.18,0,60.95
426.453125,10.7,31.25,37.6,100,26.62,16.18,0,60.95
426.4609375,13.65,31.65,37.6,100,26.62,16.18,0,60.95
426.46875,12.75,31.75,37.6,100,26.62,16.18,0,60.95
426.4765625,9.9,31.2,37.6,100,26.62,16.18,0,60.95
426.484375,5.6,29.55,37.6,100,26.62,16.18,0,60.95
426.4921875,2.85,28.55,37.6,100,26.62,16.18,0,60.95
426.5,-1.1,26.6,37.6,100,26.62,16.18,0,60.95
426.5078125,-1.4,26.35,37.6,100,26.62,16.18,0,60.95
426.515625,-1,25.7,37.6,100,26.62,16.18,0,60.95
426.5234375,4.9,28.9,37.6,100,26.62,16.18,0,60.95
426.53125,7.8,30.4,37.6,100,26.62,16.18,0,60.95
426.5390625,13.35,33.4,37.6,100,26.62,16.18,0,60.95
426.546875,15.1,32.4,37.6,100,26.62,16.18,0,60.95
426.5546875,16.4,32.75,37.6,100,26.62,16.18,0,60.95
426.5625,13.95,30.7,37.6,100,26.62,16.18,0,60.95
426.5703125,14.95,31.1,37.6,100,26.62,16.18,0,60.95
426.578125,14.95,30.4,37.6,100,26.62,16.18,0,60.95
426.5859375,15.8,31.55,37.6,100,26.62,16.18,0,60.95
426.59375,13.75,30.3,37.6,100,26.62,16.18,0,60.95
426.6015625,9.55,28.3,37.6,100,26.62,16.18,0,60.95
426.609375,8.8,26.7,37.6,100,26.62,16.18,0,60.95
426.6171875,10.35,26.65,37.6,100,26.62,16.18,0,60.95
426.625,11.45,28,37.6,100,26.62,16.18,0,60.95
426.6328125,9.5,27.85,37.6,100,26.62,16.18,0,60.95
426.640625,11.45,29.45,37.6,100,26.62,16.18,0,60.95
426.6484375,11.7,29,37.6,100,26.62,16.18,0,60.95
426.65625,14.85,30.3,37.6,100,26.62,16.18,0,60.95
426.6640625,13.95,29,37.6,100,26.62,16.18,0,60.95
426.671875,13.7,29.6,37.6,100,26.62,16.18,0,60.95
426.6796875,11.8,29.1,37.6,100,26.62,16.18,0,60.95
426.6875,15.15,31.5,37.6,100,26.62,16.18,0,60.95
426.6953125,17.05,32,37.6,100,26.62,16.18,0,60.95
426.703125,16.65,32.2,37.6,100,26.62,16.18,0,60.95
426.7109375,13.65,30.25,37.6,100,26.62,16.18,0,60.95
426.71875,11.95,29.4,37.6,100,26.62,16.18,0,60.95
426.7265625,10.05,28.85,37.6,100,26.62,16.18,0,60.95
426.734375,8.9,29.45,37.6,100,26.62,16.18,0,60.95
426.7421875,12.7,32,37.6,100,26.62,16.18,0,60.95
426.75,14.4,32.35,37.6,100,26.62,16.18,0,60.95
426.7578125,16.95,32.25,37.6,100,26.62,16.18,0,60.95
426.765625,18.25,30.25,37.6,100,26.62,16.18,0,60.95
426.7734375,24.25,32.25,37.6,100,26.62,16.18,0,60.95
426.78125,26.65,33.8,37.6,100,26.62,16.18,0,60.95
426.7890625,29.55,37.2,37.6,100,26.62,16.18,0,60.95
426.796875,28.05,37.25,37.6,100,26.62,16.18,0,60.95
426.8046875,29.4,39.05,37.6,100,26.62,16.18,0,60.95
426.8125,29.9,38,37.6,100,26.62,16.18,0,60.95
426.8203125,32.9,37.8,37.6,100,26.62,16.18,0,60.95
426.828125,34.75,35.95,37.6,100,26.62,16.18,0,60.95
426.8359375,35.4,34.65,37.6,100,26.62,16.18,0,60.95
426.84375,32.8,31.7,37.6,100,26.62,16.18,0,60.95
426.8515625,31.15,29.6,37.6,100,26.62,16.18,0,60.95
426.859375,33.55,29.9,37.6,100,26.62,16.18,0,60.95
426.8671875,34.7,31.7,37.6,100,26.62,16.18,0,60.95
426.875,33.6,33.65,37.6,100,26.62,16.18,0,60.95
426.8828125,26.15,31.7,37.6,100,26.62,16.18,0,60.95
426.890625,21.55,31,37.6,100,26.62,16.18,0,60.95
426.8984375,18.75,30.3,37.6,100,26.62,16.18,0,60.95
426.90625,23.85,33.4,37.6,100,26.62,16.18,0,60.95
426.9140625,27.2,34.15,37.6,100,26.62,16.18,0,60.95
426.921875,32.55,36.55,37.6,100,26.62,16.18,0,60.95
426.9296875,32.95,35.65,37.6,100,26.62,16.18,0,60.95
426.9375,34.35,36.6,37.6,100,26.62,16.18,0,60.95
426.9453125,34.95,36.9,37.6,100,26.62,16.18,0,60.95
426.953125,38.4,39.6,37.6,100,26.62,16.18,0,60.95
426.9609375,40.75,40.55,37.6,100,26.62,16.18,0,60.95
426.96875,43,42.25,37.6,100,26.62,16.18,0,60.95
426.9765625,47.2,44.8,37.6,100,26.62,16.18,0,60.95
426.984375,52.6,47.2,37.6,100,26.62,16.18,0,60.95
426.9921875,57.85,49.65,37.6,100,26.62,16.18,0,60.95
427,59.5,50.5,37.6,100,26.62,16.18,0,60.95
427.0078125,62.15,51.45,37.6,100,26.62,16.18,0,60.95
427.015625,60.75,49.9,37.6,100,26.62,16.18,0,60.95
427.0234375,61.35,50.5,37.6,100,26.62,16.18,0,60.95
427.03125,61.1,49.65,37.6,100,26.62,16.18,0,60.95
427.0390625,64.2,51.6,37.6,100,26.62,16.18,0,60.95
427.046875,65.4,52.4,37.6,100,26.62,16.18,0,60.95
427.0546875,71.95,56.35,37.6,100,26.62,16.18,0,60.95
427.0625,75.15,58.25,37.6,100,26.62,16.18,0,60.95
427.0703125,75.6,59.9,37.6,100,26.62,16.18,0,60.95
427.078125,72.6,57.4,37.6,100,26.62,16.18,0,60.95
427.0859375,70.5,55.25,37.6,100,26.62,16.18,0,60.95
427.09375,68.85,53.45,37.6,100,26.62,16.18,0,60.95
427.1015625,69.05,53.25,37.6,100,26.62,16.18,0,60.95
427.109375,71.2,53.95,37.6,100,26.62,16.18,0,60.95
427.1171875,70.05,53.7,37.6,100,26.62,16.18,0,60.95
427.125,69.8,55.25,37.6,100,26.62,16.18,0,60.95
427.1328125,66.65,55.6,37.6,100,26.62,16.18,0,60.95
427.140625,63.75,55.4,37.6,100,26.62,16.18,0,60.95
427.1484375,58.2,52.25,37.6,100,26.62,16.18,0,60.95
427.15625,57.4,52.3,37.1,100,26.4,16.14,0,60.89
427.1640625,56.95,51.8,37.1,100,26.4,16.14,0,60.89
427.171875,64.2,56,37.1,100,26.4,16.14,0,60.89
427.1796875,69.2,58.35,37.1,100,26.4,16.14,0,60.89
427.1875,71.55,60.2,37.1,100,26.4,16.14,0,60.89
427.1953125,69.9,58.9,37.1,100,26.4,16.14,0,60.89
427.203125,69.2,58.65,37.1,100,26.4,16.14,0,60.89
427.2109375,66.6,56.65,37.1,100,26.4,16.14,0,60.89
427.21875,64.95,55.7,37.1,100,26.4,16.14,0,60.89
427.2265625,65.85,55.95,37.1,100,26.4,16.14,0,60.89
427.234375,67.35,57.35,37.1,100,26.4,16.14,0,60.89
427.2421875,69.95,59.35,37.1,100,26.4,16.14,0,60.89
427.25,67.7,58,37.1,100,26.4,16.14,0,60.89
427.2578125,65.1,56.3,37.1,100,26.4,16.14,0,60.89
427.265625,59.7,52.5,37.1,100,26.4,16.14,0,60.89
427.2734375,58.05,51.5,37.1,100,26.4,16.14,0,60.89
427.28125,56.2,49.45,37.1,100,26.4,16.14,0,60.89
427.2890625,57.4,49.7,37.1,100,26.4,16.14,0,60.89
427.296875,53.7,47.55,37.1,100,26.4,16.14,0,60.89
427.3046875,52.85,47.2,37.1,100,26.4,16.14,0,60.89
427.3125,50.7,44.2,37.1,100,26.4,16.14,0,60.89
427.3203125,49.8,43.35,37.1,100,26.4,16.14,0,60.89
427.328125,47.45,41.1,37.1,100,26.4,16.14,0,60.89
427.3359375,47,40,37.1,100,26.4,16.14,0,60.89
427.34375,48.35,40.55,37.1,100,26.4,16.14,0,60.89
427.3515625,48.95,41.7,37.1,100,26.4,16.14,0,60.89
427.359375,47.3,40.7,37.1,100,26.4,16.14,0,60.89
427.3671875,42.95,37.2,37.1,100,26.4,16.14,0,60.89
427.375,41.7,34.6,37.1,100,26.4,16.14,0,60.89
427.3828125,36.95,31.1,37.1,100,26.4,16.14,0,60.89
427.390625,35.55,30.95,37.1,100,26.4,16.14,0,60.89
427.3984375,33.2,28.45,37.1,100,26.4,16.14,0,60.89
427.40625,33.75,28.2,37.1,100,26.4,16.14,0,60.89
427.4140625,32.2,26.35,37.1,100,26.4,16.14,0,60.89
427.421875,33.85,27.25,37.1,100,26.4,16.14,0,60.89
427.4296875,30.85,25.3,37.1,100,26.4,16.14,0,60.89
427.4375,30.65,26.45,37.1,100,26.4,16.14,0,60.89
427.4453125,30.6,25.9,37.1,100,26.4,16.14,0,60.89
427.453125,30.3,25.5,37.1,100,26.4,16.14,0,60.89
427.4609375,28.05,23.2,37.1,100,26.4,16.14,0,60.89
427.46875,26.15,21,37.1,100,26.4,16.14,0,60.89
427.4765625,24.8,18.6,37.1,100,26.4,16.14,0,60.89
427.484375,23.35,16.55,37.1,100,26.4,16.14,0,60.89
427.4921875,23.35,16.15,37.1,100,26.4,16.14,0,60.89
427.5,20.5,15.55,37.1,100,26.4,16.14,0,60.89
427.5078125,18.5,15.75,37.1,100,26.4,16.14,0,60.89
427.515625,12.85,13.35,37.1,100,26.4,16.14,0,60.89
427.5234375,12.6,13.9,37.1,100,26.4,16.14,0,60.89
427.53125,14.35,13.65,37.1,100,26.4,16.14,0,60.89
427.5390625,20.4,15.55,37.1,100,26.4,16.14,0,60.89
427.546875,22,14.75,37.1,100,26.4,16.14,0,60.89
427.5546875,22.15,15.5,37.1,100,26.4,16.14,0,60.89
427.5625,18.6,14.3,37.1,100,26.4,16.14,0,60.89
427.5703125,19.05,15.05,37.1,100,26.4,16.14,0,60.89
427.578125,19.9,14.65,37.1,100,26.4,16.14,0,60.89
427.5859375,20.15,14.8,37.1,100,26.4,16.14,0,60.89
427.59375,19.85,14.4,37.1,100,26.4,16.14,0,60.89
427.6015625,19.95,14.3,37.1,100,26.4,16.14,0,60.89
427.609375,22.7,15.5,37.1,100,26.4,16.14,0,60.89
427.6171875,23.1,15.7,37.1,100,26.4,16.14,0,60.89
427.625,24,16.65,37.1,100,26.4,16.14,0,60.89
427.6328125,23,15.55,37.1,100,26.4,16.14,0,60.89
427.640625,24.2,16.2,37.1,100,26.4,16.14,0,60.89
427.6484375,20.9,14.7,37.1,100,26.4,16.14,0,60.89
427.65625,20.65,15.6,37.1,100,26.4,16.14,0,60.89
427.6640625,17.25,13.25,37.1,100,26.4,16.14,0,60.89
427.671875,17.65,13.7,37.1,100,26.4,16.14,0,60.89
427.6796875,17.75,13.5,37.1,100,26.4,16.14,0,60.89
427.6875,19.85,15.9,37.1,100,26.4,16.14,0,60.89
427.6953125,20.8,16.9,37.1,100,26.4,16.14,0,60.89
427.703125,25.2,20.15,37.1,100,26.4,16.14,0,60.89
427.7109375,27.4,21.35,37.1,100,26.4,16.14,0,60.89
427.71875,27.5,22.05,37.1,100,26.4,16.14,0,60.89
427.7265625,27.3,22,37.1,100,26.4,16.14,0,60.89
427.734375,24.95,20.85,37.1,100,26.4,16.14,0,60.89
427.7421875,24.3,19.75,37.1,100,26.4,16.14,0,60.89
427.75,23.75,18.4,37.1,100,26.4,16.14,0,60.89
427.7578125,25.4,19.8,37.1,100,26.4,16.14,0,60.89
427.765625,23.95,19.65,37.1,100,26.4,16.14,0,60.89
427.7734375,25.35,20.9,37.1,100,26.4,16.14,0,60.89
427.78125,23.95,19.65,37.1,100,26.4,16.14,0,60.89
427.7890625,26.6,21.95,37.1,100,26.4,16.14,0,60.89
427.796875,28.15,22.6,37.1,100,26.4,16.14,0,60.89
427.8046875,29.85,23.35,37.1,100,26.4,16.14,0,60.89
427.8125,27.85,22,37.1,100,26.4,16.14,0,60.89
427.8203125,28.95,23.6,37.1,100,26.4,16.14,0,60.89
427.828125,30.25,24.2,37.1,100,26.4,16.14,0,60.89
427.8359375,32.35,26.35,37.1,100,26.4,16.14,0,60.89
427.84375,34.15,28.05,37.1,100,26.4,16.14,0,60.89
427.8515625,33.25,27.75,37.1,100,26.4,16.14,0,60.89
427.859375,32.4,27.8,37.1,100,26.4,16.14,0,60.89
427.8671875,31.25,27.95,37.1,100,26.4,16.14,0,60.89
427.875,32.3,28.55,37.1,100,26.4,16.14,0,60.89
427.8828125,30.6,27.8,37.1,100,26.4,16.14,0,60.89
427.890625,32.85,29.55,37.1,100,26.4,16.14,0,60.89
427.8984375,32.05,28.45,37.1,100,26.4,16.14,0,60.89
427.90625,33.15,29.65,37.1,100,26.4,16.14,0,60.89
427.9140625,32.1,29.4,37.1,100,26.4,16.14,0,60.89
427.921875,34.8,32,37.1,100,26.4,16.14,0,60.89
427.9296875,34.55,31.95,37.1,100,26.4,16.14,0,60.89
427.9375,35.5,32.55,37.1,100,26.4,16.14,0,60.89
427.9453125,34.1,30.85,37.1,100,26.4,16.14,0,60.89
427.953125,33.45,30.85,37.1,100,26.4,16.14,0,60.89
427.9609375,32.15,29.95,37.1,100,26.4,16.14,0,60.89
427.96875,31,29.9,37.1,100,26.4,16.14,0,60.89
427.9765625,31.5,30.75,37.1,100,26.4,16.14,0,60.89
427.984375,31.1,30.9,37.1,100,26.4,16.14,0,60.89
427.9921875,31.85,31.1,37.1,100,26.4,16.14,0,60.89
428,32.25,30.2,37.1,100,26.4,16.14,0,60.89
428.0078125,34.75,30.85,37.1,100,26.4,16.14,0,60.89
428.015625,32.1,29.3,37.1,100,26.4,16.14,0,60.89
428.0234375,32.65,31.25,37.1,100,26.4,16.14,0,60.89
428.03125,31.65,32.05,37.1,100,26.4,16.14,0,60.89
428.0390625,31.1,32.9,37.1,100,26.4,16.14,0,60.89
428.046875,26.35,29.35,37.1,100,26.4,16.14,0,60.89
428.0546875,24.55,28.55,37.1,100,26.4,16.14,0,60.89
428.0625,21.8,25.8,37.1,100,26.4,16.14,0,60.89
428.0703125,22.7,24.85,37.1,100,26.4,16.14,0,60.89
428.078125,23.15,24.1,37.1,100,26.4,16.14,0,60.89
428.0859375,23.9,25.2,37.1,100,26.4,16.14,0,60.89
428.09375,25.3,25.85,37.1,100,26.4,16.14,0,60.89
428.1015625,24,25.85,37.1,100,26.4,16.14,0,60.89
428.109375,21.7,25.65,37.1,100,26.4,16.14,0,60.89
428.1171875,19.55,25.15,37.1,100,26.4,16.14,0,60.89
428.125,21.45,26.85,37.1,100,26.4,16.14,0,60.89
428.1328125,21.55,26.3,37.1,100,26.4,16.14,0,60.89
428.140625,23,26,37.1,100,26.4,16.14,0,60.89
428.1484375,19.45,23.4,37.1,100,26.4,16.14,0,60.89
428.15625,20.95,24.65,38.1,100,26.67,16.32,0,60.75
428.1640625,22.65,25.05,38.1,100,26.67,16.32,0,60.75
428.171875,27.05,27.5,38.1,100,26.67,16.32,0,60.75
428.1796875,28,27.55,38.1,100,26.67,16.32,0,60.75
428.1875,31.05,29.7,38.1,100,26.67,16.32,0,60.75
428.1953125,33,30.65,38.1,100,26.67,16.32,0,60.75
428.203125,35.2,32.5,38.1,100,26.67,16.32,0,60.75
428.2109375,35.6,32.8,38.1,100,26.67,16.32,0,60.75
428.21875,35.95,32.8,38.1,100,26.67,16.32,0,60.75
428.2265625,37.25,32.75,38.1,100,26.67,16.32,0,60.75
428.234375,36.75,32.7,38.1,100,26.67,16.32,0,60.75
428.2421875,39.05,34,38.1,100,26.67,16.32,0,60.75
428.25,39.65,33,38.1,100,26.67,16.32,0,60.75
428.2578125,42.15,33.35,38.1,100,26.67,16.32,0,60.75
428.265625,43,33.25,38.1,100,26.67,16.32,0,60.75
428.2734375,46.3,35.8,38.1,100,26.67,16.32,0,60.75
428.28125,45,35.05,38.1,100,26.67,16.32,0,60.75
428.2890625,44.95,35.3,38.1,100,26.67,16.32,0,60.75
428.296875,40.05,32.15,38.1,100,26.67,16.32,0,60.75
428.3046875,38.2,31.7,38.1,100,26.67,16.32,0,60.75
428.3125,40.6,32.3,38.1,100,26.67,16.32,0,60.75
428.3203125,49.25,37.05,38.1,100,26.67,16.32,0,60.75
428.328125,55.5,40.45,38.1,100,26.67,16.32,0,60.75
428.3359375,57.4,42.4,38.1,100,26.67,16.32,0,60.75
428.34375,57.4,41.5,38.1,100,26.67,16.32,0,60.75
428.3515625,56.75,40.35,38.1,100,26.67,16.32,0,60.75
428.359375,56.25,39.6,38.1,100,26.67,16.32,0,60.75
428.3671875,55.1,38.05,38.1,100,26.67,16.32,0,60.75
428.375,60.15,39.6,38.1,100,26.67,16.32,0,60.75
428.3828125,62.35,40.55,38.1,100,26.67,16.32,0,60.75
428.390625,63.85,41.25,38.1,100,26.67,16.32,0,60.75
428.3984375,60.45,38.5,38.1,100,26.67,16.32,0,60.75
428.40625,61,40.1,38.1,100,26.67,16.32,0,60.75
428.4140625,60.85,41.25,38.1,100,26.67,16.32,0,60.75
428.421875,64.45,44.3,38.1,100,26.67,16.32,0,60.75
428.4296875,65.55,44.15,38.1,100,26.67,16.32,0,60.75
428.4375,69.7,45.85,38.1,100,26.67,16.32,0,60.75
428.4453125,70.55,46.4,38.1,100,26.67,16.32,0,60.75
428.453125,67.95,46.45,38.1,100,26.67,16.32,0,60.75
428.4609375,63.05,43.35,38.1,100,26.67,16.32,0,60.75
428.46875,59.55,40.35,38.1,100,26.67,16.32,0,60.75
428.4765625,57.65,38.6,38.1,100,26.67,16.32,0,60.75
428.484375,55.6,38.1,38.1,100,26.67,16.32,0,60.75
428.4921875,57.9,40.6,38.1,100,26.67,16.32,0,60.75
428.5,60.05,41.9,38.1,100,26.67,16.32,0,60.75
428.5078125,63.1,43.15,38.1,100,26.67,16.32,0,60.75
428.515625,61.4,41.7,38.1,100,26.67,16.32,0,60.75
428.5234375,63.15,42.45,38.1,100,26.67,16.32,0,60.75
428.53125,63.85,42,38.1,100,26.67,16.32,0,60.75
428.5390625,67.65,45.45,38.1,100,26.67,16.32,0,60.75
428.546875,67.95,46.05,38.1,100,26.67,16.32,0,60.75
428.5546875,69.6,47.55,38.1,100,26.67,16.32,0,60.75
428.5625,69.55,46.95,38.1,100,26.67,16.32,0,60.75
428.5703125,71.15,47.35,38.1,100,26.67,16.32,0,60.75
428.578125,71.1,45.95,38.1,100,26.67,16.32,0,60.75
428.5859375,71.85,45.85,38.1,100,26.67,16.32,0,60.75
428.59375,73.05,46.4,38.1,100,26.67,16.32,0,60.75
428.6015625,72.6,46.65,38.1,100,26.67,16.32,0,60.75
428.609375,76,47.4,38.1,100,26.67,16.32,0,60.75
428.6171875,80.1,47,38.1,100,26.67,16.32,0,60.75
428.625,83.45,48.2,38.1,100,26.67,16.32,0,60.75
428.6328125,80.4,46.25,38.1,100,26.67,16.32,0,60.75
428.640625,79.1,45.45,38.1,100,26.67,16.32,0,60.75
428.6484375,75,43.05,38.1,100,26.67,16.32,0,60.75
428.65625,76.65,44.45,38.1,100,26.67,16.32,0,60.75
428.6640625,78.8,45.2,38.1,100,26.67,16.32,0,60.75
428.671875,84.15,50,38.1,100,26.67,16.32,0,60.75
428.6796875,83.95,50.55,38.1,100,26.67,16.32,0,60.75
428.6875,81.95,49.2,38.1,100,26.67,16.32,0,60.75
428.6953125,76.4,44.75,38.1,100,26.67,16.32,0,60.75
428.703125,73.5,43,38.1,100,26.67,16.32,0,60.75
428.7109375,75.15,43.9,38.1,100,26.67,16.32,0,60.75
428.71875,79.5,47.4,38.1,100,26.67,16.32,0,60.75
428.7265625,82.7,49.7,38.1,100,26.67,16.32,0,60.75
428.734375,82.55,49.2,38.1,100,26.67,16.32,0,60.75
428.7421875,83,47.7,38.1,100,26.67,16.32,0,60.75
428.75,80.45,44.25,38.1,100,26.67,16.32,0,60.75
428.7578125,82.6,46.15,38.1,100,26.67,16.32,0,60.75
428.765625,82.3,47.4,38.1,100,26.67,16.32,0,60.75
428.7734375,81.75,47.7,38.1,100,26.67,16.32,0,60.75
428.78125,77.75,45.4,38.1,100,26.67,16.32,0,60.75
428.7890625,76.35,45.3,38.1,100,26.67,16.32,0,60.75
428.796875,71.4,40.05,38.1,100,26.67,16.32,0,60.75
428.8046875,71.25,37.8,38.1,100,26.67,16.32,0,60.75
428.8125,72.95,38.4,38.1,100,26.67,16.32,0,60.75
428.8203125,74.35,42.3,38.1,100,26.67,16.32,0,60.75
428.828125,72.35,42.95,38.1,100,26.67,16.32,0,60.75
428.8359375,71.1,41.75,38.1,100,26.67,16.32,0,60.75
428.84375,69.15,37.95,38.1,100,26.67,16.32,0,60.75
428.8515625,64.3,32.85,38.1,100,26.67,16.32,0,60.75
428.859375,63.45,31.4,38.1,100,26.67,16.32,0,60.75
428.8671875,65.45,33.55,38.1,100,26.67,16.32,0,60.75
428.875,69,36.2,38.1,100,26.67,16.32,0,60.75
428.8828125,66.65,33.65,38.1,100,26.67,16.32,0,60.75
428.890625,64.85,31.75,38.1,100,26.67,16.32,0,60.75
428.8984375,59.35,28.15,38.1,100,26.67,16.32,0,60.75
428.90625,58.7,28.65,38.1,100,26.67,16.32,0,60.75
428.9140625,59.35,29.45,38.1,100,26.67,16.32,0,60.75
428.921875,62.85,31.9,38.1,100,26.67,16.32,0,60.75
428.9296875,60.95,30.2,38.1,100,26.67,16.32,0,60.75
428.9375,58.75,29.15,38.1,100,26.67,16.32,0,60.75
428.9453125,54.8,26.85,38.1,100,26.67,16.32,0,60.75
428.953125,53.55,26.8,38.1,100,26.67,16.32,0,60.75
428.9609375,55.15,28.1,38.1,100,26.67,16.32,0,60.75
428.96875,55.7,29.25,38.1,100,26.67,16.32,0,60.75
428.9765625,53.1,28.05,38.1,100,26.67,16.32,0,60.75
428.984375,47.1,24.05,38.1,100,26.67,16.32,0,60.75
428.9921875,45.45,22,38.1,100,26.67,16.32,0,60.75
429,46.9,22.1,38.1,100,26.67,16.32,0,60.75
429.0078125,55.75,26.65,38.1,100,26.67,16.32,0,60.75
429.015625,58.3,27.75,38.1,100,26.67,16.32,0,60.75
429.0234375,56.55,27.8,38.1,100,26.67,16.32,0,60.75
429.03125,50.85,23.05,38.1,100,26.67,16.32,0,60.75
429.0390625,51.35,21.6,38.1,100,26.67,16.32,0,60.75
429.046875,51.7,21.8,38.1,100,26.67,16.32,0,60.75
429.0546875,53.45,24.65,38.1,100,26.67,16.32,0,60.75
429.0625,51.3,23.35,38.1,100,26.67,16.32,0,60.75
429.0703125,50.3,22.9,38.1,100,26.67,16.32,0,60.75
429.078125,51.1,23.1,38.1,100,26.67,16.32,0,60.75
429.0859375,54.65,26,38.1,100,26.67,16.32,0,60.75
429.09375,57.8,27.6,38.1,100,26.67,16.32,0,60.75
429.1015625,55.6,24.9,38.1,100,26.67,16.32,0,60.75
429.109375,50.35,20.65,38.1,100,26.67,16.32,0,60.75
429.1171875,41.85,16.6,38.1,100,26.67,16.32,0,60.75
429.125,38.65,16.5,38.1,100,26.67,16.32,0,60.75
429.1328125,37.45,16.05,38.1,100,26.67,16.32,0,60.75
429.140625,40.5,17.05,38.1,100,26.67,16.32,0,60.75
429.1484375,41.2,15,38.1,100,26.67,16.32,0,60.75
429.15625,46,15.9,40,100,26.41,16.54,0,60.55
429.1640625,44.3,13.65,40,100,26.41,16.54,0,60.55
429.171875,40.5,12.1,40,100,26.41,16.54,0,60.55
429.1796875,37.1,9.9,40,100,26.41,16.54,0,60.55
429.1875,37,11.9,40,100,26.41,16.54,0,60.55
429.1953125,31.7,12.05,40,100,26.41,16.54,0,60.55
429.203125,26.7,10.9,40,100,26.41,16.54,0,60.55
429.2109375,27.1,9.85,40,100,26.41,16.54,0,60.55
429.21875,29.3,10.3,40,100,26.41,16.54,0,60.55
429.2265625,29.3,9.5,40,100,26.41,16.54,0,60.55
429.234375,24.8,7.15,40,100,26.41,16.54,0,60.55
429.2421875,26.75,9.15,40,100,26.41,16.54,0,60.55
429.25,29.3,10.85,40,100,26.41,16.54,0,60.55
429.2578125,28.55,10.7,40,100,26.41,16.54,0,60.55
429.265625,21.6,6.85,40,100,26.41,16.54,0,60.55
429.2734375,21.7,6.85,40,100,26.41,16.54,0,60.55
429.28125,20.7,5.8,40,100,26.41,16.54,0,60.55
429.2890625,19.4,6.15,40,100,26.41,16.54,0,60.55
429.296875,15.65,3.7,40,100,26.41,16.54,0,60.55
429.3046875,17.45,4.05,40,100,26.41,16.54,0,60.55
429.3125,19.2,2.85,40,100,26.41,16.54,0,60.55
429.3203125,21.45,3.1,40,100,26.41,16.54,0,60.55
429.328125,25.45,6.1,40,100,26.41,16.54,0,60.55
429.3359375,27.3,10.45,40,100,26.41,16.54,0,60.55
429.34375,21.1,8.2,40,100,26.41,16.54,0,60.55
429.3515625,14.1,3.35,40,100,26.41,16.54,0,60.55
429.359375,17,4.2,40,100,26.41,16.54,0,60.55
429.3671875,20.75,6.45,40,100,26.41,16.54,0,60.55
429.375,24.5,8.15,40,100,26.41,16.54,0,60.55
429.3828125,24.45,7.1,40,100,26.41,16.54,0,60.55
429.390625,24.55,8.7,40,100,26.41,16.54,0,60.55
429.3984375,16.15,5.7,40,100,26.41,16.54,0,60.55
429.40625,6.45,1.45,40,100,26.41,16.54,0,60.55
429.4140625,-1.55,-2.75,40,100,26.41,16.54,0,60.55
429.421875,4.35,1.85,40,100,26.41,16.54,0,60.55
429.4296875,12.45,7.05,40,100,26.41,16.54,0,60.55
429.4375,14.85,9.25,40,100,26.41,16.54,0,60.55
429.4453125,11.3,4.75,40,100,26.41,16.54,0,60.55
429.453125,10.45,2,40,100,26.41,16.54,0,60.55
429.4609375,10.25,0.85,40,100,26.41,16.54,0,60.55
429.46875,8.35,-0.6,40,100,26.41,16.54,0,60.55
429.4765625,8.9,0.2,40,100,26.41,16.54,0,60.55
429.484375,10.05,3.5,40,100,26.41,16.54,0,60.55
429.4921875,10.55,5.5,40,100,26.41,16.54,0,60.55
429.5,5.85,2.3,40,100,26.41,16.54,0,60.55
429.5078125,5.05,1.8,40,100,26.41,16.54,0,60.55
429.515625,5.2,2.35,40,100,26.41,16.54,0,60.55
429.5234375,9.6,5.35,40,100,26.41,16.54,0,60.55
429.53125,11.4,5.3,40,100,26.41,16.54,0,60.55
429.5390625,14.3,5.9,40,100,26.41,16.54,0,60.55
429.546875,12.7,3.35,40,100,26.41,16.54,0,60.55
429.5546875,8.05,1.35,40,100,26.41,16.54,0,60.55
429.5625,-1.85,-3.4,40,100,26.41,16.54,0,60.55
429.5703125,-8.95,-6.2,40,100,26.41,16.54,0,60.55
429.578125,-9.3,-5.5,40,100,26.41,16.54,0,60.55
429.5859375,-5.55,-0.65,40,100,26.41,16.54,0,60.55
429.59375,-5.1,2.25,40,100,26.41,16.54,0,60.55
429.6015625,-10.55,-0.55,40,100,26.41,16.54,0,60.55
429.609375,-13.05,-4.7,40,100,26.41,16.54,0,60.55
429.6171875,-15.05,-9.85,40,100,26.41,16.54,0,60.55
429.625,-14.15,-12.05,40,100,26.41,16.54,0,60.55
429.6328125,-16.5,-13.8,40,100,26.41,16.54,0,60.55
429.640625,-13.05,-10.4,40,100,26.41,16.54,0,60.55
429.6484375,-8.85,-6.85,40,100,26.41,16.54,0,60.55
429.65625,-3.75,-1.6,40,100,26.41,16.54,0,60.55
429.6640625,-5.65,-2.3,40,100,26.41,16.54,0,60.55
429.671875,-8.2,-2.6,40,100,26.41,16.54,0,60.55
429.6796875,-12.75,-3.4,40,100,26.41,16.54,0,60.55
429.6875,-11,-0.75,40,100,26.41,16.54,0,60.55
429.6953125,-8.65,0.4,40,100,26.41,16.54,0,60.55
429.703125,-10.45,-0.3,40,100,26.41,16.54,0,60.55
429.7109375,-12.75,-2,40,100,26.41,16.54,0,60.55
429.71875,-11.35,-1.75,40,100,26.41,16.54,0,60.55
429.7265625,-8.9,-1.2,40,100,26.41,16.54,0,60.55
429.734375,-10.4,-3.7,40,100,26.41,16.54,0,60.55
429.7421875,-13.25,-5.8,40,100,26.41,16.54,0,60.55
429.75,-22.55,-9.85,40,100,26.41,16.54,0,60.55
429.7578125,-29.85,-11.85,40,100,26.41,16.54,0,60.55
429.765625,-32.95,-13.2,40,100,26.41,16.54,0,60.55
429.7734375,-22.8,-7.35,40,100,26.41,16.54,0,60.55
429.78125,-9.35,0.1,40,100,26.41,16.54,0,60.55
429.7890625,1.1,6.25,40,100,26.41,16.54,0,60.55
429.796875,-0.85,3.75,40,100,26.41,16.54,0,60.55
429.8046875,-7,0.5,40,100,26.41,16.54,0,60.55
429.8125,-14.95,-3.7,40,100,26.41,16.54,0,60.55
429.8203125,-18.45,-6,40,100,26.41,16.54,0,60.55
429.828125,-17.45,-6.55,40,100,26.41,16.54,0,60.55
429.8359375,-15.85,-5.7,40,100,26.41,16.54,0,60.55
429.84375,-14.15,-4.15,40,100,26.41,16.54,0,60.55
429.8515625,-13.45,-2.45,40,100,26.41,16.54,0,60.55
429.859375,-12.6,-1.6,40,100,26.41,16.54,0,60.55
429.8671875,-17.4,-5.85,40,100,26.41,16.54,0,60.55
429.875,-20.15,-8.35,40,100,26.41,16.54,0,60.55
429.8828125,-23.15,-10.15,40,100,26.41,16.54,0,60.55
429.890625,-21.85,-8.6,40,100,26.41,16.54,0,60.55
429.8984375,-25.3,-9.9,40,100,26.41,16.54,0,60.55
429.90625,-24.8,-9.2,40,100,26.41,16.54,0,60.55
429.9140625,-21.55,-8.05,40,100,26.41,16.54,0,60.55
429.921875,-14.55,-3.3,40,100,26.41,16.54,0,60.55
429.9296875,-14.1,-2.9,40,100,26.41,16.54,0,60.55
429.9375,-16.05,-4.2,40,100,26.41,16.54,0,60.55
429.9453125,-21.45,-7.15,40,100,26.41,16.54,0,60.55
429.953125,-24.25,-8.65,40,100,26.41,16.54,0,60.55
429.9609375,-19.95,-9.3,40,100,26.41,16.54,0,60.55
429.96875,-12.65,-7.85,40,100,26.41,16.54,0,60.55
429.9765625,-8.9,-5.75,40,100,26.41,16.54,0,60.55
429.984375,-10.2,-5.3,40,100,26.41,16.54,0,60.55
429.9921875,-9.35,-3.3,40,100,26.41,16.54,0,60.55
430,-12.05,-4.05,40,100,26.41,16.54,0,60.55
430.0078125,-12.65,-3.7,40,100,26.41,16.54,0,60.55
430.015625,-12.35,-3.9,40,100,26.41,16.54,0,60.55
430.0234375,-8.15,-3.05,40,100,26.41,16.54,0,60.55
430.03125,-8.7,-6.05,40,100,26.41,16.54,0,60.55
430.0390625,-6.2,-5.75,40,100,26.41,16.54,0,60.55
430.046875,-6.25,-6.9,40,100,26.41,16.54,0,60.55
430.0546875,-7,-6.75,40,100,26.41,16.54,0,60.55
430.0625,-8.3,-6.65,40,100,26.41,16.54,0,60.55
430.0703125,-6.75,-3.5,40,100,26.41,16.54,0,60.55
430.078125,-7.6,-1.05,40,100,26.41,16.54,0,60.55
430.0859375,-10.15,-0.6,40,100,26.41,16.54,0,60.55
430.09375,-13.3,-1.9,40,100,26.41,16.54,0,60.55
430.1015625,-18.9,-4.35,40,100,26.41,16.54,0,60.55
430.109375,-19.4,-5.55,40,100,26.41,16.54,0,60.55
430.1171875,-18.55,-6.95,40,100,26.41,16.54,0,60.55
430.125,-14.05,-4.05,40,100,26.41,16.54,0,60.55
430.1328125,-11.05,-2.35,40,100,26.41,16.54,0,60.55
430.140625,-7.5,1.3,40,100,26.41,16.54,0,60.55
430.1484375,-11.35,1.1,40,100,26.41,16.54,0,60.55
430.15625,-12.85,0.85,40.1,100,26.38,16.43,0,60.65
430.1640625,-16,-3.05,40.1,100,26.38,16.43,0,60.65
430.171875,-16.25,-2.55,40.1,100,26.38,16.43,0,60.65
430.1796875,-15.65,-2.05,40.1,100,26.38,16.43,0,60.65
430.1875,-9.75,0.95,40.1,100,26.38,16.43,0,60.65
430.1953125,-4.65,2.8,40.1,100,26.38,16.43,0,60.65
430.203125,-2.2,5.25,40.1,100,26.38,16.43,0,60.65
430.2109375,-1.7,6.15,40.1,100,26.38,16.43,0,60.65
430.21875,-1.4,6.05,40.1,100,26.38,16.43,0,60.65
430.2265625,-0.5,5.35,40.1,100,26.38,16.43,0,60.65
430.234375,-1.85,4,40.1,100,26.38,16.43,0,60.65
430.2421875,0.55,5.35,40.1,100,26.38,16.43,0,60.65
430.25,1.1,6.2,40.1,100,26.38,16.43,0,60.65
430.2578125,2.15,7.4,40.1,100,26.38,16.43,0,60.65
430.265625,-1.25,5.8,40.1,100,26.38,16.43,0,60.65
430.2734375,0.1,8.3,40.1,100,26.38,16.43,0,60.65
430.28125,1.65,10.3,40.1,100,26.38,16.43,0,60.65
430.2890625,5.8,12.7,40.1,100,26.38,16.43,0,60.65
430.296875,7,11.85,40.1,100,26.38,16.43,0,60.65
430.3046875,9.3,13.15,40.1,100,26.38,16.43,0,60.65
430.3125,8.15,12.65,40.1,100,26.38,16.43,0,60.65
430.3203125,7,11.6,40.1,100,26.38,16.43,0,60.65
430.328125,8.6,11.45,40.1,100,26.38,16.43,0,60.65
430.3359375,11.9,14.15,40.1,100,26.38,16.43,0,60.65
430.34375,13.5,16.8,40.1,100,26.38,16.43,0,60.65
430.3515625,11.55,16.8,40.1,100,26.38,16.43,0,60.65
430.359375,11.3,17.5,40.1,100,26.38,16.43,0,60.65
430.3671875,9.4,17.2,40.1,100,26.38,16.43,0,60.65
430.375,11.75,19.05,40.1,100,26.38,16.43,0,60.65
430.3828125,13.3,19.35,40.1,100,26.38,16.43,0,60.65
430.390625,18.15,22.1,40.1,100,26.38,16.43,0,60.65
430.3984375,20.35,22.9,40.1,100,26.38,16.43,0,60.65
430.40625,21.55,24.45,40.1,100,26.38,16.43,0,60.65
430.4140625,15.8,21.4,40.1,100,26.38,16.43,0,60.65
430.421875,14.95,21.5,40.1,100,26.38,16.43,0,60.65
430.4296875,15.55,22.2,40.1,100,26.38,16.43,0,60.65
430.4375,16.8,23.85,40.1,100,26.38,16.43,0,60.65
430.4453125,16.95,22.4,40.1,100,26.38,16.43,0,60.65
430.453125,17.55,21.15,40.1,100,26.38,16.43,0,60.65
430.4609375,18.85,21.4,40.1,100,26.38,16.43,0,60.65
430.46875,19.65,22.75,40.1,100,26.38,16.43,0,60.65
430.4765625,19.9,24.15,40.1,100,26.38,16.43,0,60.65
430.484375,18.3,25.05,40.1,100,26.38,16.43,0,60.65
430.4921875,21.6,28.25,40.1,100,26.38,16.43,0,60.65
430.5,25.25,30.45,40.1,100,26.38,16.43,0,60.65
430.5078125,32.45,33.8,40.1,100,26.38,16.43,0,60.65
430.515625,35.65,32.85,40.1,100,26.38,16.43,0,60.65
430.5234375,37.1,31.25,40.1,100,26.38,16.43,0,60.65
430.53125,32.75,27.25,40.1,100,26.38,16.43,0,60.65
430.5390625,31.95,26.8,40.1,100,26.38,16.43,0,60.65
430.546875,30.05,25.8,40.1,100,26.38,16.43,0,60.65
430.5546875,30.4,27.45,40.1,100,26.38,16.43,0,60.65
430.5625,30.65,28.2,40.1,100,26.38,16.43,0,60.65
430.5703125,30.4,27.7,40.1,100,26.38,16.43,0,60.65
430.578125,27.15,24.35,40.1,100,26.38,16.43,0,60.65
430.5859375,23.85,21.75,40.1,100,26.38,16.43,0,60.65
430.59375,23.3,20.6,40.1,100,26.38,16.43,0,60.65
430.6015625,22.6,20,40.1,100,26.38,16.43,0,60.65
430.609375,26,22.7,40.1,100,26.38,16.43,0,60.65
430.6171875,29.15,25.3,40.1,100,26.38,16.43,0,60.65
430.625,34.3,28.25,40.1,100,26.38,16.43,0,60.65
430.6328125,36.35,27.95,40.1,100,26.38,16.43,0,60.65
430.640625,39.8,29.75,40.1,100,26.38,16.43,0,60.65
430.6484375,37.9,28.1,40.1,100,26.38,16.43,0,60.65
430.65625,36.95,26.65,40.1,100,26.38,16.43,0,60.65
430.6640625,31.5,23,40.1,100,26.38,16.43,0,60.65
430.671875,26.9,22.5,40.1,100,26.38,16.43,0,60.65
430.6796875,21.3,20.3,40.1,100,26.38,16.43,0,60.65
430.6875,16.95,18.5,40.1,100,26.38,16.43,0,60.65
430.6953125,12.8,15.35,40.1,100,26.38,16.43,0,60.65
430.703125,11.8,14.5,40.1,100,26.38,16.43,0,60.65
430.7109375,12.1,14.6,40.1,100,26.38,16.43,0,60.65
430.71875,11,14.55,40.1,100,26.38,16.43,0,60.65
430.7265625,12.15,15.1,40.1,100,26.38,16.43,0,60.65
430.734375,12.75,15.4,40.1,100,26.38,16.43,0,60.65
430.7421875,16.1,17.05,40.1,100,26.38,16.43,0,60.65
430.75,17.5,17.65,40.1,100,26.38,16.43,0,60.65
430.7578125,20.1,19.65,40.1,100,26.38,16.43,0,60.65
430.765625,16.75,17.35,40.1,100,26.38,16.43,0,60.65
430.7734375,16.4,16.75,40.1,100,26.38,16.43,0,60.65
430.78125,16,15.85,40.1,100,26.38,16.43,0,60.65
430.7890625,17.85,17.9,40.1,100,26.38,16.43,0,60.65
430.796875,16.15,17.25,40.1,100,26.38,16.43,0,60.65
430.8046875,17.1,17.75,40.1,100,26.38,16.43,0,60.65
430.8125,17.35,17.3,40.1,100,26.38,16.43,0,60.65
430.8203125,17.7,17.5,40.1,100,26.38,16.43,0,60.65
430.828125,19.4,17.5,40.1,100,26.38,16.43,0,60.65
430.8359375,22.45,19.05,40.1,100,26.38,16.43,0,60.65
430.84375,25.35,21.1,40.1,100,26.38,16.43,0,60.65
430.8515625,24.75,20.9,40.1,100,26.38,16.43,0,60.65
430.859375,26.25,22.15,40.1,100,26.38,16.43,0,60.65
430.8671875,26.6,21.95,40.1,100,26.38,16.43,0,60.65
430.875,30.95,23.95,40.1,100,26.38,16.43,0,60.65
430.8828125,32.95,24.9,40.1,100,26.38,16.43,0,60.65
430.890625,35.25,27,40.1,100,26.38,16.43,0,60.65
430.8984375,32.65,24.65,40.1,100,26.38,16.43,0,60.65
430.90625,34.05,25.7,40.1,100,26.38,16.43,0,60.65
430.9140625,33.9,25,40.1,100,26.38,16.43,0,60.65
430.921875,36.2,26.35,40.1,100,26.38,16.43,0,60.65
430.9296875,37.15,25.9,40.1,100,26.38,16.43,0,60.65
430.9375,36.9,25.65,40.1,100,26.38,16.43,0,60.65
430.9453125,35.3,24.25,40.1,100,26.38,16.43,0,60.65
430.953125,37.1,25.45,40.1,100,26.38,16.43,0,60.65
430.9609375,39.85,26.4,40.1,100,26.38,16.43,0,60.65
430.96875,40.15,26.75,40.1,100,26.38,16.43,0,60.65
430.9765625,41.55,27.55,40.1,100,26.38,16.43,0,60.65
430.984375,38,25.45,40.1,100,26.38,16.43,0,60.65
430.9921875,35.5,24.1,40.1,100,26.38,16.43,0,60.65
431,33.5,23,40.1,100,26.38,16.43,0,60.65
431.0078125,36.7,25.8,40.1,100,26.38,16.43,0,60.65
431.015625,37.7,27.8,40.1,100,26.38,16.43,0,60.65
431.0234375,41.75,31.1,40.1,100,26.38,16.43,0,60.65
431.03125,41.75,30.6,40.1,100,26.38,16.43,0,60.65
431.0390625,44.05,31.75,40.1,100,26.38,16.43,0,60.65
431.046875,44.2,30.9,40.1,100,26.38,16.43,0,60.65
431.0546875,44.65,32.1,40.1,100,26.38,16.43,0,60.65
431.0625,47.2,34.55,40.1,100,26.38,16.43,0,60.65
431.0703125,51.3,37.35,40.1,100,26.38,16.43,0,60.65
431.078125,50.65,36.1,40.1,100,26.38,16.43,0,60.65
431.0859375,47.85,34.2,40.1,100,26.38,16.43,0,60.65
431.09375,49.55,35.55,40.1,100,26.38,16.43,0,60.65
431.1015625,50.65,37.85,40.1,100,26.38,16.43,0,60.65
431.109375,53.6,41.8,40.1,100,26.38,16.43,0,60.65
431.1171875,54.4,43.3,40.1,100,26.38,16.43,0,60.65
431.125,56.35,45.2,40.1,100,26.38,16.43,0,60.65
431.1328125,54.55,44.15,40.1,100,26.38,16.43,0,60.65
431.140625,56.05,44.8,40.1,100,26.38,16.43,0,60.65
431.1484375,54.9,43.8,40.1,100,26.38,16.43,0,60.65
431.15625,57,46.65,38.6,100,26.2,16.14,0,60.92
431.1640625,57.4,47.5,38.6,100,26.2,16.14,0,60.92
431.171875,58.8,48.8,38.6,100,26.2,16.14,0,60.92
431.1796875,57.55,47.35,38.6,100,26.2,16.14,0,60.92
431.1875,58.85,47.3,38.6,100,26.2,16.14,0,60.92
431.1953125,60.4,47.9,38.6,100,26.2,16.14,0,60.92
431.203125,60.7,49.4,38.6,100,26.2,16.14,0,60.92
431.2109375,59.65,49.5,38.6,100,26.2,16.14,0,60.92
431.21875,54.45,48.1,38.6,100,26.2,16.14,0,60.92
431.2265625,52.2,48.3,38.6,100,26.2,16.14,0,60.92
431.234375,52.75,47.95,38.6,100,26.2,16.14,0,60.92
431.2421875,55.8,48.5,38.6,100,26.2,16.14,0,60.92
431.25,54.45,47.25,38.6,100,26.2,16.14,0,60.92
431.2578125,55.35,48.7,38.6,100,26.2,16.14,0,60.92
431.265625,52.5,46.95,38.6,100,26.2,16.14,0,60.92
431.2734375,52.3,46.85,38.6,100,26.2,16.14,0,60.92
431.28125,50.35,46,38.6,100,26.2,16.14,0,60.92
431.2890625,52.75,48.75,38.6,100,26.2,16.14,0,60.92
431.296875,55.5,50.8,38.6,100,26.2,16.14,0,60.92
431.3046875,57.3,52.3,38.6,100,26.2,16.14,0,60.92
431.3125,53.25,48.6,38.6,100,26.2,16.14,0,60.92
431.3203125,49.35,45.85,38.6,100,26.2,16.14,0,60.92
431.328125,47.05,44.95,38.6,100,26.2,16.14,0,60.92
431.3359375,46.75,46.25,38.6,100,26.2,16.14,0,60.92
431.34375,48.95,49.05,38.6,100,26.2,16.14,0,60.92
431.3515625,48.3,49.5,38.6,100,26.2,16.14,0,60.92
431.359375,52.7,51.35,38.6,100,26.2,16.14,0,60.92
431.3671875,58.1,52.7,38.6,100,26.2,16.14,0,60.92
431.375,60.05,52.2,38.6,100,26.2,16.14,0,60.92
431.3828125,52.4,46.35,38.6,100,26.2,16.14,0,60.92
431.390625,47.95,44.5,38.6,100,26.2,16.14,0,60.92
431.3984375,42.1,41.45,38.6,100,26.2,16.14,0,60.92
431.40625,41.75,42.3,38.6,100,26.2,16.14,0,60.92
431.4140625,44.95,44,38.6,100,26.2,16.14,0,60.92
431.421875,52.05,47.75,38.6,100,26.2,16.14,0,60.92
431.4296875,54.9,48.95,38.6,100,26.2,16.14,0,60.92
431.4375,53.95,49.45,38.6,100,26.2,16.14,0,60.92
431.4453125,47.85,45.25,38.6,100,26.2,16.14,0,60.92
431.453125,41.05,40.7,38.6,100,26.2,16.14,0,60.92
431.4609375,37.2,38.55,38.6,100,26.2,16.14,0,60.92
431.46875,35.85,38.2,38.6,100,26.2,16.14,0,60.92
431.4765625,39.55,40.75,38.6,100,26.2,16.14,0,60.92
431.484375,39.8,41.55,38.6,100,26.2,16.14,0,60.92
431.4921875,39.2,41.4,38.6,100,26.2,16.14,0,60.92
431.5,37,39.3,38.6,100,26.2,16.14,0,60.92
431.5078125,39.85,40.9,38.6,100,26.2,16.14,0,60.92
431.515625,41.4,41.75,38.6,100,26.2,16.14,0,60.92
431.5234375,46.6,45.05,38.6,100,26.2,16.14,0,60.92
431.53125,45.4,43.8,38.6,100,26.2,16.14,0,60.92
431.5390625,43.4,42.85,38.6,100,26.2,16.14,0,60.92
431.546875,40.55,40.9,38.6,100,26.2,16.14,0,60.92
431.5546875,39.05,39.9,38.6,100,26.2,16.14,0,60.92
431.5625,37.55,38.25,38.6,100,26.2,16.14,0,60.92
431.5703125,40.3,40.25,38.6,100,26.2,16.14,0,60.92
431.578125,43.55,42.4,38.6,100,26.2,16.14,0,60.92
431.5859375,43.55,43.1,38.6,100,26.2,16.14,0,60.92
431.59375,43.3,42.45,38.6,100,26.2,16.14,0,60.92
431.6015625,39.05,39.25,38.6,100,26.2,16.14,0,60.92
431.609375,36.15,37.5,38.6,100,26.2,16.14,0,60.92
431.6171875,32.8,35.2,38.6,100,26.2,16.14,0,60.92
431.625,36.25,36.9,38.6,100,26.2,16.14,0,60.92
431.6328125,39.15,37,38.6,100,26.2,16.14,0,60.92
431.640625,42.15,37.7,38.6,100,26.2,16.14,0,60.92
431.6484375,38.15,34.65,38.6,100,26.2,16.14,0,60.92
431.65625,36.6,34.95,38.6,100,26.2,16.14,0,60.92
431.6640625,34.1,33.7,38.6,100,26.2,16.14,0,60.92
431.671875,35.95,35.6,38.6,100,26.2,16.14,0,60.92
431.6796875,38.5,36.55,38.6,100,26.2,16.14,0,60.92
431.6875,41,37.2,38.6,100,26.2,16.14,0,60.92
431.6953125,40.3,36.6,38.6,100,26.2,16.14,0,60.92
431.703125,37.5,35.75,38.6,100,26.2,16.14,0,60.92
431.7109375,35.4,34.3,38.6,100,26.2,16.14,0,60.92
431.71875,35.8,35.55,38.6,100,26.2,16.14,0,60.92
431.7265625,42.55,40.75,38.6,100,26.2,16.14,0,60.92
431.734375,47.2,42.65,38.6,100,26.2,16.14,0,60.92
431.7421875,49.25,42.95,38.6,100,26.2,16.14,0,60.92
431.75,44.3,40.35,38.6,100,26.2,16.14,0,60.92
431.7578125,41.45,39.15,38.6,100,26.2,16.14,0,60.92
431.765625,36.7,35.9,38.6,100,26.2,16.14,0,60.92
431.7734375,35.3,35.85,38.6,100,26.2,16.14,0,60.92
431.78125,34.9,36,38.6,100,26.2,16.14,0,60.92
431.7890625,39.35,38.35,38.6,100,26.2,16.14,0,60.92
431.796875,39.65,35.95,38.6,100,26.2,16.14,0,60.92
431.8046875,37.45,33.05,38.6,100,26.2,16.14,0,60.92
431.8125,33.9,30.35,38.6,100,26.2,16.14,0,60.92
431.8203125,32.1,28.45,38.6,100,26.2,16.14,0,60.92
431.828125,35.75,30.1,38.6,100,26.2,16.14,0,60.92
431.8359375,44.1,36.9,38.6,100,26.2,16.14,0,60.92
431.84375,50.4,41.9,38.6,100,26.2,16.14,0,60.92
431.8515625,47.4,40.05,38.6,100,26.2,16.14,0,60.92
431.859375,47.45,40.9,38.6,100,26.2,16.14,0,60.92
431.8671875,45.4,39.65,38.6,100,26.2,16.14,0,60.92
431.875,42.5,37,38.6,100,26.2,16.14,0,60.92
431.8828125,36.45,32.4,38.6,100,26.2,16.14,0,60.92
431.890625,34.75,32.2,38.6,100,26.2,16.14,0,60.92
431.8984375,31.4,30.7,38.6,100,26.2,16.14,0,60.92
431.90625,33.7,32.55,38.6,100,26.2,16.14,0,60.92
431.9140625,34.8,31.3,38.6,100,26.2,16.14,0,60.92
431.921875,37.15,31.05,38.6,100,26.2,16.14,0,60.92
431.9296875,38.35,30.6,38.6,100,26.2,16.14,0,60.92
431.9375,42.1,33.45,38.6,100,26.2,16.14,0,60.92
431.9453125,44.25,36.1,38.6,100,26.2,16.14,0,60.92
431.953125,38.5,33.6,38.6,100,26.2,16.14,0,60.92
431.9609375,25.65,24.65,38.6,100,26.2,16.14,0,60.92
431.96875,15.55,17.15,38.6,100,26.2,16.14,0,60.92
431.9765625,17.8,18.9,38.6,100,26.2,16.14,0,60.92
431.984375,25,24.45,38.6,100,26.2,16.14,0,60.92
431.9921875,35.4,31.55,38.6,100,26.2,16.14,0,60.92
432,39.35,34.3,38.6,100,26.2,16.14,0,60.92
432.0078125,42.7,36.45,38.6,100,26.2,16.14,0,60.92
432.015625,42.5,35.35,38.6,100,26.2,16.14,0,60.92
432.0234375,42.3,34.3,38.6,100,26.2,16.14,0,60.92
432.03125,37.3,28.9,38.6,100,26.2,16.14,0,60.92
432.0390625,34.2,26.3,38.6,100,26.2,16.14,0,60.92
432.046875,31.1,26.15,38.6,100,26.2,16.14,0,60.92
432.0546875,32,29.5,38.6,100,26.2,16.14,0,60.92
432.0625,32.6,30,38.6,100,26.2,16.14,0,60.92
432.0703125,34.3,30.2,38.6,100,26.2,16.14,0,60.92
432.078125,39.1,31.05,38.6,100,26.2,16.14,0,60.92
432.0859375,39.1,29.5,38.6,100,26.2,16.14,0,60.92
432.09375,36.35,27.65,38.6,100,26.2,16.14,0,60.92
432.1015625,35.1,27.85,38.6,100,26.2,16.14,0,60.92
432.109375,38.05,31.05,38.6,100,26.2,16.14,0,60.92
432.1171875,32.25,28.5,38.6,100,26.2,16.14,0,60.92
432.125,23.75,23.8,38.6,100,26.2,16.14,0,60.92
432.1328125,17.35,19,38.6,100,26.2,16.14,0,60.92
432.140625,23.75,22.55,38.6,100,26.2,16.14,0,60.92
432.1484375,29.5,25.2,38.6,100,26.2,16.14,0,60.92
432.15625,32.7,27.75,38.2,100,26.42,15.98,0,60.84
432.1640625,31.05,27.55,38.2,100,26.42,15.98,0,60.84
432.171875,31.55,29.2,38.2,100,26.42,15.98,0,60.84
432.1796875,34.6,30.05,38.2,100,26.42,15.98,0,60.84
432.1875,41.65,32.65,38.2,100,26.42,15.98,0,60.84
432.1953125,42.65,31.65,38.2,100,26.42,15.98,0,60.84
432.203125,33.5,26.8,38.2,100,26.42,15.98,0,60.84
432.2109375,25.95,22.8,38.2,100,26.42,15.98,0,60.84
432.21875,21.8,20.55,38.2,100,26.42,15.98,0,60.84
432.2265625,21.65,21.5,38.2,100,26.42,15.98,0,60.84
432.234375,21.05,23.8,38.2,100,26.42,15.98,0,60.84
432.2421875,24.35,28.15,38.2,100,26.42,15.98,0,60.84
432.25,25.1,28.6,38.2,100,26.42,15.98,0,60.84
432.2578125,29.75,29.8,38.2,100,26.42,15.98,0,60.84
432.265625,27.25,24.75,38.2,100,26.42,15.98,0,60.84
432.2734375,23.4,20.25,38.2,100,26.42,15.98,0,60.84
432.28125,20.65,18,38.2,100,26.42,15.98,0,60.84
432.2890625,24.15,21.1,38.2,100,26.42,15.98,0,60.84
432.296875,25,22.1,38.2,100,26.42,15.98,0,60.84
432.3046875,26.65,25.15,38.2,100,26.42,15.98,0,60.84
432.3125,26.15,25.35,38.2,100,26.42,15.98,0,60.84
432.3203125,23.3,22.95,38.2,100,26.42,15.98,0,60.84
432.328125,21.25,21.95,38.2,100,26.42,15.98,0,60.84
432.3359375,21.4,23.5,38.2,100,26.42,15.98,0,60.84
432.34375,24.6,25.65,38.2,100,26.42,15.98,0,60.84
432.3515625,25.65,26,38.2,100,26.42,15.98,0,60.84
432.359375,26.95,26.3,38.2,100,26.42,15.98,0,60.84
432.3671875,23.1,22.2,38.2,100,26.42,15.98,0,60.84
432.375,20.45,18.95,38.2,100,26.42,15.98,0,60.84
432.3828125,14.65,14.65,38.2,100,26.42,15.98,0,60.84
432.390625,13.35,15.35,38.2,100,26.42,15.98,0,60.84
432.3984375,12.3,15.85,38.2,100,26.42,15.98,0,60.84
432.40625,10.55,16.05,38.2,100,26.42,15.98,0,60.84
432.4140625,2.2,11.2,38.2,100,26.42,15.98,0,60.84
432.421875,-2.1,8.5,38.2,100,26.42,15.98,0,60.84
432.4296875,-2.05,7.15,38.2,100,26.42,15.98,0,60.84
432.4375,-0.2,8.35,38.2,100,26.42,15.98,0,60.84
432.4453125,2.15,9.25,38.2,100,26.42,15.98,0,60.84
432.453125,3.6,9.95,38.2,100,26.42,15.98,0,60.84
432.4609375,2.35,9.85,38.2,100,26.42,15.98,0,60.84
432.46875,-3.3,8.35,38.2,100,26.42,15.98,0,60.84
432.4765625,-6.5,8.65,38.2,100,26.42,15.98,0,60.84
432.484375,-8,9.5,38.2,100,26.42,15.98,0,60.84
432.4921875,-1,13.9,38.2,100,26.42,15.98,0,60.84
432.5,3.8,15.6,38.2,100,26.42,15.98,0,60.84
432.5078125,4,14.75,38.2,100,26.42,15.98,0,60.84
432.515625,-5.1,8.1,38.2,100,26.42,15.98,0,60.84
432.5234375,-8.9,5.65,38.2,100,26.42,15.98,0,60.84
432.53125,-6.15,7.3,38.2,100,26.42,15.98,0,60.84
432.5390625,2.45,12.75,38.2,100,26.42,15.98,0,60.84
432.546875,8.5,15.4,38.2,100,26.42,15.98,0,60.84
432.5546875,15.2,18.85,38.2,100,26.42,15.98,0,60.84
432.5625,17.35,19,38.2,100,26.42,15.98,0,60.84
432.5703125,13.25,15.45,38.2,100,26.42,15.98,0,60.84
432.578125,9.65,12.1,38.2,100,26.42,15.98,0,60.84
432.5859375,9.05,11.95,38.2,100,26.42,15.98,0,60.84
432.59375,12.1,13.95,38.2,100,26.42,15.98,0,60.84
432.6015625,12.35,13.45,38.2,100,26.42,15.98,0,60.84
432.609375,13.15,14.7,38.2,100,26.42,15.98,0,60.84
432.6171875,8.85,13.7,38.2,100,26.42,15.98,0,60.84
432.625,6.4,14.2,38.2,100,26.42,15.98,0,60.84
432.6328125,3,13.25,38.2,100,26.42,15.98,0,60.84
432.640625,3.45,14.35,38.2,100,26.42,15.98,0,60.84
432.6484375,-0.85,11.7,38.2,100,26.42,15.98,0,60.84
432.65625,-3.35,10.45,38.2,100,26.42,15.98,0,60.84
432.6640625,-6.3,7.35,38.2,100,26.42,15.98,0,60.84
432.671875,-5.5,6.75,38.2,100,26.42,15.98,0,60.84
432.6796875,-5.4,5.25,38.2,100,26.42,15.98,0,60.84
432.6875,-6.85,3.85,38.2,100,26.42,15.98,0,60.84
432.6953125,-12.1,0.85,38.2,100,26.42,15.98,0,60.84
432.703125,-16.4,-0.6,38.2,100,26.42,15.98,0,60.84
432.7109375,-14.8,0.75,38.2,100,26.42,15.98,0,60.84
432.71875,-12.4,2.55,38.2,100,26.42,15.98,0,60.84
432.7265625,-9.7,4.05,38.2,100,26.42,15.98,0,60.84
432.734375,-12,1.3,38.2,100,26.42,15.98,0,60.84
432.7421875,-13.55,-1.55,38.2,100,26.42,15.98,0,60.84
432.75,-15.95,-4.7,38.2,100,26.42,15.98,0,60.84
432.7578125,-11.8,-2,38.2,100,26.42,15.98,0,60.84
432.765625,-9.55,0.15,38.2,100,26.42,15.98,0,60.84
432.7734375,-7.15,2.7,38.2,100,26.42,15.98,0,60.84
432.78125,-11.05,-0.7,38.2,100,26.42,15.98,0,60.84
432.7890625,-16.35,-5.05,38.2,100,26.42,15.98,0,60.84
432.796875,-21.15,-8.85,38.2,100,26.42,15.98,0,60.84
432.8046875,-21.4,-8.6,38.2,100,26.42,15.98,0,60.84
432.8125,-20.7,-7.9,38.2,100,26.42,15.98,0,60.84
432.8203125,-17.15,-4.35,38.2,100,26.42,15.98,0,60.84
432.828125,-10.75,1,38.2,100,26.42,15.98,0,60.84
432.8359375,-8.4,2.7,38.2,100,26.42,15.98,0,60.84
432.84375,-8.55,1.05,38.2,100,26.42,15.98,0,60.84
432.8515625,-12.9,-3.3,38.2,100,26.42,15.98,0,60.84
432.859375,-13.95,-5,38.2,100,26.42,15.98,0,60.84
432.8671875,-15.9,-7.2,38.2,100,26.42,15.98,0,60.84
432.875,-13.7,-5.5,38.2,100,26.42,15.98,0,60.84
432.8828125,-13.7,-4.45,38.2,100,26.42,15.98,0,60.84
432.890625,-10.2,-0.9,38.2,100,26.42,15.98,0,60.84
432.8984375,-8.55,0.45,38.2,100,26.42,15.98,0,60.84
432.90625,-4.85,3.35,38.2,100,26.42,15.98,0,60.84
432.9140625,-4.3,2.8,38.2,100,26.42,15.98,0,60.84
432.921875,-0.85,4.1,38.2,100,26.42,15.98,0,60.84
432.9296875,3.95,6.25,38.2,100,26.42,15.98,0,60.84
432.9375,7.35,8.7,38.2,100,26.42,15.98,0,60.84
432.9453125,6.6,8.5,38.2,100,26.42,15.98,0,60.84
432.953125,3.35,6.3,38.2,100,26.42,15.98,0,60.84
432.9609375,3.25,3.65,38.2,100,26.42,15.98,0,60.84
432.96875,4.85,1.7,38.2,100,26.42,15.98,0,60.84
432.9765625,7,2.9,38.2,100,26.42,15.98,0,60.84
432.984375,4.45,2.9,38.2,100,26.42,15.98,0,60.84
432.9921875,6.25,5.95,38.2,100,26.42,15.98,0,60.84
433,4.85,6.4,38.2,100,26.42,15.98,0,60.84
433.0078125,5.6,6.55,38.2,100,26.42,15.98,0,60.84
433.015625,7.35,5.15,38.2,100,26.42,15.98,0,60.84
433.0234375,12.05,6.65,38.2,100,26.42,15.98,0,60.84
433.03125,10.4,4.4,38.2,100,26.42,15.98,0,60.84
433.0390625,9.85,4,38.2,100,26.42,15.98,0,60.84
433.046875,9.6,4.55,38.2,100,26.42,15.98,0,60.84
433.0546875,12.95,8.9,38.2,100,26.42,15.98,0,60.84
433.0625,16.8,13,38.2,100,26.42,15.98,0,60.84
433.0703125,18.2,14.5,38.2,100,26.42,15.98,0,60.84
433.078125,20.6,14.85,38.2,100,26.42,15.98,0,60.84
433.0859375,25.15,16.95,38.2,100,26.42,15.98,0,60.84
433.09375,29.95,20.05,38.2,100,26.42,15.98,0,60.84
433.1015625,29,18.9,38.2,100,26.42,15.98,0,60.84
433.109375,30.95,18.65,38.2,100,26.42,15.98,0,60.84
433.1171875,30.55,16.85,38.2,100,26.42,15.98,0,60.84
433.125,27.35,15.5,38.2,100,26.42,15.98,0,60.84
433.1328125,17.4,10.85,38.2,100,26.42,15.98,0,60.84
433.140625,15.6,11.2,38.2,100,26.42,15.98,0,60.84
433.1484375,18.6,12.05,38.2,100,26.42,15.98,0,60.84
433.15625,23.25,14.55,38.4,100,26.22,16.1,0,60.8
433.1640625,23.75,15.05,38.4,100,26.22,16.1,0,60.8
433.171875,26.7,18.25,38.4,100,26.22,16.1,0,60.8
433.1796875,30.1,21.6,38.4,100,26.22,16.1,0,60.8
433.1875,33.45,25.75,38.4,100,26.22,16.1,0,60.8
433.1953125,35.9,27.55,38.4,100,26.22,16.1,0,60.8
433.203125,37.05,27.3,38.4,100,26.22,16.1,0,60.8
433.2109375,39.2,25.9,38.4,100,26.22,16.1,0,60.8
433.21875,37.85,22.5,38.4,100,26.22,16.1,0,60.8
433.2265625,39.9,23.15,38.4,100,26.22,16.1,0,60.8
433.234375,43.25,25.5,38.4,100,26.22,16.1,0,60.8
433.2421875,48.4,27.95,38.4,100,26.22,16.1,0,60.8
433.25,48.75,27,38.4,100,26.22,16.1,0,60.8
433.2578125,51.4,28,38.4,100,26.22,16.1,0,60.8
433.265625,48.95,26,38.4,100,26.22,16.1,0,60.8
433.2734375,47.2,26.95,38.4,100,26.22,16.1,0,60.8
433.28125,43.35,27.15,38.4,100,26.22,16.1,0,60.8
433.2890625,42.45,28.15,38.4,100,26.22,16.1,0,60.8
433.296875,42.05,28.1,38.4,100,26.22,16.1,0,60.8
433.3046875,43.7,29.7,38.4,100,26.22,16.1,0,60.8
433.3125,45.7,30.85,38.4,100,26.22,16.1,0,60.8
433.3203125,48.35,32.3,38.4,100,26.22,16.1,0,60.8
433.328125,49.55,31.35,38.4,100,26.22,16.1,0,60.8
433.3359375,46.85,27.05,38.4,100,26.22,16.1,0,60.8
433.34375,48.9,26.6,38.4,100,26.22,16.1,0,60.8
433.3515625,51.5,28,38.4,100,26.22,16.1,0,60.8
433.359375,54.85,30.85,38.4,100,26.22,16.1,0,60.8
433.3671875,52.65,29.15,38.4,100,26.22,16.1,0,60.8
433.375,51.5,27.45,38.4,100,26.22,16.1,0,60.8
433.3828125,47.6,23.65,38.4,100,26.22,16.1,0,60.8
433.390625,48.85,24.35,38.4,100,26.22,16.1,0,60.8
433.3984375,50.75,25.4,38.4,100,26.22,16.1,0,60.8
433.40625,55.7,30.75,38.4,100,26.22,16.1,0,60.8
433.4140625,56.95,33.95,38.4,100,26.22,16.1,0,60.8
433.421875,55.8,36.55,38.4,100,26.22,16.1,0,60.8
433.4296875,52.35,36.8,38.4,100,26.22,16.1,0,60.8
433.4375,49.2,36.9,38.4,100,26.22,16.1,0,60.8
433.4453125,47.15,35.75,38.4,100,26.22,16.1,0,60.8
433.453125,47.25,36.5,38.4,100,26.22,16.1,0,60.8
433.4609375,50.65,38.45,38.4,100,26.22,16.1,0,60.8
433.46875,50.65,37.65,38.4,100,26.22,16.1,0,60.8
433.4765625,52.35,37.9,38.4,100,26.22,16.1,0,60.8
433.484375,52.7,37.95,38.4,100,26.22,16.1,0,60.8
433.4921875,54.25,39,38.4,100,26.22,16.1,0,60.8
433.5,49.55,36.9,38.4,100,26.22,16.1,0,60.8
433.5078125,46.6,36.4,38.4,100,26.22,16.1,0,60.8
433.515625,43.1,35,38.4,100,26.22,16.1,0,60.8
433.5234375,45,38.15,38.4,100,26.22,16.1,0,60.8
433.53125,44.1,38.45,38.4,100,26.22,16.1,0,60.8
433.5390625,45.25,38.1,38.4,100,26.22,16.1,0,60.8
433.546875,48.45,37.45,38.4,100,26.22,16.1,0,60.8
433.5546875,51.85,39.05,38.4,100,26.22,16.1,0,60.8
433.5625,50.7,39,38.4,100,26.22,16.1,0,60.8
433.5703125,48.7,39.2,38.4,100,26.22,16.1,0,60.8
433.578125,48,39.65,38.4,100,26.22,16.1,0,60.8
433.5859375,46.25,39.6,38.4,100,26.22,16.1,0,60.8
433.59375,45.95,40.15,38.4,100,26.22,16.1,0,60.8
433.6015625,44.1,39.9,38.4,100,26.22,16.1,0,60.8
433.609375,48.3,43.35,38.4,100,26.22,16.1,0,60.8
433.6171875,49.35,43.4,38.4,100,26.22,16.1,0,60.8
433.625,48.6,42.6,38.4,100,26.22,16.1,0,60.8
433.6328125,46.85,41.3,38.4,100,26.22,16.1,0,60.8
433.640625,51,44.15,38.4,100,26.22,16.1,0,60.8
433.6484375,51.1,44.8,38.4,100,26.22,16.1,0,60.8
433.65625,53.5,47.25,38.4,100,26.22,16.1,0,60.8
433.6640625,54.05,46.4,38.4,100,26.22,16.1,0,60.8
433.671875,52.8,45.05,38.4,100,26.22,16.1,0,60.8
433.6796875,51.15,44.1,38.4,100,26.22,16.1,0,60.8
433.6875,50.25,44.4,38.4,100,26.22,16.1,0,60.8
433.6953125,49.4,45.35,38.4,100,26.22,16.1,0,60.8
433.703125,48.55,46.05,38.4,100,26.22,16.1,0,60.8
433.7109375,47.75,44.1,38.4,100,26.22,16.1,0,60.8
433.71875,42.4,39.25,38.4,100,26.22,16.1,0,60.8
433.7265625,41.55,39.6,38.4,100,26.22,16.1,0,60.8
433.734375,39.15,39.65,38.4,100,26.22,16.1,0,60.8
433.7421875,38.3,40.55,38.4,100,26.22,16.1,0,60.8
433.75,35.3,38.35,38.4,100,26.22,16.1,0,60.8
433.7578125,35.95,36.85,38.4,100,26.22,16.1,0,60.8
433.765625,33.9,33.25,38.4,100,26.22,16.1,0,60.8
433.7734375,36.15,34.15,38.4,100,26.22,16.1,0,60.8
433.78125,36.95,33.05,38.4,100,26.22,16.1,0,60.8
433.7890625,37,34.2,38.4,100,26.22,16.1,0,60.8
433.796875,33.55,34.45,38.4,100,26.22,16.1,0,60.8
433.8046875,30.1,33.95,38.4,100,26.22,16.1,0,60.8
433.8125,27.35,32.25,38.4,100,26.22,16.1,0,60.8
433.8203125,24.75,31.8,38.4,100,26.22,16.1,0,60.8
433.828125,21.85,31.15,38.4,100,26.22,16.1,0,60.8
433.8359375,17.95,30.45,38.4,100,26.22,16.1,0,60.8
433.84375,19.85,32.65,38.4,100,26.22,16.1,0,60.8
433.8515625,24.45,34.05,38.4,100,26.22,16.1,0,60.8
433.859375,32.2,37.2,38.4,100,26.22,16.1,0,60.8
433.8671875,33.5,36.05,38.4,100,26.22,16.1,0,60.8
433.875,34.3,34.6,38.4,100,26.22,16.1,0,60.8
433.8828125,31,31.95,38.4,100,26.22,16.1,0,60.8
433.890625,28.85,32.4,38.4,100,26.22,16.1,0,60.8
433.8984375,23.9,31.1,38.4,100,26.22,16.1,0,60.8
433.90625,24.8,33.45,38.4,100,26.22,16.1,0,60.8
433.9140625,28.8,35.6,38.4,100,26.22,16.1,0,60.8
433.921875,34.15,38.1,38.4,100,26.22,16.1,0,60.8
433.9296875,33.6,37.3,38.4,100,26.22,16.1,0,60.8
433.9375,29,35.35,38.4,100,26.22,16.1,0,60.8
433.9453125,29.1,36.3,38.4,100,26.22,16.1,0,60.8
433.953125,33.65,40.45,38.4,100,26.22,16.1,0,60.8
433.9609375,37.95,43.9,38.4,100,26.22,16.1,0,60.8
433.96875,36.65,43.55,38.4,100,26.22,16.1,0,60.8
433.9765625,36.35,44.3,38.4,100,26.22,16.1,0,60.8
433.984375,34.55,42.4,38.4,100,26.22,16.1,0,60.8
433.9921875,37.95,43.5,38.4,100,26.22,16.1,0,60.8
434,37.8,42.75,38.4,100,26.22,16.1,0,60.8
434.0078125,38.6,43.55,38.4,100,26.22,16.1,0,60.8
434.015625,37.75,41.8,38.4,100,26.22,16.1,0,60.8
434.0234375,36.1,41,38.4,100,26.22,16.1,0,60.8
434.03125,30.1,37,38.4,100,26.22,16.1,0,60.8
434.0390625,31.85,38.15,38.4,100,26.22,16.1,0,60.8
434.046875,35.1,39.9,38.4,100,26.22,16.1,0,60.8
434.0546875,33.7,39.65,38.4,100,26.22,16.1,0,60.8
434.0625,30.75,38.6,38.4,100,26.22,16.1,0,60.8
434.0703125,30.8,40.35,38.4,100,26.22,16.1,0,60.8
434.078125,35.1,42.75,38.4,100,26.22,16.1,0,60.8
434.0859375,36.45,43.5,38.4,100,26.22,16.1,0,60.8
434.09375,34,42.75,38.4,100,26.22,16.1,0,60.8
434.1015625,27.65,38.55,38.4,100,26.22,16.1,0,60.8
434.109375,26.7,37.35,38.4,100,26.22,16.1,0,60.8
434.1171875,24.1,35.9,38.4,100,26.22,16.1,0,60.8
434.125,25.55,37.15,38.4,100,26.22,16.1,0,60.8
434.1328125,23.1,35.8,38.4,100,26.22,16.1,0,60.8
434.140625,19.9,35.4,38.4,100,26.22,16.1,0,60.8
434.1484375,15.35,33,38.4,100,26.22,16.1,0,60.8
434.15625,16.45,34.1,39.6,100,26.32,16.35,0,60.69
434.1640625,15.65,34.15,39.6,100,26.32,16.35,0,60.69
434.171875,14.75,35.4,39.6,100,26.32,16.35,0,60.69
434.1796875,12.5,34.9,39.6,100,26.32,16.35,0,60.69
434.1875,11.7,35.15,39.6,100,26.32,16.35,0,60.69
434.1953125,14.4,37.3,39.6,100,26.32,16.35,0,60.69
434.203125,16,39.8,39.6,100,26.32,16.35,0,60.69
434.2109375,16.35,41.05,39.6,100,26.32,16.35,0,60.69
434.21875,14,39.5,39.6,100,26.32,16.35,0,60.69
434.2265625,15.95,40.5,39.6,100,26.32,16.35,0,60.69
434.234375,16.15,40.75,39.6,100,26.32,16.35,0,60.69
434.2421875,18.25,43.35,39.6,100,26.32,16.35,0,60.69
434.25,14.7,42.4,39.6,100,26.32,16.35,0,60.69
434.2578125,13.2,42.7,39.6,100,26.32,16.35,0,60.69
434.265625,12.1,42.1,39.6,100,26.32,16.35,0,60.69
434.2734375,16.85,45.65,39.6,100,26.32,16.35,0,60.69
434.28125,19.35,47.3,39.6,100,26.32,16.35,0,60.69
434.2890625,20.8,48.1,39.6,100,26.32,16.35,0,60.69
434.296875,19.05,46.15,39.6,100,26.32,16.35,0,60.69
434.3046875,16.7,45.45,39.6,100,26.32,16.35,0,60.69
434.3125,15.8,45.6,39.6,100,26.32,16.35,0,60.69
434.3203125,19.65,48.45,39.6,100,26.32,16.35,0,60.69
434.328125,26.6,52.35,39.6,100,26.32,16.35,0,60.69
434.3359375,27.25,52.35,39.6,100,26.32,16.35,0,60.69
434.34375,25.05,50.75,39.6,100,26.32,16.35,0,60.69
434.3515625,19.35,47.95,39.6,100,26.32,16.35,0,60.69
434.359375,15.2,47.1,39.6,100,26.32,16.35,0,60.69
434.3671875,11.4,44.9,39.6,100,26.32,16.35,0,60.69
434.375,18.1,48.05,39.6,100,26.32,16.35,0,60.69
434.3828125,26.5,52.15,39.6,100,26.32,16.35,0,60.69
434.390625,34.2,56.9,39.6,100,26.32,16.35,0,60.69
434.3984375,35.2,56.3,39.6,100,26.32,16.35,0,60.69
434.40625,35.7,55,39.6,100,26.32,16.35,0,60.69
434.4140625,34.05,52.45,39.6,100,26.32,16.35,0,60.69
434.421875,34.1,53.75,39.6,100,26.32,16.35,0,60.69
434.4296875,33.15,54.5,39.6,100,26.32,16.35,0,60.69
434.4375,31,54.05,39.6,100,26.32,16.35,0,60.69
434.4453125,29.9,53.1,39.6,100,26.32,16.35,0,60.69
434.453125,29.4,52.05,39.6,100,26.32,16.35,0,60.69
434.4609375,31.95,52.1,39.6,100,26.32,16.35,0,60.69
434.46875,33.25,51.45,39.6,100,26.32,16.35,0,60.69
434.4765625,38.6,53.8,39.6,100,26.32,16.35,0,60.69
434.484375,39.2,53.25,39.6,100,26.32,16.35,0,60.69
434.4921875,38,52.35,39.6,100,26.32,16.35,0,60.69
434.5,34.5,49.7,39.6,100,26.32,16.35,0,60.69
434.5078125,37.95,51.6,39.6,100,26.32,16.35,0,60.69
434.515625,39.3,51.1,39.6,100,26.32,16.35,0,60.69
434.5234375,42.75,53.15,39.6,100,26.32,16.35,0,60.69
434.53125,44.25,54.1,39.6,100,26.32,16.35,0,60.69
434.5390625,47.5,56.85,39.6,100,26.32,16.35,0,60.69
434.546875,47,56.2,39.6,100,26.32,16.35,0,60.69
434.5546875,42.95,53.85,39.6,100,26.32,16.35,0,60.69
434.5625,40.2,52,39.6,100,26.32,16.35,0,60.69
434.5703125,41.45,52.4,39.6,100,26.32,16.35,0,60.69
434.578125,42.35,51.35,39.6,100,26.32,16.35,0,60.69
434.5859375,41.8,49.05,39.6,100,26.32,16.35,0,60.69
434.59375,45.25,49.85,39.6,100,26.32,16.35,0,60.69
434.6015625,45.95,48.85,39.6,100,26.32,16.35,0,60.69
434.609375,47.2,48.9,39.6,100,26.32,16.35,0,60.69
434.6171875,44.4,48,39.6,100,26.32,16.35,0,60.69
434.625,45.6,49.85,39.6,100,26.32,16.35,0,60.69
434.6328125,45.15,49.4,39.6,100,26.32,16.35,0,60.69
434.640625,42.05,47.6,39.6,100,26.32,16.35,0,60.69
434.6484375,35.3,42.8,39.6,100,26.32,16.35,0,60.69
434.65625,36.3,43.35,39.6,100,26.32,16.35,0,60.69
434.6640625,37.75,43.8,39.6,100,26.32,16.35,0,60.69
434.671875,40.35,44.75,39.6,100,26.32,16.35,0,60.69
434.6796875,43.4,45.95,39.6,100,26.32,16.35,0,60.69
434.6875,46.25,47.55,39.6,100,26.32,16.35,0,60.69
434.6953125,50.25,48.6,39.6,100,26.32,16.35,0,60.69
434.703125,52.55,48.45,39.6,100,26.32,16.35,0,60.69
434.7109375,52.05,47.8,39.6,100,26.32,16.35,0,60.69
434.71875,44.95,44.15,39.6,100,26.32,16.35,0,60.69
434.7265625,41.6,44.25,39.6,100,26.32,16.35,0,60.69
434.734375,41.4,45.35,39.6,100,26.32,16.35,0,60.69
434.7421875,46.15,47.8,39.6,100,26.32,16.35,0,60.69
434.75,45.5,46.8,39.6,100,26.32,16.35,0,60.69
434.7578125,48.15,49.65,39.6,100,26.32,16.35,0,60.69
434.765625,52,50.8,39.6,100,26.32,16.35,0,60.69
434.7734375,59.75,53.3,39.6,100,26.32,16.35,0,60.69
434.78125,61.75,52.05,39.6,100,26.32,16.35,0,60.69
434.7890625,59.45,49.65,39.6,100,26.32,16.35,0,60.69
434.796875,53.8,45.6,39.6,100,26.32,16.35,0,60.69
434.8046875,50.4,44.7,39.6,100,26.32,16.35,0,60.69
434.8125,48.75,45.85,39.6,100,26.32,16.35,0,60.69
434.8203125,46.7,48.4,39.6,100,26.32,16.35,0,60.69
434.828125,46.4,50.05,39.6,100,26.32,16.35,0,60.69
434.8359375,47.85,48.45,39.6,100,26.32,16.35,0,60.69
434.84375,53.7,49.6,39.6,100,26.32,16.35,0,60.69
434.8515625,51.5,47.65,39.6,100,26.32,16.35,0,60.69
434.859375,45.8,43.6,39.6,100,26.32,16.35,0,60.69
434.8671875,44.35,41.05,39.6,100,26.32,16.35,0,60.69
434.875,54.6,46.8,39.6,100,26.32,16.35,0,60.69
434.8828125,59.7,50.45,39.6,100,26.32,16.35,0,60.69
434.890625,65.35,56.1,39.6,100,26.32,16.35,0,60.69
434.8984375,68.3,58.85,39.6,100,26.32,16.35,0,60.69
434.90625,65.6,57.3,39.6,100,26.32,16.35,0,60.69
434.9140625,58.8,53.1,39.6,100,26.32,16.35,0,60.69
434.921875,55.9,53.25,39.6,100,26.32,16.35,0,60.69
434.9296875,53.25,52.8,39.6,100,26.32,16.35,0,60.69
434.9375,54.2,52.95,39.6,100,26.32,16.35,0,60.69
434.9453125,62.2,54.9,39.6,100,26.32,16.35,0,60.69
434.953125,65.7,54.05,39.6,100,26.32,16.35,0,60.69
434.9609375,66,52,39.6,100,26.32,16.35,0,60.69
434.96875,64.45,50.85,39.6,100,26.32,16.35,0,60.69
434.9765625,64.5,52.55,39.6,100,26.32,16.35,0,60.69
434.984375,58.5,50.3,39.6,100,26.32,16.35,0,60.69
434.9921875,58.05,50.65,39.6,100,26.32,16.35,0,60.69
435,57.75,50.85,39.6,100,26.32,16.35,0,60.69
435.0078125,60.1,53.9,39.6,100,26.32,16.35,0,60.69
435.015625,58.05,52.7,39.6,100,26.32,16.35,0,60.69
435.0234375,56.65,51.8,39.6,100,26.32,16.35,0,60.69
435.03125,52.2,48.95,39.6,100,26.32,16.35,0,60.69
435.0390625,52.45,49.2,39.6,100,26.32,16.35,0,60.69
435.046875,57.7,51,39.6,100,26.32,16.35,0,60.69
435.0546875,65.55,55.4,39.6,100,26.32,16.35,0,60.69
435.0625,66.85,57.05,39.6,100,26.32,16.35,0,60.69
435.0703125,57.2,53.85,39.6,100,26.32,16.35,0,60.69
435.078125,47.4,50.2,39.6,100,26.32,16.35,0,60.69
435.0859375,47.15,50.55,39.6,100,26.32,16.35,0,60.69
435.09375,57.8,55.85,39.6,100,26.32,16.35,0,60.69
435.1015625,63.55,58.1,39.6,100,26.32,16.35,0,60.69
435.109375,68.1,60.2,39.6,100,26.32,16.35,0,60.69
435.1171875,70.2,59.25,39.6,100,26.32,16.35,0,60.69
435.125,74.65,59.8,39.6,100,26.32,16.35,0,60.69
435.1328125,71.9,58.15,39.6,100,26.32,16.35,0,60.69
435.140625,65.85,57.45,39.6,100,26.32,16.35,0,60.69
435.1484375,55.55,53.45,39.6,100,26.32,16.35,0,60.69
435.15625,50,52.3,40.2,100,26.47,16.42,0,60.64
435.1640625,48.2,51.55,40.2,100,26.47,16.42,0,60.64
435.171875,49.3,51.85,40.2,100,26.47,16.42,0,60.64
435.1796875,51.05,51.15,40.2,100,26.47,16.42,0,60.64
435.1875,53.3,50.35,40.2,100,26.47,16.42,0,60.64
435.1953125,54.5,49.25,40.2,100,26.47,16.42,0,60.64
435.203125,54.9,49.3,40.2,100,26.47,16.42,0,60.64
435.2109375,59.55,52.25,40.2,100,26.47,16.42,0,60.64
435.21875,60.95,53.85,40.2,100,26.47,16.42,0,60.64
435.2265625,63.45,56.55,40.2,100,26.47,16.42,0,60.64
435.234375,58.95,55.6,40.2,100,26.47,16.42,0,60.64
435.2421875,51.25,52.8,40.2,100,26.47,16.42,0,60.64
435.25,44.85,47.95,40.2,100,26.47,16.42,0,60.64
435.2578125,49.4,49.75,40.2,100,26.47,16.42,0,60.64
435.265625,50.2,49.95,40.2,100,26.47,16.42,0,60.64
435.2734375,52.3,50.95,40.2,100,26.47,16.42,0,60.64
435.28125,54.25,50.9,40.2,100,26.47,16.42,0,60.64
435.2890625,54.75,52.1,40.2,100,26.47,16.42,0,60.64
435.296875,51.6,50.5,40.2,100,26.47,16.42,0,60.64
435.3046875,47.6,48.05,40.2,100,26.47,16.42,0,60.64
435.3125,44.25,45.35,40.2,100,26.47,16.42,0,60.64
435.3203125,43.4,42.75,40.2,100,26.47,16.42,0,60.64
435.328125,44.55,41.25,40.2,100,26.47,16.42,0,60.64
435.3359375,42.5,39.7,40.2,100,26.47,16.42,0,60.64
435.34375,45.1,42.1,40.2,100,26.47,16.42,0,60.64
435.3515625,46.6,44,40.2,100,26.47,16.42,0,60.64
435.359375,48.55,46.15,40.2,100,26.47,16.42,0,60.64
435.3671875,45.35,43.75,40.2,100,26.47,16.42,0,60.64
435.375,44.25,43.45,40.2,100,26.47,16.42,0,60.64
435.3828125,42.5,41.95,40.2,100,26.47,16.42,0,60.64
435.390625,42.85,43.75,40.2,100,26.47,16.42,0,60.64
435.3984375,40.35,44.75,40.2,100,26.47,16.42,0,60.64
435.40625,44.75,49.6,40.2,100,26.47,16.42,0,60.64
435.4140625,46.4,50.75,40.2,100,26.47,16.42,0,60.64
435.421875,44.05,49.05,40.2,100,26.47,16.42,0,60.64
435.4296875,44.1,47.1,40.2,100,26.47,16.42,0,60.64
435.4375,44.1,45.5,40.2,100,26.47,16.42,0,60.64
435.4453125,42.15,43.3,40.2,100,26.47,16.42,0,60.64
435.453125,43.2,43.75,40.2,100,26.47,16.42,0,60.64
435.4609375,46.5,46.15,40.2,100,26.47,16.42,0,60.64
435.46875,42.3,44.8,40.2,100,26.47,16.42,0,60.64
435.4765625,39.75,44.8,40.2,100,26.47,16.42,0,60.64
435.484375,36.7,42.35,40.2,100,26.47,16.42,0,60.64
435.4921875,39.25,43.05,40.2,100,26.47,16.42,0,60.64
435.5,41.1,43.6,40.2,100,26.47,16.42,0,60.64
435.5078125,47.2,47.2,40.2,100,26.47,16.42,0,60.64
435.515625,52.95,48.4,40.2,100,26.47,16.42,0,60.64
435.5234375,53.8,47.35,40.2,100,26.47,16.42,0,60.64
435.53125,43.75,40.65,40.2,100,26.47,16.42,0,60.64
435.5390625,39,38.75,40.2,100,26.47,16.42,0,60.64
435.546875,40.25,39.35,40.2,100,26.47,16.42,0,60.64
435.5546875,42.15,39.65,40.2,100,26.47,16.42,0,60.64
435.5625,45,40.65,40.2,100,26.47,16.42,0,60.64
435.5703125,46.55,42.3,40.2,100,26.47,16.42,0,60.64
435.578125,46.55,42.85,40.2,100,26.47,16.42,0,60.64
435.5859375,42.55,40.5,40.2,100,26.47,16.42,0,60.64
435.59375,39.15,39.05,40.2,100,26.47,16.42,0,60.64
435.6015625,34.05,36.8,40.2,100,26.47,16.42,0,60.64
435.609375,34.05,37.75,40.2,100,26.47,16.42,0,60.64
435.6171875,31.45,36.25,40.2,100,26.47,16.42,0,60.64
435.625,31.55,35.65,40.2,100,26.47,16.42,0,60.64
435.6328125,29.05,32.05,40.2,100,26.47,16.42,0,60.64
435.640625,29.5,31,40.2,100,26.47,16.42,0,60.64
435.6484375,29.65,29.65,40.2,100,26.47,16.42,0,60.64
435.65625,32.15,30.5,40.2,100,26.47,16.42,0,60.64
435.6640625,32.9,30.05,40.2,100,26.47,16.42,0,60.64
435.671875,33.55,30.7,40.2,100,26.47,16.42,0,60.64
435.6796875,33.7,31,40.2,100,26.47,16.42,0,60.64
435.6875,33.3,31.1,40.2,100,26.47,16.42,0,60.64
435.6953125,32.8,30.9,40.2,100,26.47,16.42,0,60.64
435.703125,28.8,28.25,40.2,100,26.47,16.42,0,60.64
435.7109375,25.8,27.15,40.2,100,26.47,16.42,0,60.64
435.71875,21,26.05,40.2,100,26.47,16.42,0,60.64
435.7265625,23.7,27.85,40.2,100,26.47,16.42,0,60.64
435.734375,30.2,29.45,40.2,100,26.47,16.42,0,60.64
435.7421875,36.8,31.95,40.2,100,26.47,16.42,0,60.64
435.75,32.55,28.65,40.2,100,26.47,16.42,0,60.64
435.7578125,30.55,27.55,40.2,100,26.47,16.42,0,60.64
435.765625,28.6,26.75,40.2,100,26.47,16.42,0,60.64
435.7734375,30,28.8,40.2,100,26.47,16.42,0,60.64
435.78125,33.65,31.3,40.2,100,26.47,16.42,0,60.64
435.7890625,37.65,34.5,40.2,100,26.47,16.42,0,60.64
435.796875,36.3,34.1,40.2,100,26.47,16.42,0,60.64
435.8046875,35.7,35.5,40.2,100,26.47,16.42,0,60.64
435.8125,37.25,36.8,40.2,100,26.47,16.42,0,60.64
435.8203125,37.65,35.5,40.2,100,26.47,16.42,0,60.64
435.828125,41.15,35.25,40.2,100,26.47,16.42,0,60.64
435.8359375,42.15,34.75,40.2,100,26.47,16.42,0,60.64
435.84375,41.7,34.7,40.2,100,26.47,16.42,0,60.64
435.8515625,38.5,34.15,40.2,100,26.47,16.42,0,60.64
435.859375,38.85,37.05,40.2,100,26.47,16.42,0,60.64
435.8671875,36.1,37.2,40.2,100,26.47,16.42,0,60.64
435.875,37.2,38.7,40.2,100,26.47,16.42,0,60.64
435.8828125,37.65,37.85,40.2,100,26.47,16.42,0,60.64
435.890625,39.95,38.45,40.2,100,26.47,16.42,0,60.64
435.8984375,39.2,37.4,40.2,100,26.47,16.42,0,60.64
435.90625,38.75,37.9,40.2,100,26.47,16.42,0,60.64
435.9140625,39.2,38.15,40.2,100,26.47,16.42,0,60.64
435.921875,42.5,40.9,40.2,100,26.47,16.42,0,60.64
435.9296875,42.6,41.45,40.2,100,26.47,16.42,0,60.64
435.9375,37.8,39.3,40.2,100,26.47,16.42,0,60.64
435.9453125,36.55,39.2,40.2,100,26.47,16.42,0,60.64
435.953125,38.5,40.25,40.2,100,26.47,16.42,0,60.64
435.9609375,43.6,41.65,40.2,100,26.47,16.42,0,60.64
435.96875,45.55,42.05,40.2,100,26.47,16.42,0,60.64
435.9765625,49.45,44.7,40.2,100,26.47,16.42,0,60.64
435.984375,50.3,44.2,40.2,100,26.47,16.42,0,60.64
435.9921875,53.55,45.95,40.2,100,26.47,16.42,0,60.64
436,51.1,44.2,40.2,100,26.47,16.42,0,60.64
436.0078125,48.45,42.4,40.2,100,26.47,16.42,0,60.64
436.015625,43.65,38.5,40.2,100,26.47,16.42,0,60.64
436.0234375,41.25,37.25,40.2,100,26.47,16.42,0,60.64
436.03125,36,34,40.2,100,26.47,16.42,0,60.64
436.0390625,34.55,33.35,40.2,100,26.47,16.42,0,60.64
436.046875,35.1,33.2,40.2,100,26.47,16.42,0,60.64
436.0546875,35.5,34.05,40.2,100,26.47,16.42,0,60.64
436.0625,36.25,34.5,40.2,100,26.47,16.42,0,60.64
436.0703125,35.6,34.55,40.2,100,26.47,16.42,0,60.64
436.078125,34.2,33.95,40.2,100,26.47,16.42,0,60.64
436.0859375,31.35,31.7,40.2,100,26.47,16.42,0,60.64
436.09375,33.05,31.85,40.2,100,26.47,16.42,0,60.64
436.1015625,32.6,31.3,40.2,100,26.47,16.42,0,60.64
436.109375,36,33.25,40.2,100,26.47,16.42,0,60.64
436.1171875,36.45,32.05,40.2,100,26.47,16.42,0,60.64
436.125,37.4,31.65,40.2,100,26.47,16.42,0,60.64
436.1328125,34.9,28.95,40.2,100,26.47,16.42,0,60.64
436.140625,35.75,29.45,40.2,100,26.47,16.42,0,60.64
436.1484375,35.05,28.15,40.2,100,26.47,16.42,0,60.64
436.15625,34.65,26.95,42.1,100,26.46,16.61,0,60.47
436.1640625,31.25,24.5,42.1,100,26.46,16.61,0,60.47
436.171875,28.7,24.7,42.1,100,26.46,16.61,0,60.47
436.1796875,29.15,24.8,42.1,100,26.46,16.61,0,60.47
436.1875,30.9,24.3,42.1,100,26.46,16.61,0,60.47
436.1953125,33.5,24.8,42.1,100,26.46,16.61,0,60.47
436.203125,32.5,24.05,42.1,100,26.46,16.61,0,60.47
436.2109375,30.2,23.25,42.1,100,26.46,16.61,0,60.47
436.21875,25.45,20.6,42.1,100,26.46,16.61,0,60.47
436.2265625,25.1,20.05,42.1,100,26.46,16.61,0,60.47
436.234375,22.45,18.4,42.1,100,26.46,16.61,0,60.47
436.2421875,25.05,21,42.1,100,26.46,16.61,0,60.47
436.25,27.8,22.8,42.1,100,26.46,16.61,0,60.47
436.2578125,32.8,26.45,42.1,100,26.46,16.61,0,60.47
436.265625,32.8,26.95,42.1,100,26.46,16.61,0,60.47
436.2734375,33.4,28.1,42.1,100,26.46,16.61,0,60.47
436.28125,31.95,26.55,42.1,100,26.46,16.61,0,60.47
436.2890625,32.4,26,42.1,100,26.46,16.61,0,60.47
436.296875,30.9,24.25,42.1,100,26.46,16.61,0,60.47
436.3046875,29,23.25,42.1,100,26.46,16.61,0,60.47
436.3125,30.15,23.6,42.1,100,26.46,16.61,0,60.47
436.3203125,29.45,23.15,42.1,100,26.46,16.61,0,60.47
436.328125,27.15,22.4,42.1,100,26.46,16.61,0,60.47
436.3359375,25.55,22.25,42.1,100,26.46,16.61,0,60.47
436.34375,29.75,25.55,42.1,100,26.46,16.61,0,60.47
436.3515625,31.05,26.55,42.1,100,26.46,16.61,0,60.47
436.359375,34.55,29.35,42.1,100,26.46,16.61,0,60.47
436.3671875,36,30.65,42.1,100,26.46,16.61,0,60.47
436.375,39.5,34.1,42.1,100,26.46,16.61,0,60.47
436.3828125,40.2,34.75,42.1,100,26.46,16.61,0,60.47
436.390625,43.4,36.7,42.1,100,26.46,16.61,0,60.47
436.3984375,42.75,35.25,42.1,100,26.46,16.61,0,60.47
436.40625,40.1,32.95,42.1,100,26.46,16.61,0,60.47
436.4140625,37.8,30.1,42.1,100,26.46,16.61,0,60.47
436.421875,39.45,31.05,42.1,100,26.46,16.61,0,60.47
436.4296875,42.75,33.7,42.1,100,26.46,16.61,0,60.47
436.4375,45.05,36.35,42.1,100,26.46,16.61,0,60.47
436.4453125,48.55,39.55,42.1,100,26.46,16.61,0,60.47
436.453125,50.95,40.8,42.1,100,26.46,16.61,0,60.47
436.4609375,56,42.05,42.1,100,26.46,16.61,0,60.47
436.46875,57.15,41.35,42.1,100,26.46,16.61,0,60.47
436.4765625,58.15,42.05,42.1,100,26.46,16.61,0,60.47
436.484375,56.55,41.3,42.1,100,26.46,16.61,0,60.47
436.4921875,57.7,43.2,42.1,100,26.46,16.61,0,60.47
436.5,54.7,41.6,42.1,100,26.46,16.61,0,60.47
436.5078125,53.5,41.4,42.1,100,26.46,16.61,0,60.47
436.515625,51.7,41.3,42.1,100,26.46,16.61,0,60.47
436.5234375,55.25,45.4,42.1,100,26.46,16.61,0,60.47
436.53125,58.15,47.6,42.1,100,26.46,16.61,0,60.47
436.5390625,60.85,49.6,42.1,100,26.46,16.61,0,60.47
436.546875,62.95,50,42.1,100,26.46,16.61,0,60.47
436.5546875,63.6,49.95,42.1,100,26.46,16.61,0,60.47
436.5625,65.05,51.15,42.1,100,26.46,16.61,0,60.47
436.5703125,68.35,54.65,42.1,100,26.46,16.61,0,60.47
436.578125,72.15,57.9,42.1,100,26.46,16.61,0,60.47
436.5859375,69.15,55.85,42.1,100,26.46,16.61,0,60.47
436.59375,68.65,54.8,42.1,100,26.46,16.61,0,60.47
436.6015625,65.85,51.55,42.1,100,26.46,16.61,0,60.47
436.609375,65.5,50.3,42.1,100,26.46,16.61,0,60.47
436.6171875,64.2,49.1,42.1,100,26.46,16.61,0,60.47
436.625,66.35,50.85,42.1,100,26.46,16.61,0,60.47
436.6328125,64.7,50.05,42.1,100,26.46,16.61,0,60.47
436.640625,66.2,53,42.1,100,26.46,16.61,0,60.47
436.6484375,66.85,53.15,42.1,100,26.46,16.61,0,60.47
436.65625,69.35,54.25,42.1,100,26.46,16.61,0,60.47
436.6640625,68.2,54.15,42.1,100,26.46,16.61,0,60.47
436.671875,65.2,52.5,42.1,100,26.46,16.61,0,60.47
436.6796875,65.65,52.15,42.1,100,26.46,16.61,0,60.47
436.6875,70.25,57.7,42.1,100,26.46,16.61,0,60.47
436.6953125,75.8,64.25,42.1,100,26.46,16.61,0,60.47
436.703125,76.35,66.2,42.1,100,26.46,16.61,0,60.47
436.7109375,76.1,65.45,42.1,100,26.46,16.61,0,60.47
436.71875,72.7,60.65,42.1,100,26.46,16.61,0,60.47
436.7265625,74,59.95,42.1,100,26.46,16.61,0,60.47
436.734375,73,60.25,42.1,100,26.46,16.61,0,60.47
436.7421875,73.4,62.35,42.1,100,26.46,16.61,0,60.47
436.75,70.9,61.4,42.1,100,26.46,16.61,0,60.47
436.7578125,71.15,61.95,42.1,100,26.46,16.61,0,60.47
436.765625,69.85,60.95,42.1,100,26.46,16.61,0,60.47
436.7734375,70.45,62.55,42.1,100,26.46,16.61,0,60.47
436.78125,68.7,62.05,42.1,100,26.46,16.61,0,60.47
436.7890625,67.75,61.75,42.1,100,26.46,16.61,0,60.47
436.796875,66.6,59.75,42.1,100,26.46,16.61,0,60.47
436.8046875,64.65,57.85,42.1,100,26.46,16.61,0,60.47
436.8125,62.75,57.25,42.1,100,26.46,16.61,0,60.47
436.8203125,60.25,55.65,42.1,100,26.46,16.61,0,60.47
436.828125,61.8,54.85,42.1,100,26.46,16.61,0,60.47
436.8359375,62.7,54.5,42.1,100,26.46,16.61,0,60.47
436.84375,66.1,55.8,42.1,100,26.46,16.61,0,60.47
436.8515625,66.75,54.7,42.1,100,26.46,16.61,0,60.47
436.859375,67.8,56.75,42.1,100,26.46,16.61,0,60.47
436.8671875,61.1,54.15,42.1,100,26.46,16.61,0,60.47
436.875,55.85,51.1,42.1,100,26.46,16.61,0,60.47
436.8828125,52.1,48.25,42.1,100,26.46,16.61,0,60.47
436.890625,53.2,49.4,42.1,100,26.46,16.61,0,60.47
436.8984375,52.65,48.95,42.1,100,26.46,16.61,0,60.47
436.90625,54.65,51.1,42.1,100,26.46,16.61,0,60.47
436.9140625,55.1,52.15,42.1,100,26.46,16.61,0,60.47
436.921875,52.55,51.35,42.1,100,26.46,16.61,0,60.47
436.9296875,50.15,48.9,42.1,100,26.46,16.61,0,60.47
436.9375,46.8,44.85,42.1,100,26.46,16.61,0,60.47
436.9453125,39.9,39.45,42.1,100,26.46,16.61,0,60.47
436.953125,33.2,35.65,42.1,100,26.46,16.61,0,60.47
436.9609375,36.9,38,42.1,100,26.46,16.61,0,60.47
436.96875,38.8,38.75,42.1,100,26.46,16.61,0,60.47
436.9765625,37.75,38.85,42.1,100,26.46,16.61,0,60.47
436.984375,31.9,36.1,42.1,100,26.46,16.61,0,60.47
436.9921875,28.35,33.9,42.1,100,26.46,16.61,0,60.47
437,22.65,28.75,42.1,100,26.46,16.61,0,60.47
437.0078125,22.3,28.15,42.1,100,26.46,16.61,0,60.47
437.015625,22.35,27.95,42.1,100,26.46,16.61,0,60.47
437.0234375,23.2,28.95,42.1,100,26.46,16.61,0,60.47
437.03125,19.6,27.25,42.1,100,26.46,16.61,0,60.47
437.0390625,14.55,26,42.1,100,26.46,16.61,0,60.47
437.046875,7.85,22.7,42.1,100,26.46,16.61,0,60.47
437.0546875,0.8,19.3,42.1,100,26.46,16.61,0,60.47
437.0625,-2.55,17.5,42.1,100,26.46,16.61,0,60.47
437.0703125,-4.25,16.35,42.1,100,26.46,16.61,0,60.47
437.078125,-2.5,17.4,42.1,100,26.46,16.61,0,60.47
437.0859375,-1.75,18.25,42.1,100,26.46,16.61,0,60.47
437.09375,2.5,20.4,42.1,100,26.46,16.61,0,60.47
437.1015625,7.7,21.35,42.1,100,26.46,16.61,0,60.47
437.109375,17.3,24.75,42.1,100,26.46,16.61,0,60.47
437.1171875,17.65,22.4,42.1,100,26.46,16.61,0,60.47
437.125,10.8,18.55,42.1,100,26.46,16.61,0,60.47
437.1328125,-2.25,12.15,42.1,100,26.46,16.61,0,60.47
437.140625,-9.4,10.1,42.1,100,26.46,16.61,0,60.47
437.1484375,-13.65,9.05,42.1,100,26.46,16.61,0,60.47
437.15625,-14.55,9.45,40,100,26.74,16.63,0,60.6
437.1640625,-16.4,7.9,40,100,26.74,16.63,0,60.6
437.171875,-18.95,6.75,40,100,26.74,16.63,0,60.6
437.1796875,-19.15,6.15,40,100,26.74,16.63,0,60.6
437.1875,-15.55,8.3,40,100,26.74,16.63,0,60.6
437.1953125,-9.95,12.35,40,100,26.74,16.63,0,60.6
437.203125,-8.95,12.25,40,100,26.74,16.63,0,60.6
437.2109375,-8.45,10.75,40,100,26.74,16.63,0,60.6
437.21875,-12.9,7.8,40,100,26.74,16.63,0,60.6
437.2265625,-15.35,6.95,40,100,26.74,16.63,0,60.6
437.234375,-19.1,4.85,40,100,26.74,16.63,0,60.6
437.2421875,-17.75,7.15,40,100,26.74,16.63,0,60.6
437.25,-18,7,40,100,26.74,16.63,0,60.6
437.2578125,-16.8,6.9,40,100,26.74,16.63,0,60.6
437.265625,-17.55,6.1,40,100,26.74,16.63,0,60.6
437.2734375,-16.7,8.1,40,100,26.74,16.63,0,60.6
437.28125,-16.85,8.1,40,100,26.74,16.63,0,60.6
437.2890625,-12.85,10.35,40,100,26.74,16.63,0,60.6
437.296875,-7.95,11.85,40,100,26.74,16.63,0,60.6
437.3046875,-6.65,11,40,100,26.74,16.63,0,60.6
437.3125,-4.1,12.25,40,100,26.74,16.63,0,60.6
437.3203125,-0.6,15.35,40,100,26.74,16.63,0,60.6
437.328125,3.2,17.35,40,100,26.74,16.63,0,60.6
437.3359375,4,15.4,40,100,26.74,16.63,0,60.6
437.34375,6.45,14,40,100,26.74,16.63,0,60.6
437.3515625,4.1,10.9,40,100,26.74,16.63,0,60.6
437.359375,5.55,12.9,40,100,26.74,16.63,0,60.6
437.3671875,3.15,14.15,40,100,26.74,16.63,0,60.6
437.375,1.55,16.4,40,100,26.74,16.63,0,60.6
437.3828125,0.45,14.9,40,100,26.74,16.63,0,60.6
437.390625,1.6,13.55,40,100,26.74,16.63,0,60.6
437.3984375,-0.85,10.55,40,100,26.74,16.63,0,60.6
437.40625,0.75,10.95,40,100,26.74,16.63,0,60.6
437.4140625,4.9,12.05,40,100,26.74,16.63,0,60.6
437.421875,7.5,13.75,40,100,26.74,16.63,0,60.6
437.4296875,9,15.5,40,100,26.74,16.63,0,60.6
437.4375,10.8,16.8,40,100,26.74,16.63,0,60.6
437.4453125,13.05,17.15,40,100,26.74,16.63,0,60.6
437.453125,11.9,15.65,40,100,26.74,16.63,0,60.6
437.4609375,12.2,15.45,40,100,26.74,16.63,0,60.6
437.46875,9.45,13.5,40,100,26.74,16.63,0,60.6
437.4765625,9.75,13.4,40,100,26.74,16.63,0,60.6
437.484375,7.65,11.55,40,100,26.74,16.63,0,60.6
437.4921875,6.6,12.1,40,100,26.74,16.63,0,60.6
437.5,1.3,10.6,40,100,26.74,16.63,0,60.6
437.5078125,0.3,10.85,40,100,26.74,16.63,0,60.6
437.515625,2.5,10.25,40,100,26.74,16.63,0,60.6
437.5234375,6.4,11.8,40,100,26.74,16.63,0,60.6
437.53125,1.45,9.25,40,100,26.74,16.63,0,60.6
437.5390625,-8.05,5.4,40,100,26.74,16.63,0,60.6
437.546875,-15.5,1.95,40,100,26.74,16.63,0,60.6
437.5546875,-17.75,-0.1,40,100,26.74,16.63,0,60.6
437.5625,-14.6,-0.65,40,100,26.74,16.63,0,60.6
437.5703125,-11.65,-0.55,40,100,26.74,16.63,0,60.6
437.578125,-8.05,2.3,40,100,26.74,16.63,0,60.6
437.5859375,-9.3,3.05,40,100,26.74,16.63,0,60.6
437.59375,-13.55,-1.1,40,100,26.74,16.63,0,60.6
437.6015625,-22.95,-9.9,40,100,26.74,16.63,0,60.6
437.609375,-20.55,-8.25,40,100,26.74,16.63,0,60.6
437.6171875,-11.3,-1.65,40,100,26.74,16.63,0,60.6
437.625,-2,5.35,40,100,26.74,16.63,0,60.6
437.6328125,-5.05,5.15,40,100,26.74,16.63,0,60.6
437.640625,-9.8,4.15,40,100,26.74,16.63,0,60.6
437.6484375,-12.7,2.3,40,100,26.74,16.63,0,60.6
437.65625,-9,4.45,40,100,26.74,16.63,0,60.6
437.6640625,-3.95,5.85,40,100,26.74,16.63,0,60.6
437.671875,0.95,7.7,40,100,26.74,16.63,0,60.6
437.6796875,3.25,9.15,40,100,26.74,16.63,0,60.6
437.6875,2.8,10.05,40,100,26.74,16.63,0,60.6
437.6953125,3.5,11.25,40,100,26.74,16.63,0,60.6
437.703125,2.55,11.4,40,100,26.74,16.63,0,60.6
437.7109375,5.65,13.45,40,100,26.74,16.63,0,60.6
437.71875,8.55,13.4,40,100,26.74,16.63,0,60.6
437.7265625,13.7,13.8,40,100,26.74,16.63,0,60.6
437.734375,13.4,12.45,40,100,26.74,16.63,0,60.6
437.7421875,15.35,14.55,40,100,26.74,16.63,0,60.6
437.75,15.55,14.65,40,100,26.74,16.63,0,60.6
437.7578125,17.2,16.65,40,100,26.74,16.63,0,60.6
437.765625,14.15,15.65,40,100,26.74,16.63,0,60.6
437.7734375,13.35,15.7,40,100,26.74,16.63,0,60.6
437.78125,14.5,15.95,40,100,26.74,16.63,0,60.6
437.7890625,17.5,17.2,40,100,26.74,16.63,0,60.6
437.796875,17.75,15.8,40,100,26.74,16.63,0,60.6
437.8046875,14.65,12.8,40,100,26.74,16.63,0,60.6
437.8125,12.15,10.7,40,100,26.74,16.63,0,60.6
437.8203125,10.1,11.35,40,100,26.74,16.63,0,60.6
437.828125,14.4,17.45,40,100,26.74,16.63,0,60.6
437.8359375,20.7,23.3,40,100,26.74,16.63,0,60.6
437.84375,28.6,28.3,40,100,26.74,16.63,0,60.6
437.8515625,28.95,26.75,40,100,26.74,16.63,0,60.6
437.859375,30.15,25.35,40,100,26.74,16.63,0,60.6
437.8671875,28.35,22.2,40,100,26.74,16.63,0,60.6
437.875,30.65,23.3,40,100,26.74,16.63,0,60.6
437.8828125,31.95,24.25,40,100,26.74,16.63,0,60.6
437.890625,31.9,27.05,40,100,26.74,16.63,0,60.6
437.8984375,27.1,26.85,40,100,26.74,16.63,0,60.6
437.90625,27.8,28.9,40,100,26.74,16.63,0,60.6
437.9140625,32.75,31.75,40,100,26.74,16.63,0,60.6
437.921875,38.2,35.25,40,100,26.74,16.63,0,60.6
437.9296875,42.6,37.3,40,100,26.74,16.63,0,60.6
437.9375,42.25,36.8,40,100,26.74,16.63,0,60.6
437.9453125,40.25,36.25,40,100,26.74,16.63,0,60.6
437.953125,38.5,36,40,100,26.74,16.63,0,60.6
437.9609375,39.9,38.3,40,100,26.74,16.63,0,60.6
437.96875,35.7,36.7,40,100,26.74,16.63,0,60.6
437.9765625,33.75,34.35,40,100,26.74,16.63,0,60.6
437.984375,31.05,29.4,40,100,26.74,16.63,0,60.6
437.9921875,33.9,29.85,40,100,26.74,16.63,0,60.6
438,36.75,31.85,40,100,26.74,16.63,0,60.6
438.0078125,41.25,36.6,40,100,26.74,16.63,0,60.6
438.015625,40.15,37.15,40,100,26.74,16.63,0,60.6
438.0234375,39.85,37.3,40,100,26.74,16.63,0,60.6
438.03125,37.15,34.35,40,100,26.74,16.63,0,60.6
438.0390625,32.75,30.65,40,100,26.74,16.63,0,60.6
438.046875,30.25,28.25,40,100,26.74,16.63,0,60.6
438.0546875,33.15,30.5,40,100,26.74,16.63,0,60.6
438.0625,40.2,34,40,100,26.74,16.63,0,60.6
438.0703125,43.65,34.7,40,100,26.74,16.63,0,60.6
438.078125,47.4,38.05,40,100,26.74,16.63,0,60.6
438.0859375,47.65,39.15,40,100,26.74,16.63,0,60.6
438.09375,47.55,37.95,40,100,26.74,16.63,0,60.6
438.1015625,43.35,33.8,40,100,26.74,16.63,0,60.6
438.109375,43.55,34.55,40,100,26.74,16.63,0,60.6
438.1171875,45.9,35.15,40,100,26.74,16.63,0,60.6
438.125,54.3,39.3,40,100,26.74,16.63,0,60.6
438.1328125,56.15,40.2,40,100,26.74,16.63,0,60.6
438.140625,51.85,39.45,40,100,26.74,16.63,0,60.6
438.1484375,42.55,35.7,40,100,26.74,16.63,0,60.6
438.15625,37.2,35.05,38.7,100,26.88,16.68,0,60.62
438.1640625,36.95,35.95,38.7,100,26.88,16.68,0,60.62
438.171875,43.7,41.35,38.7,100,26.88,16.68,0,60.62
438.1796875,55.7,50,38.7,100,26.88,16.68,0,60.62
438.1875,63.5,54.65,38.7,100,26.88,16.68,0,60.62
438.1953125,63.25,52.65,38.7,100,26.88,16.68,0,60.62
438.203125,53.4,45.9,38.7,100,26.88,16.68,0,60.62
438.2109375,45,40.8,38.7,100,26.88,16.68,0,60.62
438.21875,37.45,34.85,38.7,100,26.88,16.68,0,60.62
438.2265625,36.1,34.15,38.7,100,26.88,16.68,0,60.62
438.234375,35.8,34.35,38.7,100,26.88,16.68,0,60.62
438.2421875,43.3,38.85,38.7,100,26.88,16.68,0,60.62
438.25,50.85,43.75,38.7,100,26.88,16.68,0,60.62
438.2578125,57.05,49.35,38.7,100,26.88,16.68,0,60.62
438.265625,54.7,48.9,38.7,100,26.88,16.68,0,60.62
438.2734375,50.9,48.05,38.7,100,26.88,16.68,0,60.62
438.28125,46.8,45.4,38.7,100,26.88,16.68,0,60.62
438.2890625,46.9,43.7,38.7,100,26.88,16.68,0,60.62
438.296875,51.75,44.35,38.7,100,26.88,16.68,0,60.62
438.3046875,54.85,45.6,38.7,100,26.88,16.68,0,60.62
438.3125,55.1,44.85,38.7,100,26.88,16.68,0,60.62
438.3203125,53.5,43.85,38.7,100,26.88,16.68,0,60.62
438.328125,53.5,43.4,38.7,100,26.88,16.68,0,60.62
438.3359375,48.75,39.1,38.7,100,26.88,16.68,0,60.62
438.34375,47,36.95,38.7,100,26.88,16.68,0,60.62
438.3515625,43.4,33.75,38.7,100,26.88,16.68,0,60.62
438.359375,44.1,33.1,38.7,100,26.88,16.68,0,60.62
438.3671875,46.25,31.55,38.7,100,26.88,16.68,0,60.62
438.375,51.7,32.95,38.7,100,26.88,16.68,0,60.62
438.3828125,50.55,33.05,38.7,100,26.88,16.68,0,60.62
438.390625,49,34.95,38.7,100,26.88,16.68,0,60.62
438.3984375,45.25,33.95,38.7,100,26.88,16.68,0,60.62
438.40625,41.1,32.55,38.7,100,26.88,16.68,0,60.62
438.4140625,37.4,29.7,38.7,100,26.88,16.68,0,60.62
438.421875,36.3,27.95,38.7,100,26.88,16.68,0,60.62
438.4296875,36.8,28.3,38.7,100,26.88,16.68,0,60.62
438.4375,37.45,29.35,38.7,100,26.88,16.68,0,60.62
438.4453125,40.05,30.25,38.7,100,26.88,16.68,0,60.62
438.453125,39.6,29.1,38.7,100,26.88,16.68,0,60.62
438.4609375,40.65,29.2,38.7,100,26.88,16.68,0,60.62
438.46875,39.35,27.45,38.7,100,26.88,16.68,0,60.62
438.4765625,41.1,28.5,38.7,100,26.88,16.68,0,60.62
438.484375,40.2,28.7,38.7,100,26.88,16.68,0,60.62
438.4921875,41.05,30.95,38.7,100,26.88,16.68,0,60.62
438.5,37.2,28.35,38.7,100,26.88,16.68,0,60.62
438.5078125,35.45,26.9,38.7,100,26.88,16.68,0,60.62
438.515625,35.85,25.25,38.7,100,26.88,16.68,0,60.62
438.5234375,40.85,26.85,38.7,100,26.88,16.68,0,60.62
438.53125,41.55,26.7,38.7,100,26.88,16.68,0,60.62
438.5390625,38.95,26.35,38.7,100,26.88,16.68,0,60.62
438.546875,36.4,25.05,38.7,100,26.88,16.68,0,60.62
438.5546875,35,24.7,38.7,100,26.88,16.68,0,60.62
438.5625,35.1,25,38.7,100,26.88,16.68,0,60.62
438.5703125,32.05,24.05,38.7,100,26.88,16.68,0,60.62
438.578125,31.15,24.4,38.7,100,26.88,16.68,0,60.62
438.5859375,31.6,23.55,38.7,100,26.88,16.68,0,60.62
438.59375,35.2,24.9,38.7,100,26.88,16.68,0,60.62
438.6015625,30.85,22.95,38.7,100,26.88,16.68,0,60.62
438.609375,26.65,20.5,38.7,100,26.88,16.68,0,60.62
438.6171875,23,17,38.7,100,26.88,16.68,0,60.62
438.625,24.5,18.15,38.7,100,26.88,16.68,0,60.62
438.6328125,25.55,18.3,38.7,100,26.88,16.68,0,60.62
438.640625,29.7,22.35,38.7,100,26.88,16.68,0,60.62
438.6484375,33.5,26.25,38.7,100,26.88,16.68,0,60.62
438.65625,38.25,28.7,38.7,100,26.88,16.68,0,60.62
438.6640625,38.65,26.05,38.7,100,26.88,16.68,0,60.62
438.671875,31.4,20.6,38.7,100,26.88,16.68,0,60.62
438.6796875,21.3,15.85,38.7,100,26.88,16.68,0,60.62
438.6875,14.6,14.6,38.7,100,26.88,16.68,0,60.62
438.6953125,17.25,18.2,38.7,100,26.88,16.68,0,60.62
438.703125,21.55,20.8,38.7,100,26.88,16.68,0,60.62
438.7109375,29.1,23.85,38.7,100,26.88,16.68,0,60.62
438.71875,31.5,23.3,38.7,100,26.88,16.68,0,60.62
438.7265625,32.4,24.05,38.7,100,26.88,16.68,0,60.62
438.734375,27.55,21.9,38.7,100,26.88,16.68,0,60.62
438.7421875,26.95,21.7,38.7,100,26.88,16.68,0,60.62
438.75,26.75,20.85,38.7,100,26.88,16.68,0,60.62
438.7578125,29.95,22.95,38.7,100,26.88,16.68,0,60.62
438.765625,26.4,20.35,38.7,100,26.88,16.68,0,60.62
438.7734375,23.15,18.6,38.7,100,26.88,16.68,0,60.62
438.78125,24.15,19.85,38.7,100,26.88,16.68,0,60.62
438.7890625,26.35,22.4,38.7,100,26.88,16.68,0,60.62
438.796875,24.15,21.55,38.7,100,26.88,16.68,0,60.62
438.8046875,23.3,20.75,38.7,100,26.88,16.68,0,60.62
438.8125,28.25,22.45,38.7,100,26.88,16.68,0,60.62
438.8203125,30.1,22.75,38.7,100,26.88,16.68,0,60.62
438.828125,30.5,23.6,38.7,100,26.88,16.68,0,60.62
438.8359375,27.65,23.65,38.7,100,26.88,16.68,0,60.62
438.84375,27.3,25.6,38.7,100,26.88,16.68,0,60.62
438.8515625,24.3,23.45,38.7,100,26.88,16.68,0,60.62
438.859375,22.5,22,38.7,100,26.88,16.68,0,60.62
438.8671875,17.4,19.7,38.7,100,26.88,16.68,0,60.62
438.875,17.9,21,38.7,100,26.88,16.68,0,60.62
438.8828125,20.2,21.1,38.7,100,26.88,16.68,0,60.62
438.890625,24.4,23,38.7,100,26.88,16.68,0,60.62
438.8984375,25.15,22.7,38.7,100,26.88,16.68,0,60.62
438.90625,26.35,23.35,38.7,100,26.88,16.68,0,60.62
438.9140625,29.15,24.15,38.7,100,26.88,16.68,0,60.62
438.921875,29.95,24.4,38.7,100,26.88,16.68,0,60.62
438.9296875,26.25,22.4,38.7,100,26.88,16.68,0,60.62
438.9375,20.45,19.65,38.7,100,26.88,16.68,0,60.62
438.9453125,20.9,20.25,38.7,100,26.88,16.68,0,60.62
438.953125,23.85,22.95,38.7,100,26.88,16.68,0,60.62
438.9609375,30.7,28.3,38.7,100,26.88,16.68,0,60.62
438.96875,34.8,31.1,38.7,100,26.88,16.68,0,60.62
438.9765625,39.05,34.5,38.7,100,26.88,16.68,0,60.62
438.984375,35.8,33.05,38.7,100,26.88,16.68,0,60.62
438.9921875,33.75,32.85,38.7,100,26.88,16.68,0,60.62
439,29.75,30.6,38.7,100,26.88,16.68,0,60.62
439.0078125,29.8,30.25,38.7,100,26.88,16.68,0,60.62
439.015625,31.65,30.15,38.7,100,26.88,16.68,0,60.62
439.0234375,38.2,34.3,38.7,100,26.88,16.68,0,60.62
439.03125,43.85,36.3,38.7,100,26.88,16.68,0,60.62
439.0390625,46.9,36.85,38.7,100,26.88,16.68,0,60.62
439.046875,44.8,36.4,38.7,100,26.88,16.68,0,60.62
439.0546875,36.9,35.5,38.7,100,26.88,16.68,0,60.62
439.0625,30.85,34.9,38.7,100,26.88,16.68,0,60.62
439.0703125,28.5,35.4,38.7,100,26.88,16.68,0,60.62
439.078125,30.45,38.15,38.7,100,26.88,16.68,0,60.62
439.0859375,29,38.3,38.7,100,26.88,16.68,0,60.62
439.09375,29.8,38.45,38.7,100,26.88,16.68,0,60.62
439.1015625,29.6,36.6,38.7,100,26.88,16.68,0,60.62
439.109375,34.15,38.85,38.7,100,26.88,16.68,0,60.62
439.1171875,36.85,40.05,38.7,100,26.88,16.68,0,60.62
439.125,40.75,40.85,38.7,100,26.88,16.68,0,60.62
439.1328125,39.35,38.25,38.7,100,26.88,16.68,0,60.62
439.140625,36.7,37.5,38.7,100,26.88,16.68,0,60.62
439.1484375,31.75,35.15,38.7,100,26.88,16.68,0,60.62
439.15625,29.75,35.05,39.2,100,27.05,16.77,0,60.62
439.1640625,31.5,35.75,39.2,100,27.05,16.77,0,60.62
439.171875,37.55,38,39.2,100,27.05,16.77,0,60.62
439.1796875,45.75,41.6,39.2,100,27.05,16.77,0,60.62
439.1875,51.15,42.7,39.2,100,27.05,16.77,0,60.62
439.1953125,55.85,42.35,39.2,100,27.05,16.77,0,60.62
439.203125,53.9,40.5,39.2,100,27.05,16.77,0,60.62
439.2109375,47.55,37.95,39.2,100,27.05,16.77,0,60.62
439.21875,35.3,31.65,39.2,100,27.05,16.77,0,60.62
439.2265625,28.85,29.7,39.2,100,27.05,16.77,0,60.62
439.234375,25.25,27.65,39.2,100,27.05,16.77,0,60.62
439.2421875,28.75,28.75,39.2,100,27.05,16.77,0,60.62
439.25,31.8,28.9,39.2,100,27.05,16.77,0,60.62
439.2578125,37.9,31.15,39.2,100,27.05,16.77,0,60.62
439.265625,38.9,29.95,39.2,100,27.05,16.77,0,60.62
439.2734375,38,29.9,39.2,100,27.05,16.77,0,60.62
439.28125,36,29.1,39.2,100,27.05,16.77,0,60.62
439.2890625,33.1,28.35,39.2,100,27.05,16.77,0,60.62
439.296875,29.45,26.55,39.2,100,27.05,16.77,0,60.62
439.3046875,28.2,26.05,39.2,100,27.05,16.77,0,60.62
439.3125,30.8,25.9,39.2,100,27.05,16.77,0,60.62
439.3203125,30.25,23.7,39.2,100,27.05,16.77,0,60.62
439.328125,29.75,23.9,39.2,100,27.05,16.77,0,60.62
439.3359375,26.3,24.6,39.2,100,27.05,16.77,0,60.62
439.34375,28.1,27.65,39.2,100,27.05,16.77,0,60.62
439.3515625,31.75,28.5,39.2,100,27.05,16.77,0,60.62
439.359375,39.3,30.7,39.2,100,27.05,16.77,0,60.62
439.3671875,40.25,29.4,39.2,100,27.05,16.77,0,60.62
439.375,36.95,28.55,39.2,100,27.05,16.77,0,60.62
439.3828125,29.35,25.3,39.2,100,27.05,16.77,0,60.62
439.390625,25.75,23.55,39.2,100,27.05,16.77,0,60.62
439.3984375,24.2,21.15,39.2,100,27.05,16.77,0,60.62
439.40625,29,23.45,39.2,100,27.05,16.77,0,60.62
439.4140625,36.95,27.15,39.2,100,27.05,16.77,0,60.62
439.421875,39.65,28.1,39.2,100,27.05,16.77,0,60.62
439.4296875,36.7,28.05,39.2,100,27.05,16.77,0,60.62
439.4375,31.6,28.25,39.2,100,27.05,16.77,0,60.62
439.4453125,32,29.25,39.2,100,27.05,16.77,0,60.62
439.453125,33.45,28.75,39.2,100,27.05,16.77,0,60.62
439.4609375,37.1,29.1,39.2,100,27.05,16.77,0,60.62
439.46875,34,24.4,39.2,100,27.05,16.77,0,60.62
439.4765625,29.6,20.15,39.2,100,27.05,16.77,0,60.62
439.484375,20.75,15,39.2,100,27.05,16.77,0,60.62
439.4921875,19.25,16.35,39.2,100,27.05,16.77,0,60.62
439.5,22.5,18.75,39.2,100,27.05,16.77,0,60.62
439.5078125,31.5,24.05,39.2,100,27.05,16.77,0,60.62
439.515625,36.9,25.85,39.2,100,27.05,16.77,0,60.62
439.5234375,36.85,25.2,39.2,100,27.05,16.77,0,60.62
439.53125,29.75,20.3,39.2,100,27.05,16.77,0,60.62
439.5390625,23.6,16.65,39.2,100,27.05,16.77,0,60.62
439.546875,22.6,15.75,39.2,100,27.05,16.77,0,60.62
439.5546875,24.3,17.9,39.2,100,27.05,16.77,0,60.62
439.5625,31.45,21.9,39.2,100,27.05,16.77,0,60.62
439.5703125,35.55,22.4,39.2,100,27.05,16.77,0,60.62
439.578125,34.05,21.35,39.2,100,27.05,16.77,0,60.62
439.5859375,25.2,18.25,39.2,100,27.05,16.77,0,60.62
439.59375,21,18.6,39.2,100,27.05,16.77,0,60.62
439.6015625,18.3,18,39.2,100,27.05,16.77,0,60.62
439.609375,21.4,19.45,39.2,100,27.05,16.77,0,60.62
439.6171875,23,18.75,39.2,100,27.05,16.77,0,60.62
439.625,28.2,21.9,39.2,100,27.05,16.77,0,60.62
439.6328125,31.45,23.55,39.2,100,27.05,16.77,0,60.62
439.640625,35.9,26.05,39.2,100,27.05,16.77,0,60.62
439.6484375,38.85,26.8,39.2,100,27.05,16.77,0,60.62
439.65625,40.3,27.15,39.2,100,27.05,16.77,0,60.62
439.6640625,38.4,24.45,39.2,100,27.05,16.77,0,60.62
439.671875,37.9,23.35,39.2,100,27.05,16.77,0,60.62
439.6796875,39.25,26.3,39.2,100,27.05,16.77,0,60.62
439.6875,36.6,28.05,39.2,100,27.05,16.77,0,60.62
439.6953125,35.3,28.95,39.2,100,27.05,16.77,0,60.62
439.703125,32.3,27.4,39.2,100,27.05,16.77,0,60.62
439.7109375,30.15,25.35,39.2,100,27.05,16.77,0,60.62
439.71875,22.7,19.15,39.2,100,27.05,16.77,0,60.62
439.7265625,18.3,17.3,39.2,100,27.05,16.77,0,60.62
439.734375,16.05,17,39.2,100,27.05,16.77,0,60.62
439.7421875,19.2,19.85,39.2,100,27.05,16.77,0,60.62
439.75,18.1,20.25,39.2,100,27.05,16.77,0,60.62
439.7578125,17.8,21.9,39.2,100,27.05,16.77,0,60.62
439.765625,17.85,22.7,39.2,100,27.05,16.77,0,60.62
439.7734375,19.5,25.05,39.2,100,27.05,16.77,0,60.62
439.78125,20.65,24.8,39.2,100,27.05,16.77,0,60.62
439.7890625,21.5,23.85,39.2,100,27.05,16.77,0,60.62
439.796875,22.25,24.05,39.2,100,27.05,16.77,0,60.62
439.8046875,24.6,25.65,39.2,100,27.05,16.77,0,60.62
439.8125,29,28.6,39.2,100,27.05,16.77,0,60.62
439.8203125,29.7,31.15,39.2,100,27.05,16.77,0,60.62
439.828125,33.6,35.45,39.2,100,27.05,16.77,0,60.62
439.8359375,34.3,34.9,39.2,100,27.05,16.77,0,60.62
439.84375,32.45,30.95,39.2,100,27.05,16.77,0,60.62
439.8515625,23.9,23.2,39.2,100,27.05,16.77,0,60.62
439.859375,18.75,20.75,39.2,100,27.05,16.77,0,60.62
439.8671875,13.55,18,39.2,100,27.05,16.77,0,60.62
439.875,13.65,18.85,39.2,100,27.05,16.77,0,60.62
439.8828125,13.15,19.75,39.2,100,27.05,16.77,0,60.62
439.890625,14.15,21.95,39.2,100,27.05,16.77,0,60.62
439.8984375,14,21.15,39.2,100,27.05,16.77,0,60.62
439.90625,15.2,22.35,39.2,100,27.05,16.77,0,60.62
439.9140625,18.1,23.8,39.2,100,27.05,16.77,0,60.62
439.921875,24.35,26.6,39.2,100,27.05,16.77,0,60.62
439.9296875,30.2,29.3,39.2,100,27.05,16.77,0,60.62
439.9375,28.95,28.55,39.2,100,27.05,16.77,0,60.62
439.9453125,27.6,27.55,39.2,100,27.05,16.77,0,60.62
439.953125,24.05,25.3,39.2,100,27.05,16.77,0,60.62
439.9609375,23.05,25.05,39.2,100,27.05,16.77,0,60.62
439.96875,23.95,26.25,39.2,100,27.05,16.77,0,60.62
439.9765625,29.35,30.45,39.2,100,27.05,16.77,0,60.62
439.984375,27.8,29.85,39.2,100,27.05,16.77,0,60.62
439.9921875,26.6,30.45,39.2,100,27.05,16.77,0,60.62
440,20.9,26.6,39.2,100,27.05,16.77,0,60.62
440.0078125,15.45,21.4,39.2,100,27.05,16.77,0,60.62
440.015625,13.25,17.25,39.2,100,27.05,16.77,0,60.62
440.0234375,15.85,17.35,39.2,100,27.05,16.77,0,60.62
440.03125,17.55,17.1,39.2,100,27.05,16.77,0,60.62
440.0390625,21.1,19.2,39.2,100,27.05,16.77,0,60.62
440.046875,26.2,22.55,39.2,100,27.05,16.77,0,60.62
440.0546875,26.1,23.1,39.2,100,27.05,16.77,0,60.62
440.0625,25.6,23.55,39.2,100,27.05,16.77,0,60.62
440.0703125,25.75,24.95,39.2,100,27.05,16.77,0,60.62
440.078125,29.55,29.05,39.2,100,27.05,16.77,0,60.62
440.0859375,28.25,29.95,39.2,100,27.05,16.77,0,60.62
440.09375,25.25,30.55,39.2,100,27.05,16.77,0,60.62
440.1015625,17.2,27.45,39.2,100,27.05,16.77,0,60.62
440.109375,13.65,25.95,39.2,100,27.05,16.77,0,60.62
440.1171875,8.75,21.3,39.2,100,27.05,16.77,0,60.62
440.125,8.95,20,39.2,100,27.05,16.77,0,60.62
440.1328125,11.6,19.55,39.2,100,27.05,16.77,0,60.62
440.140625,18.75,23.55,39.2,100,27.05,16.77,0,60.62
440.1484375,22.15,24.8,39.2,100,27.05,16.77,0,60.62
440.15625,23.35,25.95,41,100,26.99,16.78,0,60.62
440.1640625,23.5,26,41,100,26.99,16.78,0,60.62
440.171875,23.2,25,41,100,26.99,16.78,0,60.62
440.1796875,20.85,22.8,41,100,26.99,16.78,0,60.62
440.1875,13.45,18.8,41,100,26.99,16.78,0,60.62
440.1953125,8.25,15.4,41,100,26.99,16.78,0,60.62
440.203125,4.8,13.4,41,100,26.99,16.78,0,60.62
440.2109375,8.4,17.25,41,100,26.99,16.78,0,60.62
440.21875,10.95,19.65,41,100,26.99,16.78,0,60.62
440.2265625,14.05,20.85,41,100,26.99,16.78,0,60.62
440.234375,14.5,18.8,41,100,26.99,16.78,0,60.62
440.2421875,18,18.95,41,100,26.99,16.78,0,60.62
440.25,16.2,15,41,100,26.99,16.78,0,60.62
440.2578125,14.6,12.6,41,100,26.99,16.78,0,60.62
440.265625,10.4,11.05,41,100,26.99,16.78,0,60.62
440.2734375,4.45,9.9,41,100,26.99,16.78,0,60.62
440.28125,-0.15,8.5,41,100,26.99,16.78,0,60.62
440.2890625,-0.85,10.65,41,100,26.99,16.78,0,60.62
440.296875,1.8,13.95,41,100,26.99,16.78,0,60.62
440.3046875,6.45,16.55,41,100,26.99,16.78,0,60.62
440.3125,13.6,21.3,41,100,26.99,16.78,0,60.62
440.3203125,15.3,22.25,41,100,26.99,16.78,0,60.62
440.328125,16.15,21.6,41,100,26.99,16.78,0,60.62
440.3359375,12,17.1,41,100,26.99,16.78,0,60.62
440.34375,9.75,12.25,41,100,26.99,16.78,0,60.62
440.3515625,7.4,6.45,41,100,26.99,16.78,0,60.62
440.359375,10.9,8.1,41,100,26.99,16.78,0,60.62
440.3671875,10.75,8.8,41,100,26.99,16.78,0,60.62
440.375,10.95,11.05,41,100,26.99,16.78,0,60.62
440.3828125,9.2,13,41,100,26.99,16.78,0,60.62
440.390625,8.55,17,41,100,26.99,16.78,0,60.62
440.3984375,2.75,16.55,41,100,26.99,16.78,0,60.62
440.40625,-3.6,14.05,41,100,26.99,16.78,0,60.62
440.4140625,-3.8,11.8,41,100,26.99,16.78,0,60.62
440.421875,3.3,12.85,41,100,26.99,16.78,0,60.62
440.4296875,10.85,14.9,41,100,26.99,16.78,0,60.62
440.4375,11.4,15.3,41,100,26.99,16.78,0,60.62
440.4453125,8.55,14.4,41,100,26.99,16.78,0,60.62
440.453125,-0.45,7.8,41,100,26.99,16.78,0,60.62
440.4609375,-4.95,4.05,41,100,26.99,16.78,0,60.62
440.46875,-6.2,3.75,41,100,26.99,16.78,0,60.62
440.4765625,-0.15,8.35,41,100,26.99,16.78,0,60.62
440.484375,5.4,12.15,41,100,26.99,16.78,0,60.62
440.4921875,11.6,16.85,41,100,26.99,16.78,0,60.62
440.5,10.6,15.65,41,100,26.99,16.78,0,60.62
440.5078125,11,15.75,41,100,26.99,16.78,0,60.62
440.515625,11.65,15.7,41,100,26.99,16.78,0,60.62
440.5234375,13.5,15.45,41,100,26.99,16.78,0,60.62
440.53125,17.6,16.6,41,100,26.99,16.78,0,60.62
440.5390625,22.05,19.4,41,100,26.99,16.78,0,60.62
440.546875,20.8,16.85,41,100,26.99,16.78,0,60.62
440.5546875,16.45,12.95,41,100,26.99,16.78,0,60.62
440.5625,15.45,13.2,41,100,26.99,16.78,0,60.62
440.5703125,11.25,10.65,41,100,26.99,16.78,0,60.62
440.578125,9,9.35,41,100,26.99,16.78,0,60.62
440.5859375,5.05,8.7,41,100,26.99,16.78,0,60.62
440.59375,2.65,8.95,41,100,26.99,16.78,0,60.62
440.6015625,-2,6.05,41,100,26.99,16.78,0,60.62
440.609375,-1.9,6.75,41,100,26.99,16.78,0,60.62
440.6171875,-2.35,5.8,41,100,26.99,16.78,0,60.62
440.625,0.75,6.7,41,100,26.99,16.78,0,60.62
440.6328125,0.8,4.95,41,100,26.99,16.78,0,60.62
440.640625,0.4,4.75,41,100,26.99,16.78,0,60.62
440.6484375,-1.7,4.35,41,100,26.99,16.78,0,60.62
440.65625,-0.05,7.5,41,100,26.99,16.78,0,60.62
440.6640625,4.85,12.25,41,100,26.99,16.78,0,60.62
440.671875,5.7,13.85,41,100,26.99,16.78,0,60.62
440.6796875,2.55,10.7,41,100,26.99,16.78,0,60.62
440.6875,1.05,8.1,41,100,26.99,16.78,0,60.62
440.6953125,6.3,9.85,41,100,26.99,16.78,0,60.62
440.703125,10.4,11.05,41,100,26.99,16.78,0,60.62
440.7109375,15.75,14.65,41,100,26.99,16.78,0,60.62
440.71875,14.3,14.55,41,100,26.99,16.78,0,60.62
440.7265625,13.2,14.15,41,100,26.99,16.78,0,60.62
440.734375,7.3,9.65,41,100,26.99,16.78,0,60.62
440.7421875,3,6.2,41,100,26.99,16.78,0,60.62
440.75,0.25,3.1,41,100,26.99,16.78,0,60.62
440.7578125,3.1,4.75,41,100,26.99,16.78,0,60.62
440.765625,4.2,5.7,41,100,26.99,16.78,0,60.62
440.7734375,6.1,8.85,41,100,26.99,16.78,0,60.62
440.78125,9.5,12.45,41,100,26.99,16.78,0,60.62
440.7890625,15.1,16.25,41,100,26.99,16.78,0,60.62
440.796875,19.1,17.9,41,100,26.99,16.78,0,60.62
440.8046875,14.75,14.5,41,100,26.99,16.78,0,60.62
440.8125,11,11.35,41,100,26.99,16.78,0,60.62
440.8203125,11.25,11.3,41,100,26.99,16.78,0,60.62
440.828125,17,16.4,41,100,26.99,16.78,0,60.62
440.8359375,17.75,18.65,41,100,26.99,16.78,0,60.62
440.84375,17.2,18.95,41,100,26.99,16.78,0,60.62
440.8515625,13.5,14.85,41,100,26.99,16.78,0,60.62
440.859375,14.95,14.15,41,100,26.99,16.78,0,60.62
440.8671875,12.6,10.95,41,100,26.99,16.78,0,60.62
440.875,10.35,9.45,41,100,26.99,16.78,0,60.62
440.8828125,7.1,7.5,41,100,26.99,16.78,0,60.62
440.890625,5.35,6.85,41,100,26.99,16.78,0,60.62
440.8984375,4.3,4.5,41,100,26.99,16.78,0,60.62
440.90625,7.45,5.45,41,100,26.99,16.78,0,60.62
440.9140625,11.35,7.2,41,100,26.99,16.78,0,60.62
440.921875,15.2,9.7,41,100,26.99,16.78,0,60.62
440.9296875,22.8,14.25,41,100,26.99,16.78,0,60.62
440.9375,26.2,16.5,41,100,26.99,16.78,0,60.62
440.9453125,29.8,18.8,41,100,26.99,16.78,0,60.62
440.953125,32.4,20.95,41,100,26.99,16.78,0,60.62
440.9609375,36.95,25.45,41,100,26.99,16.78,0,60.62
440.96875,36.2,26.8,41,100,26.99,16.78,0,60.62
440.9765625,38.05,29.55,41,100,26.99,16.78,0,60.62
440.984375,37.25,28.8,41,100,26.99,16.78,0,60.62
440.9921875,38.85,30.55,41,100,26.99,16.78,0,60.62
441,37.25,30.45,41,100,26.99,16.78,0,60.62
441.0078125,34.5,29.3,41,100,26.99,16.78,0,60.62
441.015625,29.4,25.05,41,100,26.99,16.78,0,60.62
441.0234375,27.85,23.4,41,100,26.99,16.78,0,60.62
441.03125,28.65,22.9,41,100,26.99,16.78,0,60.62
441.0390625,30.9,24.25,41,100,26.99,16.78,0,60.62
441.046875,34.2,26.75,41,100,26.99,16.78,0,60.62
441.0546875,35.55,29.05,41,100,26.99,16.78,0,60.62
441.0625,37.5,31.45,41,100,26.99,16.78,0,60.62
441.0703125,36.25,30.75,41,100,26.99,16.78,0,60.62
441.078125,34.85,29.45,41,100,26.99,16.78,0,60.62
441.0859375,28.95,24.55,41,100,26.99,16.78,0,60.62
441.09375,26.35,23.05,41,100,26.99,16.78,0,60.62
441.1015625,22.15,20.35,41,100,26.99,16.78,0,60.62
441.109375,19.45,18.05,41,100,26.99,16.78,0,60.62
441.1171875,19.1,16.5,41,100,26.99,16.78,0,60.62
441.125,28.75,21.95,41,100,26.99,16.78,0,60.62
441.1328125,33.55,22.45,41,100,26.99,16.78,0,60.62
441.140625,31.65,19.25,41,100,26.99,16.78,0,60.62
441.1484375,27.65,15.2,41,100,26.99,16.78,0,60.62
441.15625,26.4,14.9,40.7,100,26.81,16.59,0,61.08
441.1640625,29.3,18.6,40.7,100,26.81,16.59,0,61.08
441.171875,32.8,23.25,40.7,100,26.81,16.59,0,61.08
441.1796875,32.45,22.85,40.7,100,26.81,16.59,0,61.08
441.1875,25.95,18.25,40.7,100,26.81,16.59,0,61.08
441.1953125,22.25,15.9,40.7,100,26.81,16.59,0,61.08
441.203125,17.55,13.3,40.7,100,26.81,16.59,0,61.08
441.2109375,18.35,14.2,40.7,100,26.81,16.59,0,61.08
441.21875,19.3,14.15,40.7,100,26.81,16.59,0,61.08
441.2265625,23.35,15.25,40.7,100,26.81,16.59,0,61.08
441.234375,23.5,13.25,40.7,100,26.81,16.59,0,61.08
441.2421875,24.45,12.8,40.7,100,26.81,16.59,0,61.08
441.25,22.85,12.25,40.7,100,26.81,16.59,0,61.08
441.2578125,24.15,15.35,40.7,100,26.81,16.59,0,61.08
441.265625,21.7,14.3,40.7,100,26.81,16.59,0,61.08
441.2734375,19.3,12.25,40.7,100,26.81,16.59,0,61.08
441.28125,19.2,11.15,40.7,100,26.81,16.59,0,61.08
441.2890625,18.8,10.45,40.7,100,26.81,16.59,0,61.08
441.296875,19.4,10.3,40.7,100,26.81,16.59,0,61.08
441.3046875,20.35,11.05,40.7,100,26.81,16.59,0,61.08
441.3125,21.4,12.95,40.7,100,26.81,16.59,0,61.08
441.3203125,21,13.85,40.7,100,26.81,16.59,0,61.08
441.328125,25.2,16.5,40.7,100,26.81,16.59,0,61.08
441.3359375,22.65,14.9,40.7,100,26.81,16.59,0,61.08
441.34375,19.55,13.1,40.7,100,26.81,16.59,0,61.08
441.3515625,16.75,9.95,40.7,100,26.81,16.59,0,61.08
441.359375,21.5,11.65,40.7,100,26.81,16.59,0,61.08
441.3671875,25,12.1,40.7,100,26.81,16.59,0,61.08
441.375,27.9,13.45,40.7,100,26.81,16.59,0,61.08
441.3828125,25.85,12.7,40.7,100,26.81,16.59,0,61.08
441.390625,25.3,13.05,40.7,100,26.81,16.59,0,61.08
441.3984375,26.25,12.25,40.7,100,26.81,16.59,0,61.08
441.40625,28.65,13.25,40.7,100,26.81,16.59,0,61.08
441.4140625,29.85,15.2,40.7,100,26.81,16.59,0,61.08
441.421875,26.9,15.55,40.7,100,26.81,16.59,0,61.08
441.4296875,23.25,13.95,40.7,100,26.81,16.59,0,61.08
441.4375,19.15,10.15,40.7,100,26.81,16.59,0,61.08
441.4453125,21.1,10.65,40.7,100,26.81,16.59,0,61.08
441.453125,21.6,11.35,40.7,100,26.81,16.59,0,61.08
441.4609375,20.95,10.65,40.7,100,26.81,16.59,0,61.08
441.46875,18.5,7.25,40.7,100,26.81,16.59,0,61.08
441.4765625,25.45,10.4,40.7,100,26.81,16.59,0,61.08
441.484375,31.5,12.25,40.7,100,26.81,16.59,0,61.08
441.4921875,35.05,14.75,40.7,100,26.81,16.59,0,61.08
441.5,32.75,14.45,40.7,100,26.81,16.59,0,61.08
441.5078125,30.7,13.7,40.7,100,26.81,16.59,0,61.08
441.515625,27.35,11.15,40.7,100,26.81,16.59,0,61.08
441.5234375,27.05,11.85,40.7,100,26.81,16.59,0,61.08
441.53125,29.5,11.55,40.7,100,26.81,16.59,0,61.08
441.5390625,33.9,12.7,40.7,100,26.81,16.59,0,61.08
441.546875,40.15,18.05,40.7,100,26.81,16.59,0,61.08
441.5546875,41.2,21.9,40.7,100,26.81,16.59,0,61.08
441.5625,37.5,21.95,40.7,100,26.81,16.59,0,61.08
441.5703125,31.15,18.55,40.7,100,26.81,16.59,0,61.08
441.578125,33.6,17.4,40.7,100,26.81,16.59,0,61.08
441.5859375,36.95,15.8,40.7,100,26.81,16.59,0,61.08
441.59375,40.05,16.3,40.7,100,26.81,16.59,0,61.08
441.6015625,34.55,13.5,40.7,100,26.81,16.59,0,61.08
441.609375,28.3,12.1,40.7,100,26.81,16.59,0,61.08
441.6171875,20.25,9.1,40.7,100,26.81,16.59,0,61.08
441.625,18.05,9.75,40.7,100,26.81,16.59,0,61.08
441.6328125,21.6,13.3,40.7,100,26.81,16.59,0,61.08
441.640625,32.35,20.7,40.7,100,26.81,16.59,0,61.08
441.6484375,37.3,24.05,40.7,100,26.81,16.59,0,61.08
441.65625,33.15,21.65,40.7,100,26.81,16.59,0,61.08
441.6640625,28.6,17.75,40.7,100,26.81,16.59,0,61.08
441.671875,28.55,17.4,40.7,100,26.81,16.59,0,61.08
441.6796875,32.65,20.4,40.7,100,26.81,16.59,0,61.08
441.6875,35.25,21.5,40.7,100,26.81,16.59,0,61.08
441.6953125,39.25,23.5,40.7,100,26.81,16.59,0,61.08
441.703125,39.2,23.75,40.7,100,26.81,16.59,0,61.08
441.7109375,39.2,24.25,40.7,100,26.81,16.59,0,61.08
441.71875,37.4,22.05,40.7,100,26.81,16.59,0,61.08
441.7265625,40.25,23.45,40.7,100,26.81,16.59,0,61.08
441.734375,36.75,20.95,40.7,100,26.81,16.59,0,61.08
441.7421875,33.35,18.75,40.7,100,26.81,16.59,0,61.08
441.75,31.1,18.1,40.7,100,26.81,16.59,0,61.08
441.7578125,34.55,22.85,40.7,100,26.81,16.59,0,61.08
441.765625,38.35,25.35,40.7,100,26.81,16.59,0,61.08
441.7734375,42,27.25,40.7,100,26.81,16.59,0,61.08
441.78125,43.9,28.55,40.7,100,26.81,16.59,0,61.08
441.7890625,46.8,30,40.7,100,26.81,16.59,0,61.08
441.796875,49.55,30.2,40.7,100,26.81,16.59,0,61.08
441.8046875,48.35,28.9,40.7,100,26.81,16.59,0,61.08
441.8125,50.6,29.6,40.7,100,26.81,16.59,0,61.08
441.8203125,51.55,29.75,40.7,100,26.81,16.59,0,61.08
441.828125,50.85,30.55,40.7,100,26.81,16.59,0,61.08
441.8359375,45,28.25,40.7,100,26.81,16.59,0,61.08
441.84375,41.1,25.8,40.7,100,26.81,16.59,0,61.08
441.8515625,36.45,20.9,40.7,100,26.81,16.59,0,61.08
441.859375,37.65,20.9,40.7,100,26.81,16.59,0,61.08
441.8671875,38.05,20.15,40.7,100,26.81,16.59,0,61.08
441.875,41.35,21.05,40.7,100,26.81,16.59,0,61.08
441.8828125,42.9,21.55,40.7,100,26.81,16.59,0,61.08
441.890625,43.95,24.55,40.7,100,26.81,16.59,0,61.08
441.8984375,44.05,26.85,40.7,100,26.81,16.59,0,61.08
441.90625,46,28.95,40.7,100,26.81,16.59,0,61.08
441.9140625,49.55,29.3,40.7,100,26.81,16.59,0,61.08
441.921875,51.9,29.8,40.7,100,26.81,16.59,0,61.08
441.9296875,54,30.65,40.7,100,26.81,16.59,0,61.08
441.9375,51.4,27.6,40.7,100,26.81,16.59,0,61.08
441.9453125,46.9,24.2,40.7,100,26.81,16.59,0,61.08
441.953125,38.9,19.65,40.7,100,26.81,16.59,0,61.08
441.9609375,39.45,20.95,40.7,100,26.81,16.59,0,61.08
441.96875,41.1,22.95,40.7,100,26.81,16.59,0,61.08
441.9765625,44.35,25.9,40.7,100,26.81,16.59,0,61.08
441.984375,44.5,24.6,40.7,100,26.81,16.59,0,61.08
441.9921875,48.25,26.45,40.7,100,26.81,16.59,0,61.08
442,50.25,26.55,40.7,100,26.81,16.59,0,61.08
442.0078125,55.55,29.2,40.7,100,26.81,16.59,0,61.08
442.015625,59.8,31.25,40.7,100,26.81,16.59,0,61.08
442.0234375,62.8,34.1,40.7,100,26.81,16.59,0,61.08
442.03125,63.15,34.9,40.7,100,26.81,16.59,0,61.08
442.0390625,60.55,34.1,40.7,100,26.81,16.59,0,61.08
442.046875,55.9,31.95,40.7,100,26.81,16.59,0,61.08
442.0546875,48.45,28,40.7,100,26.81,16.59,0,61.08
442.0625,44.5,25.2,40.7,100,26.81,16.59,0,61.08
442.0703125,41,22.55,40.7,100,26.81,16.59,0,61.08
442.078125,39.85,22.15,40.7,100,26.81,16.59,0,61.08
442.0859375,34.7,19.3,40.7,100,26.81,16.59,0,61.08
442.09375,32.45,20.05,40.7,100,26.81,16.59,0,61.08
442.1015625,27.15,19.55,40.7,100,26.81,16.59,0,61.08
442.109375,25.85,20.45,40.7,100,26.81,16.59,0,61.08
442.1171875,25.65,19.7,40.7,100,26.81,16.59,0,61.08
442.125,29,22.45,40.7,100,26.81,16.59,0,61.08
442.1328125,28.45,22.75,40.7,100,26.81,16.59,0,61.08
442.140625,25.9,22,40.7,100,26.81,16.59,0,61.08
442.1484375,21,18.65,40.7,100,26.81,16.59,0,61.08
442.15625,17.3,15.95,40.9,100,26.7,16.87,0,61.03
442.1640625,15.95,15,40.9,100,26.7,16.87,0,61.03
442.171875,14.6,14.6,40.9,100,26.7,16.87,0,61.03
442.1796875,15.85,15.1,40.9,100,26.7,16.87,0,61.03
442.1875,16.1,14.2,40.9,100,26.7,16.87,0,61.03
442.1953125,18.85,14.9,40.9,100,26.7,16.87,0,61.03
442.203125,18.85,14.2,40.9,100,26.7,16.87,0,61.03
442.2109375,19.2,15.55,40.9,100,26.7,16.87,0,61.03
442.21875,13.95,14.15,40.9,100,26.7,16.87,0,61.03
442.2265625,12.7,15.5,40.9,100,26.7,16.87,0,61.03
442.234375,11.25,15.35,40.9,100,26.7,16.87,0,61.03
442.2421875,13.05,17.6,40.9,100,26.7,16.87,0,61.03
442.25,13.55,16.95,40.9,100,26.7,16.87,0,61.03
442.2578125,17.05,18.5,40.9,100,26.7,16.87,0,61.03
442.265625,19.05,20.05,40.9,100,26.7,16.87,0,61.03
442.2734375,19.7,21.5,40.9,100,26.7,16.87,0,61.03
442.28125,18.65,20.3,40.9,100,26.7,16.87,0,61.03
442.2890625,17.6,20.25,40.9,100,26.7,16.87,0,61.03
442.296875,18.9,20.95,40.9,100,26.7,16.87,0,61.03
442.3046875,20.45,20.25,40.9,100,26.7,16.87,0,61.03
442.3125,23.8,21.3,40.9,100,26.7,16.87,0,61.03
442.3203125,21.15,20.35,40.9,100,26.7,16.87,0,61.03
442.328125,20,20.55,40.9,100,26.7,16.87,0,61.03
442.3359375,17.4,20.65,40.9,100,26.7,16.87,0,61.03
442.34375,16.8,21.3,40.9,100,26.7,16.87,0,61.03
442.3515625,12.6,16.85,40.9,100,26.7,16.87,0,61.03
442.359375,13.25,15.9,40.9,100,26.7,16.87,0,61.03
442.3671875,12.15,13.7,40.9,100,26.7,16.87,0,61.03
442.375,12.45,12.75,40.9,100,26.7,16.87,0,61.03
442.3828125,10.25,12.05,40.9,100,26.7,16.87,0,61.03
442.390625,7.45,12.65,40.9,100,26.7,16.87,0,61.03
442.3984375,6.15,12,40.9,100,26.7,16.87,0,61.03
442.40625,10.7,14.2,40.9,100,26.7,16.87,0,61.03
442.4140625,17.55,17.4,40.9,100,26.7,16.87,0,61.03
442.421875,22.35,19.45,40.9,100,26.7,16.87,0,61.03
442.4296875,27,21.35,40.9,100,26.7,16.87,0,61.03
442.4375,25.75,20.9,40.9,100,26.7,16.87,0,61.03
442.4453125,22.3,19.35,40.9,100,26.7,16.87,0,61.03
442.453125,14.55,14.4,40.9,100,26.7,16.87,0,61.03
442.4609375,11.25,12.15,40.9,100,26.7,16.87,0,61.03
442.46875,7.8,8.9,40.9,100,26.7,16.87,0,61.03
442.4765625,5.35,7.1,40.9,100,26.7,16.87,0,61.03
442.484375,-1.35,3.15,40.9,100,26.7,16.87,0,61.03
442.4921875,-2.35,2.8,40.9,100,26.7,16.87,0,61.03
442.5,-1.5,1.55,40.9,100,26.7,16.87,0,61.03
442.5078125,1.4,2.5,40.9,100,26.7,16.87,0,61.03
442.515625,2.45,2.85,40.9,100,26.7,16.87,0,61.03
442.5234375,3.45,4.6,40.9,100,26.7,16.87,0,61.03
442.53125,5.3,5.9,40.9,100,26.7,16.87,0,61.03
442.5390625,7.4,8.15,40.9,100,26.7,16.87,0,61.03
442.546875,11.65,11.3,40.9,100,26.7,16.87,0,61.03
442.5546875,13.4,11.45,40.9,100,26.7,16.87,0,61.03
442.5625,14.65,10.2,40.9,100,26.7,16.87,0,61.03
442.5703125,11.15,7.15,40.9,100,26.7,16.87,0,61.03
442.578125,7.25,4.75,40.9,100,26.7,16.87,0,61.03
442.5859375,-0.1,-0.25,40.9,100,26.7,16.87,0,61.03
442.59375,0.9,0.8,40.9,100,26.7,16.87,0,61.03
442.6015625,2.15,2.3,40.9,100,26.7,16.87,0,61.03
442.609375,4.6,4.85,40.9,100,26.7,16.87,0,61.03
442.6171875,4.45,3.25,40.9,100,26.7,16.87,0,61.03
442.625,6.4,2.2,40.9,100,26.7,16.87,0,61.03
442.6328125,4.45,0.3,40.9,100,26.7,16.87,0,61.03
442.640625,3.9,0.75,40.9,100,26.7,16.87,0,61.03
442.6484375,3.1,0.9,40.9,100,26.7,16.87,0,61.03
442.65625,2.95,1.9,40.9,100,26.7,16.87,0,61.03
442.6640625,4.55,2,40.9,100,26.7,16.87,0,61.03
442.671875,5.4,0.55,40.9,100,26.7,16.87,0,61.03
442.6796875,7.45,0.65,40.9,100,26.7,16.87,0,61.03
442.6875,6.05,-0.65,40.9,100,26.7,16.87,0,61.03
442.6953125,4.15,-1.85,40.9,100,26.7,16.87,0,61.03
442.703125,0.85,-4.5,40.9,100,26.7,16.87,0,61.03
442.7109375,1.6,-4.25,40.9,100,26.7,16.87,0,61.03
442.71875,-0.25,-5.6,40.9,100,26.7,16.87,0,61.03
442.7265625,0.35,-5.1,40.9,100,26.7,16.87,0,61.03
442.734375,-0.8,-7.2,40.9,100,26.7,16.87,0,61.03
442.7421875,1.35,-6.25,40.9,100,26.7,16.87,0,61.03
442.75,4.8,-4.75,40.9,100,26.7,16.87,0,61.03
442.7578125,8.8,0.25,40.9,100,26.7,16.87,0,61.03
442.765625,4.85,2.25,40.9,100,26.7,16.87,0,61.03
442.7734375,-2.6,0.8,40.9,100,26.7,16.87,0,61.03
442.78125,-6.2,-2.5,40.9,100,26.7,16.87,0,61.03
442.7890625,-4.3,-4.3,40.9,100,26.7,16.87,0,61.03
442.796875,0.2,-4.95,40.9,100,26.7,16.87,0,61.03
442.8046875,0.05,-6.95,40.9,100,26.7,16.87,0,61.03
442.8125,-0.65,-8.1,40.9,100,26.7,16.87,0,61.03
442.8203125,-3.7,-10.15,40.9,100,26.7,16.87,0,61.03
442.828125,-1.05,-7.9,40.9,100,26.7,16.87,0,61.03
442.8359375,2.05,-5.65,40.9,100,26.7,16.87,0,61.03
442.84375,5.1,-3.05,40.9,100,26.7,16.87,0,61.03
442.8515625,0.8,-4.55,40.9,100,26.7,16.87,0,61.03
442.859375,2.2,-1.5,40.9,100,26.7,16.87,0,61.03
442.8671875,3.9,1.15,40.9,100,26.7,16.87,0,61.03
442.875,4.6,2.8,40.9,100,26.7,16.87,0,61.03
442.8828125,1.65,-0.2,40.9,100,26.7,16.87,0,61.03
442.890625,1,-2.35,40.9,100,26.7,16.87,0,61.03
442.8984375,1.2,-2.7,40.9,100,26.7,16.87,0,61.03
442.90625,4.3,-0.15,40.9,100,26.7,16.87,0,61.03
442.9140625,9.7,2.55,40.9,100,26.7,16.87,0,61.03
442.921875,13.4,4.75,40.9,100,26.7,16.87,0,61.03
442.9296875,14.95,7.1,40.9,100,26.7,16.87,0,61.03
442.9375,9.6,5.1,40.9,100,26.7,16.87,0,61.03
442.9453125,5.15,3.65,40.9,100,26.7,16.87,0,61.03
442.953125,0.9,2.7,40.9,100,26.7,16.87,0,61.03
442.9609375,3.6,4.75,40.9,100,26.7,16.87,0,61.03
442.96875,5.2,4.25,40.9,100,26.7,16.87,0,61.03
442.9765625,8.2,6.15,40.9,100,26.7,16.87,0,61.03
442.984375,6.8,5.3,40.9,100,26.7,16.87,0,61.03
442.9921875,7.05,5.45,40.9,100,26.7,16.87,0,61.03
443,4.55,4.25,40.9,100,26.7,16.87,0,61.03
443.0078125,0.4,3.5,40.9,100,26.7,16.87,0,61.03
443.015625,-7.45,-0.25,40.9,100,26.7,16.87,0,61.03
443.0234375,-12.2,-1.25,40.9,100,26.7,16.87,0,61.03
443.03125,-9.7,1.15,40.9,100,26.7,16.87,0,61.03
443.0390625,-2.7,4.65,40.9,100,26.7,16.87,0,61.03
443.046875,4.4,7.5,40.9,100,26.7,16.87,0,61.03
443.0546875,6.3,9.3,40.9,100,26.7,16.87,0,61.03
443.0625,8.25,12.4,40.9,100,26.7,16.87,0,61.03
443.0703125,7.1,13.4,40.9,100,26.7,16.87,0,61.03
443.078125,4.35,13.25,40.9,100,26.7,16.87,0,61.03
443.0859375,-1.15,9.75,40.9,100,26.7,16.87,0,61.03
443.09375,3.05,11.7,40.9,100,26.7,16.87,0,61.03
443.1015625,7.65,13,40.9,100,26.7,16.87,0,61.03
443.109375,11.25,14.3,40.9,100,26.7,16.87,0,61.03
443.1171875,10.25,13.85,40.9,100,26.7,16.87,0,61.03
443.125,8.55,14.9,40.9,100,26.7,16.87,0,61.03
443.1328125,3.25,11.1,40.9,100,26.7,16.87,0,61.03
443.140625,-1.25,7.65,40.9,100,26.7,16.87,0,61.03
443.1484375,-2.35,6.75,40.9,100,26.7,16.87,0,61.03
443.15625,2.75,10.45,38.7,100,26.51,17.08,0,60.95
443.1640625,12.85,17.25,38.7,100,26.51,17.08,0,60.95
443.171875,17.35,21.05,38.7,100,26.51,17.08,0,60.95
443.1796875,15,19.75,38.7,100,26.51,17.08,0,60.95
443.1875,5.1,14.45,38.7,100,26.51,17.08,0,60.95
443.1953125,0.65,13.2,38.7,100,26.51,17.08,0,60.95
443.203125,1.95,13.9,38.7,100,26.51,17.08,0,60.95
443.2109375,10.5,18.1,38.7,100,26.51,17.08,0,60.95
443.21875,14.1,19.1,38.7,100,26.51,17.08,0,60.95
443.2265625,18.25,20.95,38.7,100,26.51,17.08,0,60.95
443.234375,16.3,18.75,38.7,100,26.51,17.08,0,60.95
443.2421875,14.2,17.3,38.7,100,26.51,17.08,0,60.95
443.25,12,16.2,38.7,100,26.51,17.08,0,60.95
443.2578125,10.8,17.75,38.7,100,26.51,17.08,0,60.95
443.265625,5.9,17,38.7,100,26.51,17.08,0,60.95
443.2734375,4.35,18.25,38.7,100,26.51,17.08,0,60.95
443.28125,6.85,20.25,38.7,100,26.51,17.08,0,60.95
443.2890625,8.75,20.85,38.7,100,26.51,17.08,0,60.95
443.296875,11.2,21.2,38.7,100,26.51,17.08,0,60.95
443.3046875,10.5,19,38.7,100,26.51,17.08,0,60.95
443.3125,11.45,17.6,38.7,100,26.51,17.08,0,60.95
443.3203125,13.25,18.2,38.7,100,26.51,17.08,0,60.95
443.328125,16.4,20.95,38.7,100,26.51,17.08,0,60.95
443.3359375,14.4,19.9,38.7,100,26.51,17.08,0,60.95
443.34375,15.5,21.8,38.7,100,26.51,17.08,0,60.95
443.3515625,14,22.4,38.7,100,26.51,17.08,0,60.95
443.359375,14.1,23.4,38.7,100,26.51,17.08,0,60.95
443.3671875,11.65,20.9,38.7,100,26.51,17.08,0,60.95
443.375,10.35,19.85,38.7,100,26.51,17.08,0,60.95
443.3828125,9,18.8,38.7,100,26.51,17.08,0,60.95
443.390625,11.1,20.1,38.7,100,26.51,17.08,0,60.95
443.3984375,15.45,22.1,38.7,100,26.51,17.08,0,60.95
443.40625,21.75,26.4,38.7,100,26.51,17.08,0,60.95
443.4140625,27.35,30.7,38.7,100,26.51,17.08,0,60.95
443.421875,27.2,31.95,38.7,100,26.51,17.08,0,60.95
443.4296875,24.4,32.25,38.7,100,26.51,17.08,0,60.95
443.4375,16.3,29.15,38.7,100,26.51,17.08,0,60.95
443.4453125,14.45,28.95,38.7,100,26.51,17.08,0,60.95
443.453125,15.9,29.6,38.7,100,26.51,17.08,0,60.95
443.4609375,21.55,32.3,38.7,100,26.51,17.08,0,60.95
443.46875,23.65,32,38.7,100,26.51,17.08,0,60.95
443.4765625,28.75,35.35,38.7,100,26.51,17.08,0,60.95
443.484375,29.25,37,38.7,100,26.51,17.08,0,60.95
443.4921875,30.55,39.35,38.7,100,26.51,17.08,0,60.95
443.5,29.8,38.2,38.7,100,26.51,17.08,0,60.95
443.5078125,29.95,38.3,38.7,100,26.51,17.08,0,60.95
443.515625,27.1,37.5,38.7,100,26.51,17.08,0,60.95
443.5234375,23.8,37.1,38.7,100,26.51,17.08,0,60.95
443.53125,21.3,35.95,38.7,100,26.51,17.08,0,60.95
443.5390625,21.65,35.9,38.7,100,26.51,17.08,0,60.95
443.546875,24.2,36.9,38.7,100,26.51,17.08,0,60.95
443.5546875,18.4,34.6,38.7,100,26.51,17.08,0,60.95
443.5625,10.15,32.05,38.7,100,26.51,17.08,0,60.95
443.5703125,7.75,32.8,38.7,100,26.51,17.08,0,60.95
443.578125,14.7,38.5,38.7,100,26.51,17.08,0,60.95
443.5859375,15.4,39.1,38.7,100,26.51,17.08,0,60.95
443.59375,16.05,38.35,38.7,100,26.51,17.08,0,60.95
443.6015625,15.1,34.3,38.7,100,26.51,17.08,0,60.95
443.609375,14.95,31.55,38.7,100,26.51,17.08,0,60.95
443.6171875,11.6,28.1,38.7,100,26.51,17.08,0,60.95
443.625,9.25,28.15,38.7,100,26.51,17.08,0,60.95
443.6328125,7.95,29.4,38.7,100,26.51,17.08,0,60.95
443.640625,11.75,33,38.7,100,26.51,17.08,0,60.95
443.6484375,14.2,32.3,38.7,100,26.51,17.08,0,60.95
443.65625,12.55,28.9,38.7,100,26.51,17.08,0,60.95
443.6640625,13.65,27.55,38.7,100,26.51,17.08,0,60.95
443.671875,16.85,28.65,38.7,100,26.51,17.08,0,60.95
443.6796875,22.35,31.7,38.7,100,26.51,17.08,0,60.95
443.6875,25.15,33.55,38.7,100,26.51,17.08,0,60.95
443.6953125,29.75,36.5,38.7,100,26.51,17.08,0,60.95
443.703125,28.95,35.65,38.7,100,26.51,17.08,0,60.95
443.7109375,27.95,35.8,38.7,100,26.51,17.08,0,60.95
443.71875,23.25,34.2,38.7,100,26.51,17.08,0,60.95
443.7265625,21.15,34.9,38.7,100,26.51,17.08,0,60.95
443.734375,17.05,33.45,38.7,100,26.51,17.08,0,60.95
443.7421875,17.4,34.85,38.7,100,26.51,17.08,0,60.95
443.75,16.6,34.15,38.7,100,26.51,17.08,0,60.95
443.7578125,15.7,33.7,38.7,100,26.51,17.08,0,60.95
443.765625,12.55,32,38.7,100,26.51,17.08,0,60.95
443.7734375,10.95,31.6,38.7,100,26.51,17.08,0,60.95
443.78125,12.15,32.7,38.7,100,26.51,17.08,0,60.95
443.7890625,13.25,34.25,38.7,100,26.51,17.08,0,60.95
443.796875,15.35,34.65,38.7,100,26.51,17.08,0,60.95
443.8046875,16.6,33.8,38.7,100,26.51,17.08,0,60.95
443.8125,19.45,35.45,38.7,100,26.51,17.08,0,60.95
443.8203125,19.2,35.2,38.7,100,26.51,17.08,0,60.95
443.828125,22.15,36.35,38.7,100,26.51,17.08,0,60.95
443.8359375,21.45,35.15,38.7,100,26.51,17.08,0,60.95
443.84375,23.8,36.7,38.7,100,26.51,17.08,0,60.95
443.8515625,24.5,37.65,38.7,100,26.51,17.08,0,60.95
443.859375,27.15,41.15,38.7,100,26.51,17.08,0,60.95
443.8671875,26.25,40.45,38.7,100,26.51,17.08,0,60.95
443.875,26.1,39.8,38.7,100,26.51,17.08,0,60.95
443.8828125,24.1,37.75,38.7,100,26.51,17.08,0,60.95
443.890625,23.7,37.75,38.7,100,26.51,17.08,0,60.95
443.8984375,23.85,38.3,38.7,100,26.51,17.08,0,60.95
443.90625,25.25,40.2,38.7,100,26.51,17.08,0,60.95
443.9140625,28.5,42.1,38.7,100,26.51,17.08,0,60.95
443.921875,27.7,42.4,38.7,100,26.51,17.08,0,60.95
443.9296875,26.6,42.9,38.7,100,26.51,17.08,0,60.95
443.9375,24.7,42.7,38.7,100,26.51,17.08,0,60.95
443.9453125,24.75,43.4,38.7,100,26.51,17.08,0,60.95
443.953125,21.8,41.15,38.7,100,26.51,17.08,0,60.95
443.9609375,24.9,43.1,38.7,100,26.51,17.08,0,60.95
443.96875,28.2,44.45,38.7,100,26.51,17.08,0,60.95
443.9765625,35,48,38.7,100,26.51,17.08,0,60.95
443.984375,37.4,48.8,38.7,100,26.51,17.08,0,60.95
443.9921875,40.2,50.95,38.7,100,26.51,17.08,0,60.95
444,39.35,49.95,38.7,100,26.51,17.08,0,60.95
444.0078125,35.6,48.6,38.7,100,26.51,17.08,0,60.95
444.015625,30.3,45.55,38.7,100,26.51,17.08,0,60.95
444.0234375,29.45,45.1,38.7,100,26.51,17.08,0,60.95
444.03125,29.65,45.5,38.7,100,26.51,17.08,0,60.95
444.0390625,30.7,45.95,38.7,100,26.51,17.08,0,60.95
444.046875,36.25,47.95,38.7,100,26.51,17.08,0,60.95
444.0546875,36.7,48.5,38.7,100,26.51,17.08,0,60.95
444.0625,36.35,49.45,38.7,100,26.51,17.08,0,60.95
444.0703125,34.45,48.2,38.7,100,26.51,17.08,0,60.95
444.078125,34.9,48.8,38.7,100,26.51,17.08,0,60.95
444.0859375,32.95,48,38.7,100,26.51,17.08,0,60.95
444.09375,35,48.9,38.7,100,26.51,17.08,0,60.95
444.1015625,33.6,47.35,38.7,100,26.51,17.08,0,60.95
444.109375,36.95,51.15,38.7,100,26.51,17.08,0,60.95
444.1171875,39.6,53.65,38.7,100,26.51,17.08,0,60.95
444.125,42.5,55.25,38.7,100,26.51,17.08,0,60.95
444.1328125,44.95,55.5,38.7,100,26.51,17.08,0,60.95
444.140625,47.85,56.9,38.7,100,26.51,17.08,0,60.95
444.1484375,47.45,56.35,38.7,100,26.51,17.08,0,60.95
444.15625,44.9,55.35,38.5,100,26.27,17.25,0,60.88
444.1640625,42.65,54.15,38.5,100,26.27,17.25,0,60.88
444.171875,41,53.5,38.5,100,26.27,17.25,0,60.88
444.1796875,44.6,55.7,38.5,100,26.27,17.25,0,60.88
444.1875,43.25,54.85,38.5,100,26.27,17.25,0,60.88
444.1953125,40.95,54.2,38.5,100,26.27,17.25,0,60.88
444.203125,37.35,52.25,38.5,100,26.27,17.25,0,60.88
444.2109375,39.8,53.55,38.5,100,26.27,17.25,0,60.88
444.21875,41.55,54.2,38.5,100,26.27,17.25,0,60.88
444.2265625,42.95,55.2,38.5,100,26.27,17.25,0,60.88
444.234375,39.1,52.65,38.5,100,26.27,17.25,0,60.88
444.2421875,39.7,53.55,38.5,100,26.27,17.25,0,60.88
444.25,38.35,52.45,38.5,100,26.27,17.25,0,60.88
444.2578125,37.25,52.05,38.5,100,26.27,17.25,0,60.88
444.265625,39.65,54,38.5,100,26.27,17.25,0,60.88
444.2734375,44.6,57.55,38.5,100,26.27,17.25,0,60.88
444.28125,48.45,58.95,38.5,100,26.27,17.25,0,60.88
444.2890625,50.25,58.95,38.5,100,26.27,17.25,0,60.88
444.296875,51.6,59.75,38.5,100,26.27,17.25,0,60.88
444.3046875,49.5,59.45,38.5,100,26.27,17.25,0,60.88
444.3125,49.05,59.2,38.5,100,26.27,17.25,0,60.88
444.3203125,44.8,55.7,38.5,100,26.27,17.25,0,60.88
444.328125,42.75,54.75,38.5,100,26.27,17.25,0,60.88
444.3359375,39.1,51.45,38.5,100,26.27,17.25,0,60.88
444.34375,41.25,51.45,38.5,100,26.27,17.25,0,60.88
444.3515625,44.3,52.35,38.5,100,26.27,17.25,0,60.88
444.359375,51.3,56.55,38.5,100,26.27,17.25,0,60.88
444.3671875,53.35,57,38.5,100,26.27,17.25,0,60.88
444.375,52.15,56.7,38.5,100,26.27,17.25,0,60.88
444.3828125,46.8,53.8,38.5,100,26.27,17.25,0,60.88
444.390625,43.15,52.45,38.5,100,26.27,17.25,0,60.88
444.3984375,41.4,51.2,38.5,100,26.27,17.25,0,60.88
444.40625,41.15,50,38.5,100,26.27,17.25,0,60.88
444.4140625,44.75,50.25,38.5,100,26.27,17.25,0,60.88
444.421875,47.9,50.35,38.5,100,26.27,17.25,0,60.88
444.4296875,50.9,50.95,38.5,100,26.27,17.25,0,60.88
444.4375,50.05,50.85,38.5,100,26.27,17.25,0,60.88
444.4453125,51.2,52.15,38.5,100,26.27,17.25,0,60.88
444.453125,50.5,51.25,38.5,100,26.27,17.25,0,60.88
444.4609375,53.95,53.85,38.5,100,26.27,17.25,0,60.88
444.46875,53.85,55.35,38.5,100,26.27,17.25,0,60.88
444.4765625,53.15,57.5,38.5,100,26.27,17.25,0,60.88
444.484375,48.4,56.2,38.5,100,26.27,17.25,0,60.88
444.4921875,47.9,56.55,38.5,100,26.27,17.25,0,60.88
444.5,48.05,55.65,38.5,100,26.27,17.25,0,60.88
444.5078125,51.15,57.2,38.5,100,26.27,17.25,0,60.88
444.515625,54.75,57.95,38.5,100,26.27,17.25,0,60.88
444.5234375,55.9,58.3,38.5,100,26.27,17.25,0,60.88
444.53125,53.7,57.05,38.5,100,26.27,17.25,0,60.88
444.5390625,51.5,55.45,38.5,100,26.27,17.25,0,60.88
444.546875,51.65,55.3,38.5,100,26.27,17.25,0,60.88
444.5546875,51.35,55.1,38.5,100,26.27,17.25,0,60.88
444.5625,55.7,56.9,38.5,100,26.27,17.25,0,60.88
444.5703125,57.05,57.5,38.5,100,26.27,17.25,0,60.88
444.578125,60.95,60,38.5,100,26.27,17.25,0,60.88
444.5859375,60.95,58.7,38.5,100,26.27,17.25,0,60.88
444.59375,60.7,58.7,38.5,100,26.27,17.25,0,60.88
444.6015625,57.65,57.65,38.5,100,26.27,17.25,0,60.88
444.609375,58.3,59.05,38.5,100,26.27,17.25,0,60.88
444.6171875,55.85,58.05,38.5,100,26.27,17.25,0,60.88
444.625,56.05,59.15,38.5,100,26.27,17.25,0,60.88
444.6328125,57.05,58.75,38.5,100,26.27,17.25,0,60.88
444.640625,58.65,60.05,38.5,100,26.27,17.25,0,60.88
444.6484375,59.3,62.1,38.5,100,26.27,17.25,0,60.88
444.65625,58.4,62.55,38.5,100,26.27,17.25,0,60.88
444.6640625,57.55,60.9,38.5,100,26.27,17.25,0,60.88
444.671875,56.75,58.2,38.5,100,26.27,17.25,0,60.88
444.6796875,60.25,58.6,38.5,100,26.27,17.25,0,60.88
444.6875,62.1,59.1,38.5,100,26.27,17.25,0,60.88
444.6953125,65.45,61.05,38.5,100,26.27,17.25,0,60.88
444.703125,64.35,59.6,38.5,100,26.27,17.25,0,60.88
444.7109375,62.5,59,38.5,100,26.27,17.25,0,60.88
444.71875,55.95,55.1,38.5,100,26.27,17.25,0,60.88
444.7265625,53.55,53.45,38.5,100,26.27,17.25,0,60.88
444.734375,51.25,51.55,38.5,100,26.27,17.25,0,60.88
444.7421875,51.7,53.05,38.5,100,26.27,17.25,0,60.88
444.75,51.3,52.45,38.5,100,26.27,17.25,0,60.88
444.7578125,50.7,51.85,38.5,100,26.27,17.25,0,60.88
444.765625,48.95,50.6,38.5,100,26.27,17.25,0,60.88
444.7734375,47.05,50.75,38.5,100,26.27,17.25,0,60.88
444.78125,45.4,49.25,38.5,100,26.27,17.25,0,60.88
444.7890625,44.95,48.15,38.5,100,26.27,17.25,0,60.88
444.796875,49.35,50,38.5,100,26.27,17.25,0,60.88
444.8046875,50.75,50.4,38.5,100,26.27,17.25,0,60.88
444.8125,51.95,51.2,38.5,100,26.27,17.25,0,60.88
444.8203125,48.1,49.45,38.5,100,26.27,17.25,0,60.88
444.828125,46.05,48.15,38.5,100,26.27,17.25,0,60.88
444.8359375,43.4,45.35,38.5,100,26.27,17.25,0,60.88
444.84375,45.7,47.55,38.5,100,26.27,17.25,0,60.88
444.8515625,43.95,47.95,38.5,100,26.27,17.25,0,60.88
444.859375,44.2,48.55,38.5,100,26.27,17.25,0,60.88
444.8671875,42.85,46.35,38.5,100,26.27,17.25,0,60.88
444.875,43.55,45.9,38.5,100,26.27,17.25,0,60.88
444.8828125,44.3,45.4,38.5,100,26.27,17.25,0,60.88
444.890625,47.3,46.7,38.5,100,26.27,17.25,0,60.88
444.8984375,51.45,47.85,38.5,100,26.27,17.25,0,60.88
444.90625,54.3,49.25,38.5,100,26.27,17.25,0,60.88
444.9140625,53.7,49.9,38.5,100,26.27,17.25,0,60.88
444.921875,48.8,48.15,38.5,100,26.27,17.25,0,60.88
444.9296875,47.5,48.8,38.5,100,26.27,17.25,0,60.88
444.9375,46.05,47.95,38.5,100,26.27,17.25,0,60.88
444.9453125,47.4,47.95,38.5,100,26.27,17.25,0,60.88
444.953125,46.65,47,38.5,100,26.27,17.25,0,60.88
444.9609375,50.25,49.95,38.5,100,26.27,17.25,0,60.88
444.96875,51.95,49.55,38.5,100,26.27,17.25,0,60.88
444.9765625,55.55,51.3,38.5,100,26.27,17.25,0,60.88
444.984375,55.75,51.65,38.5,100,26.27,17.25,0,60.88
444.9921875,56.15,52.65,38.5,100,26.27,17.25,0,60.88
445,55.85,51.8,38.5,100,26.27,17.25,0,60.88
445.0078125,57.45,53.1,38.5,100,26.27,17.25,0,60.88
445.015625,56.05,51.15,38.5,100,26.27,17.25,0,60.88
445.0234375,51.75,47.6,38.5,100,26.27,17.25,0,60.88
445.03125,49.15,45.25,38.5,100,26.27,17.25,0,60.88
445.0390625,47.15,44.4,38.5,100,26.27,17.25,0,60.88
445.046875,46.45,44.1,38.5,100,26.27,17.25,0,60.88
445.0546875,46.4,44.85,38.5,100,26.27,17.25,0,60.88
445.0625,52.65,49.3,38.5,100,26.27,17.25,0,60.88
445.0703125,53.45,49.45,38.5,100,26.27,17.25,0,60.88
445.078125,51.35,48.3,38.5,100,26.27,17.25,0,60.88
445.0859375,42.55,43.5,38.5,100,26.27,17.25,0,60.88
445.09375,36.85,40.75,38.5,100,26.27,17.25,0,60.88
445.1015625,33.75,37.85,38.5,100,26.27,17.25,0,60.88
445.109375,37.35,38.55,38.5,100,26.27,17.25,0,60.88
445.1171875,39.6,38.5,38.5,100,26.27,17.25,0,60.88
445.125,42.3,41,38.5,100,26.27,17.25,0,60.88
445.1328125,41.65,41.6,38.5,100,26.27,17.25,0,60.88
445.140625,39.25,40.95,38.5,100,26.27,17.25,0,60.88
445.1484375,36.05,39.6,38.5,100,26.27,17.25,0,60.88
445.15625,32.65,37.6,40.7,100,26.22,17.27,0,60.82
445.1640625,33.25,36.05,40.7,100,26.22,17.27,0,60.82
445.171875,37.5,36.7,40.7,100,26.22,17.27,0,60.82
445.1796875,45.5,41.65,40.7,100,26.22,17.27,0,60.82
445.1875,44.8,42.9,40.7,100,26.22,17.27,0,60.82
445.1953125,41,42.35,40.7,100,26.22,17.27,0,60.82
445.203125,37.35,39.35,40.7,100,26.22,17.27,0,60.82
445.2109375,41.9,40.85,40.7,100,26.22,17.27,0,60.82
445.21875,42.3,40.4,40.7,100,26.22,17.27,0,60.82
445.2265625,42.3,41.7,40.7,100,26.22,17.27,0,60.82
445.234375,39.6,40.95,40.7,100,26.22,17.27,0,60.82
445.2421875,40,42.35,40.7,100,26.22,17.27,0,60.82
445.25,39.8,41.3,40.7,100,26.22,17.27,0,60.82
445.2578125,39.15,40.45,40.7,100,26.22,17.27,0,60.82
445.265625,36.05,38.2,40.7,100,26.22,17.27,0,60.82
445.2734375,32.85,37,40.7,100,26.22,17.27,0,60.82
445.28125,31.45,36.8,40.7,100,26.22,17.27,0,60.82
445.2890625,31,36.5,40.7,100,26.22,17.27,0,60.82
445.296875,32.95,36.05,40.7,100,26.22,17.27,0,60.82
445.3046875,32,34.45,40.7,100,26.22,17.27,0,60.82
445.3125,33,35.15,40.7,100,26.22,17.27,0,60.82
445.3203125,31.15,34.6,40.7,100,26.22,17.27,0,60.82
445.328125,30.5,35.5,40.7,100,26.22,17.27,0,60.82
445.3359375,27.9,33.85,40.7,100,26.22,17.27,0,60.82
445.34375,27.45,32.9,40.7,100,26.22,17.27,0,60.82
445.3515625,22.4,29.35,40.7,100,26.22,17.27,0,60.82
445.359375,19.2,27.8,40.7,100,26.22,17.27,0,60.82
445.3671875,16.45,24.6,40.7,100,26.22,17.27,0,60.82
445.375,19.4,25.6,40.7,100,26.22,17.27,0,60.82
445.3828125,23.6,27.75,40.7,100,26.22,17.27,0,60.82
445.390625,26.9,29.35,40.7,100,26.22,17.27,0,60.82
445.3984375,28.3,29.2,40.7,100,26.22,17.27,0,60.82
445.40625,26.1,28.65,40.7,100,26.22,17.27,0,60.82
445.4140625,24.05,28.9,40.7,100,26.22,17.27,0,60.82
445.421875,24.95,29.5,40.7,100,26.22,17.27,0,60.82
445.4296875,29.8,31.55,40.7,100,26.22,17.27,0,60.82
445.4375,30.4,31.7,40.7,100,26.22,17.27,0,60.82
445.4453125,33.1,33.65,40.7,100,26.22,17.27,0,60.82
445.453125,33.2,33.65,40.7,100,26.22,17.27,0,60.82
445.4609375,34.45,34.7,40.7,100,26.22,17.27,0,60.82
445.46875,31.15,31.45,40.7,100,26.22,17.27,0,60.82
445.4765625,29.7,29.8,40.7,100,26.22,17.27,0,60.82
445.484375,26.3,27.3,40.7,100,26.22,17.27,0,60.82
445.4921875,26.1,27.7,40.7,100,26.22,17.27,0,60.82
445.5,25.4,27.15,40.7,100,26.22,17.27,0,60.82
445.5078125,26.8,28.65,40.7,100,26.22,17.27,0,60.82
445.515625,28.95,29.75,40.7,100,26.22,17.27,0,60.82
445.5234375,30.35,30.55,40.7,100,26.22,17.27,0,60.82
445.53125,31.3,31.2,40.7,100,26.22,17.27,0,60.82
445.5390625,31.85,32.55,40.7,100,26.22,17.27,0,60.82
445.546875,33.95,34.55,40.7,100,26.22,17.27,0,60.82
445.5546875,32,33.55,40.7,100,26.22,17.27,0,60.82
445.5625,30.7,32.95,40.7,100,26.22,17.27,0,60.82
445.5703125,26.95,29.7,40.7,100,26.22,17.27,0,60.82
445.578125,27.4,29,40.7,100,26.22,17.27,0,60.82
445.5859375,27.3,28.35,40.7,100,26.22,17.27,0,60.82
445.59375,30.9,30.7,40.7,100,26.22,17.27,0,60.82
445.6015625,30.25,30.5,40.7,100,26.22,17.27,0,60.82
445.609375,30.5,32.3,40.7,100,26.22,17.27,0,60.82
445.6171875,28.2,31.05,40.7,100,26.22,17.27,0,60.82
445.625,27.3,29.6,40.7,100,26.22,17.27,0,60.82
445.6328125,23.25,25.8,40.7,100,26.22,17.27,0,60.82
445.640625,18.55,23.4,40.7,100,26.22,17.27,0,60.82
445.6484375,15.55,21.85,40.7,100,26.22,17.27,0,60.82
445.65625,15.5,21.75,40.7,100,26.22,17.27,0,60.82
445.6640625,19.6,23.95,40.7,100,26.22,17.27,0,60.82
445.671875,22.7,27.25,40.7,100,26.22,17.27,0,60.82
445.6796875,24.85,30,40.7,100,26.22,17.27,0,60.82
445.6875,22.55,28.05,40.7,100,26.22,17.27,0,60.82
445.6953125,22.9,27.35,40.7,100,26.22,17.27,0,60.82
445.703125,19.35,25,40.7,100,26.22,17.27,0,60.82
445.7109375,18.25,24.75,40.7,100,26.22,17.27,0,60.82
445.71875,16.25,22.7,40.7,100,26.22,17.27,0,60.82
445.7265625,17.85,22.3,40.7,100,26.22,17.27,0,60.82
445.734375,17.65,20.45,40.7,100,26.22,17.27,0,60.82
445.7421875,20.35,21.8,40.7,100,26.22,17.27,0,60.82
445.75,20.65,21.45,40.7,100,26.22,17.27,0,60.82
445.7578125,19.05,21.1,40.7,100,26.22,17.27,0,60.82
445.765625,16.2,20,40.7,100,26.22,17.27,0,60.82
445.7734375,14.95,19.75,40.7,100,26.22,17.27,0,60.82
445.78125,16.35,20.85,40.7,100,26.22,17.27,0,60.82
445.7890625,16.2,19.7,40.7,100,26.22,17.27,0,60.82
445.796875,15.5,17.65,40.7,100,26.22,17.27,0,60.82
445.8046875,9.95,14.2,40.7,100,26.22,17.27,0,60.82
445.8125,5.6,12.5,40.7,100,26.22,17.27,0,60.82
445.8203125,-1.25,8.5,40.7,100,26.22,17.27,0,60.82
445.828125,-2.9,7.85,40.7,100,26.22,17.27,0,60.82
445.8359375,-5.15,5.6,40.7,100,26.22,17.27,0,60.82
445.84375,-3.15,6.3,40.7,100,26.22,17.27,0,60.82
445.8515625,-0.4,7.15,40.7,100,26.22,17.27,0,60.82
445.859375,5.85,11.25,40.7,100,26.22,17.27,0,60.82
445.8671875,5.45,11.45,40.7,100,26.22,17.27,0,60.82
445.875,3.15,10.95,40.7,100,26.22,17.27,0,60.82
445.8828125,1.3,8.1,40.7,100,26.22,17.27,0,60.82
445.890625,0.5,6.6,40.7,100,26.22,17.27,0,60.82
445.8984375,-0.75,4.75,40.7,100,26.22,17.27,0,60.82
445.90625,-1.45,3.35,40.7,100,26.22,17.27,0,60.82
445.9140625,0.75,3.05,40.7,100,26.22,17.27,0,60.82
445.921875,1.8,3.15,40.7,100,26.22,17.27,0,60.82
445.9296875,3.9,5.25,40.7,100,26.22,17.27,0,60.82
445.9375,1.25,5.6,40.7,100,26.22,17.27,0,60.82
445.9453125,-0.75,5.95,40.7,100,26.22,17.27,0,60.82
445.953125,-3.7,3.95,40.7,100,26.22,17.27,0,60.82
445.9609375,1.75,5.55,40.7,100,26.22,17.27,0,60.82
445.96875,7.35,6.05,40.7,100,26.22,17.27,0,60.82
445.9765625,13.65,8,40.7,100,26.22,17.27,0,60.82
445.984375,12.4,7.05,40.7,100,26.22,17.27,0,60.82
445.9921875,8.45,6.25,40.7,100,26.22,17.27,0,60.82
446,3.2,4.5,40.7,100,26.22,17.27,0,60.82
446.0078125,1.5,4.95,40.7,100,26.22,17.27,0,60.82
446.015625,0.6,4.2,40.7,100,26.22,17.27,0,60.82
446.0234375,1.7,4.2,40.7,100,26.22,17.27,0,60.82
446.03125,5.55,6.3,40.7,100,26.22,17.27,0,60.82
446.0390625,7.95,8.4,40.7,100,26.22,17.27,0,60.82
446.046875,12.4,11.4,40.7,100,26.22,17.27,0,60.82
446.0546875,14.05,12.25,40.7,100,26.22,17.27,0,60.82
446.0625,14.05,12.25,40.7,100,26.22,17.27,0,60.82
446.0703125,9.7,8.4,40.7,100,26.22,17.27,0,60.82
446.078125,8.3,7.05,40.7,100,26.22,17.27,0,60.82
446.0859375,4.6,4.4,40.7,100,26.22,17.27,0,60.82
446.09375,5.5,5.65,40.7,100,26.22,17.27,0,60.82
446.1015625,7.05,6.15,40.7,100,26.22,17.27,0,60.82
446.109375,13,9.2,40.7,100,26.22,17.27,0,60.82
446.1171875,17.3,10.85,40.7,100,26.22,17.27,0,60.82
446.125,19.4,12.65,40.7,100,26.22,17.27,0,60.82
446.1328125,16.6,10.65,40.7,100,26.22,17.27,0,60.82
446.140625,13.55,9.85,40.7,100,26.22,17.27,0,60.82
446.1484375,14.1,11.2,40.7,100,26.22,17.27,0,60.82
446.15625,16.15,13.9,42.2,100,26.29,17.14,0,60.85
446.1640625,18.8,15.95,42.2,100,26.29,17.14,0,60.85
446.171875,20.45,16,42.2,100,26.29,17.14,0,60.85
446.1796875,26.2,17.35,42.2,100,26.29,17.14,0,60.85
446.1875,28.3,17.3,42.2,100,26.29,17.14,0,60.85
446.1953125,30.9,19.15,42.2,100,26.29,17.14,0,60.85
446.203125,31,20.05,42.2,100,26.29,17.14,0,60.85
446.2109375,33.35,22.8,42.2,100,26.29,17.14,0,60.85
446.21875,32.65,23.35,42.2,100,26.29,17.14,0,60.85
446.2265625,35.2,26.05,42.2,100,26.29,17.14,0,60.85
446.234375,35.65,25.9,42.2,100,26.29,17.14,0,60.85
446.2421875,37.6,27,42.2,100,26.29,17.14,0,60.85
446.25,39.8,27.65,42.2,100,26.29,17.14,0,60.85
446.2578125,44.6,28.95,42.2,100,26.29,17.14,0,60.85
446.265625,46.55,28.8,42.2,100,26.29,17.14,0,60.85
446.2734375,44.6,29.35,42.2,100,26.29,17.14,0,60.85
446.28125,42.2,29.6,42.2,100,26.29,17.14,0,60.85
446.2890625,39.2,28.25,42.2,100,26.29,17.14,0,60.85
446.296875,39.7,28.25,42.2,100,26.29,17.14,0,60.85
446.3046875,39.85,28,42.2,100,26.29,17.14,0,60.85
446.3125,42.7,29.1,42.2,100,26.29,17.14,0,60.85
446.3203125,43.35,28.15,42.2,100,26.29,17.14,0,60.85
446.328125,47.1,30.7,42.2,100,26.29,17.14,0,60.85
446.3359375,46.7,30.65,42.2,100,26.29,17.14,0,60.85
446.34375,44.9,30.35,42.2,100,26.29,17.14,0,60.85
446.3515625,39.25,26.55,42.2,100,26.29,17.14,0,60.85
446.359375,37.65,25.65,42.2,100,26.29,17.14,0,60.85
446.3671875,36.2,24.6,42.2,100,26.29,17.14,0,60.85
446.375,37.65,26.2,42.2,100,26.29,17.14,0,60.85
446.3828125,38.25,26.6,42.2,100,26.29,17.14,0,60.85
446.390625,37.7,27.3,42.2,100,26.29,17.14,0,60.85
446.3984375,35.1,25.65,42.2,100,26.29,17.14,0,60.85
446.40625,31.9,23.2,42.2,100,26.29,17.14,0,60.85
446.4140625,32,23.85,42.2,100,26.29,17.14,0,60.85
446.421875,32.6,24.75,42.2,100,26.29,17.14,0,60.85
446.4296875,35.15,24.75,42.2,100,26.29,17.14,0,60.85
446.4375,34.65,23.6,42.2,100,26.29,17.14,0,60.85
446.4453125,37.9,25.5,42.2,100,26.29,17.14,0,60.85
446.453125,39.2,25.15,42.2,100,26.29,17.14,0,60.85
446.4609375,41.3,26.65,42.2,100,26.29,17.14,0,60.85
446.46875,39.15,25.35,42.2,100,26.29,17.14,0,60.85
446.4765625,40.55,26.15,42.2,100,26.29,17.14,0,60.85
446.484375,40.2,26.5,42.2,100,26.29,17.14,0,60.85
446.4921875,39.05,26.9,42.2,100,26.29,17.14,0,60.85
446.5,35.55,24.45,42.2,100,26.29,17.14,0,60.85
446.5078125,33.7,24.3,42.2,100,26.29,17.14,0,60.85
446.515625,31.5,24.2,42.2,100,26.29,17.14,0,60.85
446.5234375,29.8,23.35,42.2,100,26.29,17.14,0,60.85
446.53125,32.15,24.15,42.2,100,26.29,17.14,0,60.85
446.5390625,35.65,26.45,42.2,100,26.29,17.14,0,60.85
446.546875,40,30.05,42.2,100,26.29,17.14,0,60.85
446.5546875,39.65,30.25,42.2,100,26.29,17.14,0,60.85
446.5625,39.45,30.5,42.2,100,26.29,17.14,0,60.85
446.5703125,34.65,27.2,42.2,100,26.29,17.14,0,60.85
446.578125,32.15,25.4,42.2,100,26.29,17.14,0,60.85
446.5859375,28.3,22.55,42.2,100,26.29,17.14,0,60.85
446.59375,30.35,24.25,42.2,100,26.29,17.14,0,60.85
446.6015625,30.75,23.85,42.2,100,26.29,17.14,0,60.85
446.609375,34,25.5,42.2,100,26.29,17.14,0,60.85
446.6171875,35.65,25.85,42.2,100,26.29,17.14,0,60.85
446.625,37.25,28,42.2,100,26.29,17.14,0,60.85
446.6328125,36.65,28.5,42.2,100,26.29,17.14,0,60.85
446.640625,35.45,28.3,42.2,100,26.29,17.14,0,60.85
446.6484375,34.5,27,42.2,100,26.29,17.14,0,60.85
446.65625,34.5,26.25,42.2,100,26.29,17.14,0,60.85
446.6640625,36.25,25.05,42.2,100,26.29,17.14,0,60.85
446.671875,34.25,21.5,42.2,100,26.29,17.14,0,60.85
446.6796875,31.55,20.2,42.2,100,26.29,17.14,0,60.85
446.6875,26.05,18.6,42.2,100,26.29,17.14,0,60.85
446.6953125,24.5,18.75,42.2,100,26.29,17.14,0,60.85
446.703125,22.55,18,42.2,100,26.29,17.14,0,60.85
446.7109375,27.15,20.35,42.2,100,26.29,17.14,0,60.85
446.71875,31.05,20.7,42.2,100,26.29,17.14,0,60.85
446.7265625,35.55,22.65,42.2,100,26.29,17.14,0,60.85
446.734375,33.85,21.55,42.2,100,26.29,17.14,0,60.85
446.7421875,30.6,20,42.2,100,26.29,17.14,0,60.85
446.75,26.85,16.15,42.2,100,26.29,17.14,0,60.85
446.7578125,26.2,14.4,42.2,100,26.29,17.14,0,60.85
446.765625,24.65,13.05,42.2,100,26.29,17.14,0,60.85
446.7734375,20.8,10.7,42.2,100,26.29,17.14,0,60.85
446.78125,19.5,8.65,42.2,100,26.29,17.14,0,60.85
446.7890625,20.95,7.55,42.2,100,26.29,17.14,0,60.85
446.796875,28.25,10.55,42.2,100,26.29,17.14,0,60.85
446.8046875,31.5,14.15,42.2,100,26.29,17.14,0,60.85
446.8125,29.75,15.55,42.2,100,26.29,17.14,0,60.85
446.8203125,21.8,9.95,42.2,100,26.29,17.14,0,60.85
446.828125,19.75,7.8,42.2,100,26.29,17.14,0,60.85
446.8359375,17.2,5.4,42.2,100,26.29,17.14,0,60.85
446.84375,16.95,4.2,42.2,100,26.29,17.14,0,60.85
446.8515625,14.15,0.4,42.2,100,26.29,17.14,0,60.85
446.859375,16.65,1.35,42.2,100,26.29,17.14,0,60.85
446.8671875,20.25,3.7,42.2,100,26.29,17.14,0,60.85
446.875,23.5,7.75,42.2,100,26.29,17.14,0,60.85
446.8828125,21.35,6.2,42.2,100,26.29,17.14,0,60.85
446.890625,17.8,3.85,42.2,100,26.29,17.14,0,60.85
446.8984375,14.25,3.05,42.2,100,26.29,17.14,0,60.85
446.90625,10.8,2.55,42.2,100,26.29,17.14,0,60.85
446.9140625,11.45,2.65,42.2,100,26.29,17.14,0,60.85
446.921875,14.6,4.35,42.2,100,26.29,17.14,0,60.85
446.9296875,23.05,8.6,42.2,100,26.29,17.14,0,60.85
446.9375,28,9.9,42.2,100,26.29,17.14,0,60.85
446.9453125,28.95,9.3,42.2,100,26.29,17.14,0,60.85
446.953125,23,4.3,42.2,100,26.29,17.14,0,60.85
446.9609375,21.2,2.05,42.2,100,26.29,17.14,0,60.85
446.96875,18.4,-0.35,42.2,100,26.29,17.14,0,60.85
446.9765625,16.7,0.95,42.2,100,26.29,17.14,0,60.85
446.984375,13.35,2.2,42.2,100,26.29,17.14,0,60.85
446.9921875,15.65,6.35,42.2,100,26.29,17.14,0,60.85
447,20.95,10.1,42.2,100,26.29,17.14,0,60.85
447.0078125,25.75,13.45,42.2,100,26.29,17.14,0,60.85
447.015625,26.6,13.5,42.2,100,26.29,17.14,0,60.85
447.0234375,25.15,12.15,42.2,100,26.29,17.14,0,60.85
447.03125,24.15,11.65,42.2,100,26.29,17.14,0,60.85
447.0390625,26.4,14.1,42.2,100,26.29,17.14,0,60.85
447.046875,35.35,20.8,42.2,100,26.29,17.14,0,60.85
447.0546875,38.3,23.55,42.2,100,26.29,17.14,0,60.85
447.0625,39.3,23.8,42.2,100,26.29,17.14,0,60.85
447.0703125,31.75,17.25,42.2,100,26.29,17.14,0,60.85
447.078125,21.2,10.7,42.2,100,26.29,17.14,0,60.85
447.0859375,15.9,8.05,42.2,100,26.29,17.14,0,60.85
447.09375,24.3,14.2,42.2,100,26.29,17.14,0,60.85
447.1015625,31.2,18.8,42.2,100,26.29,17.14,0,60.85
447.109375,37.75,23.75,42.2,100,26.29,17.14,0,60.85
447.1171875,36.3,22.1,42.2,100,26.29,17.14,0,60.85
447.125,32.45,19.05,42.2,100,26.29,17.14,0,60.85
447.1328125,32.65,19.15,42.2,100,26.29,17.14,0,60.85
447.140625,37.25,22.5,42.2,100,26.29,17.14,0,60.85
447.1484375,40.9,24.35,42.2,100,26.29,17.14,0,60.85
447.15625,40.1,24.9,44.2,100,26.14,17.29,0,60.76
447.1640625,33.55,23.1,44.2,100,26.14,17.29,0,60.76
447.171875,26.4,20.45,44.2,100,26.14,17.29,0,60.76
447.1796875,31.1,22.95,44.2,100,26.14,17.29,0,60.76
447.1875,39.65,24.9,44.2,100,26.14,17.29,0,60.76
447.1953125,49.45,27.8,44.2,100,26.14,17.29,0,60.76
447.203125,48.8,26.45,44.2,100,26.14,17.29,0,60.76
447.2109375,42.15,23.75,44.2,100,26.14,17.29,0,60.76
447.21875,28.85,18,44.2,100,26.14,17.29,0,60.76
447.2265625,21.05,17.25,44.2,100,26.14,17.29,0,60.76
447.234375,21.65,19.8,44.2,100,26.14,17.29,0,60.76
447.2421875,31.35,26.5,44.2,100,26.14,17.29,0,60.76
447.25,36.55,28.3,44.2,100,26.14,17.29,0,60.76
447.2578125,37,26.75,44.2,100,26.14,17.29,0,60.76
447.265625,35.4,23.1,44.2,100,26.14,17.29,0,60.76
447.2734375,34.3,20.3,44.2,100,26.14,17.29,0,60.76
447.28125,38.15,21.4,44.2,100,26.14,17.29,0,60.76
447.2890625,45.7,28.1,44.2,100,26.14,17.29,0,60.76
447.296875,54.15,36.35,44.2,100,26.14,17.29,0,60.76
447.3046875,55.8,37.8,44.2,100,26.14,17.29,0,60.76
447.3125,58.85,39.3,44.2,100,26.14,17.29,0,60.76
447.3203125,57.95,38.1,44.2,100,26.14,17.29,0,60.76
447.328125,52.9,34.75,44.2,100,26.14,17.29,0,60.76
447.3359375,42.8,27.6,44.2,100,26.14,17.29,0,60.76
447.34375,41.55,26.3,44.2,100,26.14,17.29,0,60.76
447.3515625,41.1,26,44.2,100,26.14,17.29,0,60.76
447.359375,40.95,27.3,44.2,100,26.14,17.29,0,60.76
447.3671875,41,28.05,44.2,100,26.14,17.29,0,60.76
447.375,47.55,34.05,44.2,100,26.14,17.29,0,60.76
447.3828125,54.1,38.2,44.2,100,26.14,17.29,0,60.76
447.390625,53.75,37.1,44.2,100,26.14,17.29,0,60.76
447.3984375,47.15,33.3,44.2,100,26.14,17.29,0,60.76
447.40625,42.15,33.15,44.2,100,26.14,17.29,0,60.76
447.4140625,41.2,34.25,44.2,100,26.14,17.29,0,60.76
447.421875,37.75,32.1,44.2,100,26.14,17.29,0,60.76
447.4296875,35,30.1,44.2,100,26.14,17.29,0,60.76
447.4375,29.65,26.15,44.2,100,26.14,17.29,0,60.76
447.4453125,32.95,27.8,44.2,100,26.14,17.29,0,60.76
447.453125,41.35,32.9,44.2,100,26.14,17.29,0,60.76
447.4609375,50.95,39.95,44.2,100,26.14,17.29,0,60.76
447.46875,50.15,39.75,44.2,100,26.14,17.29,0,60.76
447.4765625,48.35,39.1,44.2,100,26.14,17.29,0,60.76
447.484375,42.9,35.6,44.2,100,26.14,17.29,0,60.76
447.4921875,38.8,32.55,44.2,100,26.14,17.29,0,60.76
447.5,35.55,28.15,44.2,100,26.14,17.29,0,60.76
447.5078125,33.55,26.15,44.2,100,26.14,17.29,0,60.76
447.515625,30.75,26.7,44.2,100,26.14,17.29,0,60.76
447.5234375,27.8,29.5,44.2,100,26.14,17.29,0,60.76
447.53125,31.7,34.8,44.2,100,26.14,17.29,0,60.76
447.5390625,39.6,38.3,44.2,100,26.14,17.29,0,60.76
447.546875,42.85,36.8,44.2,100,26.14,17.29,0,60.76
447.5546875,33.15,29.5,44.2,100,26.14,17.29,0,60.76
447.5625,27.5,27.1,44.2,100,26.14,17.29,0,60.76
447.5703125,27.3,27.15,44.2,100,26.14,17.29,0,60.76
447.578125,33,30.8,44.2,100,26.14,17.29,0,60.76
447.5859375,31.4,30,44.2,100,26.14,17.29,0,60.76
447.59375,28.9,30.55,44.2,100,26.14,17.29,0,60.76
447.6015625,28.75,32.5,44.2,100,26.14,17.29,0,60.76
447.609375,36,37.55,44.2,100,26.14,17.29,0,60.76
447.6171875,38.15,36.5,44.2,100,26.14,17.29,0,60.76
447.625,36.75,34.8,44.2,100,26.14,17.29,0,60.76
447.6328125,31.35,31.95,44.2,100,26.14,17.29,0,60.76
447.640625,25.4,30.2,44.2,100,26.14,17.29,0,60.76
447.6484375,24.75,30.85,44.2,100,26.14,17.29,0,60.76
447.65625,26.1,32,44.2,100,26.14,17.29,0,60.76
447.6640625,26.35,31.1,44.2,100,26.14,17.29,0,60.76
447.671875,24.85,28,44.2,100,26.14,17.29,0,60.76
447.6796875,27.6,27.1,44.2,100,26.14,17.29,0,60.76
447.6875,27.1,24.8,44.2,100,26.14,17.29,0,60.76
447.6953125,28.2,24.25,44.2,100,26.14,17.29,0,60.76
447.703125,25.6,21.85,44.2,100,26.14,17.29,0,60.76
447.7109375,24.5,22.35,44.2,100,26.14,17.29,0,60.76
447.71875,19.9,21.55,44.2,100,26.14,17.29,0,60.76
447.7265625,16.7,23.1,44.2,100,26.14,17.29,0,60.76
447.734375,12.1,21.95,44.2,100,26.14,17.29,0,60.76
447.7421875,10.05,21,44.2,100,26.14,17.29,0,60.76
447.75,8.6,18.2,44.2,100,26.14,17.29,0,60.76
447.7578125,10.75,16.3,44.2,100,26.14,17.29,0,60.76
447.765625,13.1,14.5,44.2,100,26.14,17.29,0,60.76
447.7734375,15.4,16.4,44.2,100,26.14,17.29,0,60.76
447.78125,22.4,22.25,44.2,100,26.14,17.29,0,60.76
447.7890625,24.7,24,44.2,100,26.14,17.29,0,60.76
447.796875,22.05,22.1,44.2,100,26.14,17.29,0,60.76
447.8046875,17.45,19.55,44.2,100,26.14,17.29,0,60.76
447.8125,19.3,21.7,44.2,100,26.14,17.29,0,60.76
447.8203125,21.55,23.2,44.2,100,26.14,17.29,0,60.76
447.828125,28.4,25.25,44.2,100,26.14,17.29,0,60.76
447.8359375,30.9,22.05,44.2,100,26.14,17.29,0,60.76
447.84375,31.7,19.5,44.2,100,26.14,17.29,0,60.76
447.8515625,28.1,15.65,44.2,100,26.14,17.29,0,60.76
447.859375,23.95,14.1,44.2,100,26.14,17.29,0,60.76
447.8671875,16.1,12.15,44.2,100,26.14,17.29,0,60.76
447.875,9.6,13.45,44.2,100,26.14,17.29,0,60.76
447.8828125,3.8,14.05,44.2,100,26.14,17.29,0,60.76
447.890625,4.85,16.65,44.2,100,26.14,17.29,0,60.76
447.8984375,13.6,21.05,44.2,100,26.14,17.29,0,60.76
447.90625,18.85,22.55,44.2,100,26.14,17.29,0,60.76
447.9140625,21.85,22.65,44.2,100,26.14,17.29,0,60.76
447.921875,23.6,22.7,44.2,100,26.14,17.29,0,60.76
447.9296875,26.05,22.95,44.2,100,26.14,17.29,0,60.76
447.9375,24.6,19.35,44.2,100,26.14,17.29,0,60.76
447.9453125,27.1,19.15,44.2,100,26.14,17.29,0,60.76
447.953125,27.5,21.3,44.2,100,26.14,17.29,0,60.76
447.9609375,33.4,28.95,44.2,100,26.14,17.29,0,60.76
447.96875,33.9,30.75,44.2,100,26.14,17.29,0,60.76
447.9765625,26.7,25.9,44.2,100,26.14,17.29,0,60.76
447.984375,16.1,15.7,44.2,100,26.14,17.29,0,60.76
447.9921875,14.6,11,44.2,100,26.14,17.29,0,60.76
448,15.4,9.9,44.2,100,26.14,17.29,0,60.76
448.0078125,17.2,12.2,44.2,100,26.14,17.29,0,60.76
448.015625,20.05,15.05,44.2,100,26.14,17.29,0,60.76
448.0234375,25.25,19.25,44.2,100,26.14,17.29,0,60.76
448.03125,32.7,24.65,44.2,100,26.14,17.29,0,60.76
448.0390625,35.3,28.2,44.2,100,26.14,17.29,0,60.76
448.046875,31.85,27.15,44.2,100,26.14,17.29,0,60.76
448.0546875,19.25,17.35,44.2,100,26.14,17.29,0,60.76
448.0625,12.35,11.85,44.2,100,26.14,17.29,0,60.76
448.0703125,13.7,13.45,44.2,100,26.14,17.29,0,60.76
448.078125,23.05,21.2,44.2,100,26.14,17.29,0,60.76
448.0859375,27.8,24,44.2,100,26.14,17.29,0,60.76
448.09375,32.55,24.95,44.2,100,26.14,17.29,0,60.76
448.1015625,32.45,20.9,44.2,100,26.14,17.29,0,60.76
448.109375,31.1,17.65,44.2,100,26.14,17.29,0,60.76
448.1171875,26.45,14.45,44.2,100,26.14,17.29,0,60.76
448.125,21.4,15.15,44.2,100,26.14,17.29,0,60.76
448.1328125,17.15,16.8,44.2,100,26.14,17.29,0,60.76
448.140625,15.95,19.85,44.2,100,26.14,17.29,0,60.76
448.1484375,15.25,21.35,44.2,100,26.14,17.29,0,60.76
448.15625,15.35,21,46.4,100,26.17,17.52,0,60.59
448.1640625,19.95,20.95,46.4,100,26.17,17.52,0,60.59
448.171875,23.45,20.15,46.4,100,26.17,17.52,0,60.59
448.1796875,28.3,21.5,46.4,100,26.17,17.52,0,60.59
448.1875,27.8,21.6,46.4,100,26.17,17.52,0,60.59
448.1953125,28.05,22.3,46.4,100,26.17,17.52,0,60.59
448.203125,28.35,21.45,46.4,100,26.17,17.52,0,60.59
448.2109375,35.15,25.85,46.4,100,26.17,17.52,0,60.59
448.21875,36.65,28.25,46.4,100,26.17,17.52,0,60.59
448.2265625,37.05,30.05,46.4,100,26.17,17.52,0,60.59
448.234375,33.65,28.85,46.4,100,26.17,17.52,0,60.59
448.2421875,32.85,29.35,46.4,100,26.17,17.52,0,60.59
448.25,33.55,28.85,46.4,100,26.17,17.52,0,60.59
448.2578125,36.8,30.6,46.4,100,26.17,17.52,0,60.59
448.265625,35.8,31.65,46.4,100,26.17,17.52,0,60.59
448.2734375,30.1,30.4,46.4,100,26.17,17.52,0,60.59
448.28125,24.75,27.55,46.4,100,26.17,17.52,0,60.59
448.2890625,17.35,23.45,46.4,100,26.17,17.52,0,60.59
448.296875,14.2,22.15,46.4,100,26.17,17.52,0,60.59
448.3046875,16.75,23.1,46.4,100,26.17,17.52,0,60.59
448.3125,26.15,28.5,46.4,100,26.17,17.52,0,60.59
448.3203125,31.7,30.9,46.4,100,26.17,17.52,0,60.59
448.328125,36.1,31.95,46.4,100,26.17,17.52,0,60.59
448.3359375,32.25,27.65,46.4,100,26.17,17.52,0,60.59
448.34375,27.05,24.65,46.4,100,26.17,17.52,0,60.59
448.3515625,20.65,21.7,46.4,100,26.17,17.52,0,60.59
448.359375,18.2,24.15,46.4,100,26.17,17.52,0,60.59
448.3671875,14.45,26.6,46.4,100,26.17,17.52,0,60.59
448.375,10.3,29.3,46.4,100,26.17,17.52,0,60.59
448.3828125,5.65,27.75,46.4,100,26.17,17.52,0,60.59
448.390625,7.95,24.2,46.4,100,26.17,17.52,0,60.59
448.3984375,19.7,23,46.4,100,26.17,17.52,0,60.59
448.40625,30.55,25,46.4,100,26.17,17.52,0,60.59
448.4140625,36.5,28,46.4,100,26.17,17.52,0,60.59
448.421875,39.3,33.25,46.4,100,26.17,17.52,0,60.59
448.4296875,43.2,41.75,46.4,100,26.17,17.52,0,60.59
448.4375,39,43.85,46.4,100,26.17,17.52,0,60.59
448.4453125,32.5,42.05,46.4,100,26.17,17.52,0,60.59
448.453125,20.9,34.85,46.4,100,26.17,17.52,0,60.59
448.4609375,13.55,27.9,46.4,100,26.17,17.52,0,60.59
448.46875,10.9,23.7,46.4,100,26.17,17.52,0,60.59
448.4765625,14.4,26.45,46.4,100,26.17,17.52,0,60.59
448.484375,15.35,26.15,46.4,100,26.17,17.52,0,60.59
448.4921875,15.95,24.4,46.4,100,26.17,17.52,0,60.59
448.5,12.65,21.4,46.4,100,26.17,17.52,0,60.59
448.5078125,8.95,21.35,46.4,100,26.17,17.52,0,60.59
448.515625,7.05,22.7,46.4,100,26.17,17.52,0,60.59
448.5234375,5.65,23.95,46.4,100,26.17,17.52,0,60.59
448.53125,7.35,26.3,46.4,100,26.17,17.52,0,60.59
448.5390625,7.65,26.65,46.4,100,26.17,17.52,0,60.59
448.546875,8.85,25.55,46.4,100,26.17,17.52,0,60.59
448.5546875,11.55,24.2,46.4,100,26.17,17.52,0,60.59
448.5625,18.9,27.3,46.4,100,26.17,17.52,0,60.59
448.5703125,17.1,26.05,46.4,100,26.17,17.52,0,60.59
448.578125,11.15,23.85,46.4,100,26.17,17.52,0,60.59
448.5859375,-1.05,17.95,46.4,100,26.17,17.52,0,60.59
448.59375,-7.65,15.35,46.4,100,26.17,17.52,0,60.59
448.6015625,-6.7,15.85,46.4,100,26.17,17.52,0,60.59
448.609375,4.6,22.75,46.4,100,26.17,17.52,0,60.59
448.6171875,16,27.15,46.4,100,26.17,17.52,0,60.59
448.625,23.8,28.85,46.4,100,26.17,17.52,0,60.59
448.6328125,24.35,27.15,46.4,100,26.17,17.52,0,60.59
448.640625,24.55,27.6,46.4,100,26.17,17.52,0,60.59
448.6484375,24.65,29.5,46.4,100,26.17,17.52,0,60.59
448.65625,20.2,29.7,46.4,100,26.17,17.52,0,60.59
448.6640625,15.7,27.75,46.4,100,26.17,17.52,0,60.59
448.671875,10.3,22.9,46.4,100,26.17,17.52,0,60.59
448.6796875,9.65,20.85,46.4,100,26.17,17.52,0,60.59
448.6875,9.9,20.65,46.4,100,26.17,17.52,0,60.59
448.6953125,12.05,23.6,46.4,100,26.17,17.52,0,60.59
448.703125,10.2,23.25,46.4,100,26.17,17.52,0,60.59
448.7109375,11.1,25.05,46.4,100,26.17,17.52,0,60.59
448.71875,7.55,24.65,46.4,100,26.17,17.52,0,60.59
448.7265625,6.85,25.1,46.4,100,26.17,17.52,0,60.59
448.734375,8.55,23.8,46.4,100,26.17,17.52,0,60.59
448.7421875,13.85,25.5,46.4,100,26.17,17.52,0,60.59
448.75,15.5,24.15,46.4,100,26.17,17.52,0,60.59
448.7578125,15.3,20.85,46.4,100,26.17,17.52,0,60.59
448.765625,13.45,17.35,46.4,100,26.17,17.52,0,60.59
448.7734375,13.65,17.8,46.4,100,26.17,17.52,0,60.59
448.78125,18.7,22.45,46.4,100,26.17,17.52,0,60.59
448.7890625,20.1,26,46.4,100,26.17,17.52,0,60.59
448.796875,16.8,26.7,46.4,100,26.17,17.52,0,60.59
448.8046875,8.05,22.5,46.4,100,26.17,17.52,0,60.59
448.8125,4.5,20,46.4,100,26.17,17.52,0,60.59
448.8203125,-0.45,15.4,46.4,100,26.17,17.52,0,60.59
448.828125,-3.25,13.4,46.4,100,26.17,17.52,0,60.59
448.8359375,-9.3,11.1,46.4,100,26.17,17.52,0,60.59
448.84375,-13.5,11.3,46.4,100,26.17,17.52,0,60.59
448.8515625,-18.9,8.3,46.4,100,26.17,17.52,0,60.59
448.859375,-16.95,8.6,46.4,100,26.17,17.52,0,60.59
448.8671875,-13.05,9.2,46.4,100,26.17,17.52,0,60.59
448.875,-10.4,11.05,46.4,100,26.17,17.52,0,60.59
448.8828125,-9.7,12.05,46.4,100,26.17,17.52,0,60.59
448.890625,-8.7,13.7,46.4,100,26.17,17.52,0,60.59
448.8984375,-9.7,12.45,46.4,100,26.17,17.52,0,60.59
448.90625,-11.65,10.15,46.4,100,26.17,17.52,0,60.59
448.9140625,-9.75,9.9,46.4,100,26.17,17.52,0,60.59
448.921875,-11.15,7.55,46.4,100,26.17,17.52,0,60.59
448.9296875,-11.75,6.2,46.4,100,26.17,17.52,0,60.59
448.9375,-11.9,5.25,46.4,100,26.17,17.52,0,60.59
448.9453125,-5.85,7.7,46.4,100,26.17,17.52,0,60.59
448.953125,-5.8,7.55,46.4,100,26.17,17.52,0,60.59
448.9609375,-8.55,7.6,46.4,100,26.17,17.52,0,60.59
448.96875,-12,5.55,46.4,100,26.17,17.52,0,60.59
448.9765625,-6.65,9,46.4,100,26.17,17.52,0,60.59
448.984375,-3.25,10.45,46.4,100,26.17,17.52,0,60.59
448.9921875,-2.8,8.95,46.4,100,26.17,17.52,0,60.59
449,-3.95,6.7,46.4,100,26.17,17.52,0,60.59
449.0078125,-2.85,8.5,46.4,100,26.17,17.52,0,60.59
449.015625,0.1,10.35,46.4,100,26.17,17.52,0,60.59
449.0234375,0.4,9.6,46.4,100,26.17,17.52,0,60.59
449.03125,-2.65,6.45,46.4,100,26.17,17.52,0,60.59
449.0390625,-6.95,2.95,46.4,100,26.17,17.52,0,60.59
449.046875,-8.2,3,46.4,100,26.17,17.52,0,60.59
449.0546875,-13.35,1.15,46.4,100,26.17,17.52,0,60.59
449.0625,-12.95,1.9,46.4,100,26.17,17.52,0,60.59
449.0703125,-11.05,3.45,46.4,100,26.17,17.52,0,60.59
449.078125,-3.6,9.55,46.4,100,26.17,17.52,0,60.59
449.0859375,3.25,13.3,46.4,100,26.17,17.52,0,60.59
449.09375,9.2,16.7,46.4,100,26.17,17.52,0,60.59
449.1015625,5.55,15,46.4,100,26.17,17.52,0,60.59
449.109375,2.35,15.55,46.4,100,26.17,17.52,0,60.59
449.1171875,-1.45,14.5,46.4,100,26.17,17.52,0,60.59
449.125,-4.8,12.9,46.4,100,26.17,17.52,0,60.59
449.1328125,-5.35,10.55,46.4,100,26.17,17.52,0,60.59
449.140625,-1.3,11.5,46.4,100,26.17,17.52,0,60.59
449.1484375,5.1,14.9,46.4,100,26.17,17.52,0,60.59
449.15625,8.55,17.35,47.4,100,26.49,17.68,0,60.47
449.1640625,9,18.1,47.4,100,26.49,17.68,0,60.47
449.171875,5.9,17.15,47.4,100,26.49,17.68,0,60.47
449.1796875,6.45,16.95,47.4,100,26.49,17.68,0,60.47
449.1875,4.8,14.35,47.4,100,26.49,17.68,0,60.47
449.1953125,7.45,15,47.4,100,26.49,17.68,0,60.47
449.203125,6.9,13.6,47.4,100,26.49,17.68,0,60.47
449.2109375,6.8,13.7,47.4,100,26.49,17.68,0,60.47
449.21875,5.1,13.05,47.4,100,26.49,17.68,0,60.47
449.2265625,6.15,15.3,47.4,100,26.49,17.68,0,60.47
449.234375,4.75,15.6,47.4,100,26.49,17.68,0,60.47
449.2421875,7.9,18.1,47.4,100,26.49,17.68,0,60.47
449.25,11.2,19.2,47.4,100,26.49,17.68,0,60.47
449.2578125,13.45,20.45,47.4,100,26.49,17.68,0,60.47
449.265625,15.6,21.65,47.4,100,26.49,17.68,0,60.47
449.2734375,16.4,23.45,47.4,100,26.49,17.68,0,60.47
449.28125,15.2,25.4,47.4,100,26.49,17.68,0,60.47
449.2890625,11.75,24.65,47.4,100,26.49,17.68,0,60.47
449.296875,12.6,24.95,47.4,100,26.49,17.68,0,60.47
449.3046875,12.1,24.9,47.4,100,26.49,17.68,0,60.47
449.3125,10.95,24.8,47.4,100,26.49,17.68,0,60.47
449.3203125,7.85,22.35,47.4,100,26.49,17.68,0,60.47
449.328125,11.7,24.6,47.4,100,26.49,17.68,0,60.47
449.3359375,11.8,24.6,47.4,100,26.49,17.68,0,60.47
449.34375,13.05,25.6,47.4,100,26.49,17.68,0,60.47
449.3515625,14.8,24.55,47.4,100,26.49,17.68,0,60.47
449.359375,17.2,25.75,47.4,100,26.49,17.68,0,60.47
449.3671875,11.4,25.2,47.4,100,26.49,17.68,0,60.47
449.375,3,23.95,47.4,100,26.49,17.68,0,60.47
449.3828125,-0.4,22,47.4,100,26.49,17.68,0,60.47
449.390625,6.25,23.95,47.4,100,26.49,17.68,0,60.47
449.3984375,15.3,26.1,47.4,100,26.49,17.68,0,60.47
449.40625,15.55,26.5,47.4,100,26.49,17.68,0,60.47
449.4140625,10.2,26.8,47.4,100,26.49,17.68,0,60.47
449.421875,3.05,24.55,47.4,100,26.49,17.68,0,60.47
449.4296875,4.05,26.3,47.4,100,26.49,17.68,0,60.47
449.4375,6.2,28.3,47.4,100,26.49,17.68,0,60.47
449.4453125,7.8,28.65,47.4,100,26.49,17.68,0,60.47
449.453125,3.7,24.55,47.4,100,26.49,17.68,0,60.47
449.4609375,5.4,24.5,47.4,100,26.49,17.68,0,60.47
449.46875,8.95,24.8,47.4,100,26.49,17.68,0,60.47
449.4765625,15.4,28.3,47.4,100,26.49,17.68,0,60.47
449.484375,15,29.2,47.4,100,26.49,17.68,0,60.47
449.4921875,10.6,29.1,47.4,100,26.49,17.68,0,60.47
449.5,7.45,27.9,47.4,100,26.49,17.68,0,60.47
449.5078125,10.95,30,47.4,100,26.49,17.68,0,60.47
449.515625,16.4,32.15,47.4,100,26.49,17.68,0,60.47
449.5234375,17.25,32.1,47.4,100,26.49,17.68,0,60.47
449.53125,15.7,31.85,47.4,100,26.49,17.68,0,60.47
449.5390625,13,32.45,47.4,100,26.49,17.68,0,60.47
449.546875,14.15,34.2,47.4,100,26.49,17.68,0,60.47
449.5546875,11.85,32.2,47.4,100,26.49,17.68,0,60.47
449.5625,12.4,32.9,47.4,100,26.49,17.68,0,60.47
449.5703125,14.3,34.1,47.4,100,26.49,17.68,0,60.47
449.578125,21.95,38.15,47.4,100,26.49,17.68,0,60.47
449.5859375,26.05,39.6,47.4,100,26.49,17.68,0,60.47
449.59375,29.9,41.7,47.4,100,26.49,17.68,0,60.47
449.6015625,26.6,38.7,47.4,100,26.49,17.68,0,60.47
449.609375,23.55,37.5,47.4,100,26.49,17.68,0,60.47
449.6171875,18.85,36.6,47.4,100,26.49,17.68,0,60.47
449.625,15.45,37.1,47.4,100,26.49,17.68,0,60.47
449.6328125,13.8,37.75,47.4,100,26.49,17.68,0,60.47
449.640625,17.45,40.45,47.4,100,26.49,17.68,0,60.47
449.6484375,24.5,43.55,47.4,100,26.49,17.68,0,60.47
449.65625,30.8,46.15,47.4,100,26.49,17.68,0,60.47
449.6640625,36.5,47.9,47.4,100,26.49,17.68,0,60.47
449.671875,35.65,46.35,47.4,100,26.49,17.68,0,60.47
449.6796875,34.35,47.1,47.4,100,26.49,17.68,0,60.47
449.6875,29.55,45.3,47.4,100,26.49,17.68,0,60.47
449.6953125,22.7,43,47.4,100,26.49,17.68,0,60.47
449.703125,11.2,38.75,47.4,100,26.49,17.68,0,60.47
449.7109375,8.3,37.65,47.4,100,26.49,17.68,0,60.47
449.71875,12.25,36.75,47.4,100,26.49,17.68,0,60.47
449.7265625,23.75,41.45,47.4,100,26.49,17.68,0,60.47
449.734375,30.35,43.1,47.4,100,26.49,17.68,0,60.47
449.7421875,28.1,41.95,47.4,100,26.49,17.68,0,60.47
449.75,19.25,38.8,47.4,100,26.49,17.68,0,60.47
449.7578125,14.2,38.3,47.4,100,26.49,17.68,0,60.47
449.765625,14.1,38.65,47.4,100,26.49,17.68,0,60.47
449.7734375,16.6,40,47.4,100,26.49,17.68,0,60.47
449.78125,22.25,42.9,47.4,100,26.49,17.68,0,60.47
449.7890625,23.2,44.2,47.4,100,26.49,17.68,0,60.47
449.796875,23.4,44.4,47.4,100,26.49,17.68,0,60.47
449.8046875,22.4,42.9,47.4,100,26.49,17.68,0,60.47
449.8125,26.6,43.4,47.4,100,26.49,17.68,0,60.47
449.8203125,27.65,39.7,47.4,100,26.49,17.68,0,60.47
449.828125,27.8,37.8,47.4,100,26.49,17.68,0,60.47
449.8359375,23.6,37.55,47.4,100,26.49,17.68,0,60.47
449.84375,24.4,41.9,47.4,100,26.49,17.68,0,60.47
449.8515625,21.65,41.7,47.4,100,26.49,17.68,0,60.47
449.859375,19.9,40.2,47.4,100,26.49,17.68,0,60.47
449.8671875,19.1,36.6,47.4,100,26.49,17.68,0,60.47
449.875,18.9,35.3,47.4,100,26.49,17.68,0,60.47
449.8828125,18.05,36.15,47.4,100,26.49,17.68,0,60.47
449.890625,20.55,40.1,47.4,100,26.49,17.68,0,60.47
449.8984375,24.05,43.85,47.4,100,26.49,17.68,0,60.47
449.90625,26,44.85,47.4,100,26.49,17.68,0,60.47
449.9140625,26.6,43.95,47.4,100,26.49,17.68,0,60.47
449.921875,20.85,39.6,47.4,100,26.49,17.68,0,60.47
449.9296875,18.4,37.8,47.4,100,26.49,17.68,0,60.47
449.9375,18.05,36.9,47.4,100,26.49,17.68,0,60.47
449.9453125,22.1,40,47.4,100,26.49,17.68,0,60.47
449.953125,24.9,42.95,47.4,100,26.49,17.68,0,60.47
449.9609375,30.05,46.6,47.4,100,26.49,17.68,0,60.47
449.96875,30.3,44.65,47.4,100,26.49,17.68,0,60.47
449.9765625,32.3,44.75,47.4,100,26.49,17.68,0,60.47
449.984375,31.95,44.2,47.4,100,26.49,17.68,0,60.47
449.9921875,33.35,45.75,47.4,100,26.49,17.68,0,60.47
450,36.15,47.5,47.4,100,26.49,17.68,0,60.47
450.0078125,37.75,49.85,47.4,100,26.49,17.68,0,60.47
450.015625,37.8,50.85,47.4,100,26.49,17.68,0,60.47
450.0234375,39.7,52.55,47.4,100,26.49,17.68,0,60.47
450.03125,44.45,54.8,47.4,100,26.49,17.68,0,60.47
450.0390625,46.1,55.2,47.4,100,26.49,17.68,0,60.47
450.046875,45.05,54.35,47.4,100,26.49,17.68,0,60.47
450.0546875,38.3,49.95,47.4,100,26.49,17.68,0,60.47
450.0625,36.8,48.15,47.4,100,26.49,17.68,0,60.47
450.0703125,35.45,46.35,47.4,100,26.49,17.68,0,60.47
450.078125,37.05,47.8,47.4,100,26.49,17.68,0,60.47
450.0859375,37.45,47.55,47.4,100,26.49,17.68,0,60.47
450.09375,40.85,49.15,47.4,100,26.49,17.68,0,60.47
450.1015625,38.4,47.5,47.4,100,26.49,17.68,0,60.47
450.109375,36.35,46.55,47.4,100,26.49,17.68,0,60.47
450.1171875,35.25,45.5,47.4,100,26.49,17.68,0,60.47
450.125,38.2,48.7,47.4,100,26.49,17.68,0,60.47
450.1328125,43.35,51.65,47.4,100,26.49,17.68,0,60.47
450.140625,48.2,53.55,47.4,100,26.49,17.68,0,60.47
450.1484375,50.35,54.65,47.4,100,26.49,17.68,0,60.47
450.15625,48.95,53.05,46,100,26.72,17.62,0,60.54
450.1640625,47.4,50.75,46,100,26.72,17.62,0,60.54
450.171875,41.65,47.1,46,100,26.72,17.62,0,60.54
450.1796875,38.5,44.55,46,100,26.72,17.62,0,60.54
450.1875,36.8,43.25,46,100,26.72,17.62,0,60.54
450.1953125,41.85,49.05,46,100,26.72,17.62,0,60.54
450.203125,43.85,52.3,46,100,26.72,17.62,0,60.54
450.2109375,45.65,55,46,100,26.72,17.62,0,60.54
450.21875,44.95,55.1,46,100,26.72,17.62,0,60.54
450.2265625,47.4,55.95,46,100,26.72,17.62,0,60.54
450.234375,47.25,53.75,46,100,26.72,17.62,0,60.54
450.2421875,48.3,53.8,46,100,26.72,17.62,0,60.54
450.25,49.9,54.6,46,100,26.72,17.62,0,60.54
450.2578125,52.25,56.5,46,100,26.72,17.62,0,60.54
450.265625,53,56.55,46,100,26.72,17.62,0,60.54
450.2734375,54.55,57.85,46,100,26.72,17.62,0,60.54
450.28125,61.15,61.55,46,100,26.72,17.62,0,60.54
450.2890625,64.7,62.95,46,100,26.72,17.62,0,60.54
450.296875,65.05,62.95,46,100,26.72,17.62,0,60.54
450.3046875,59.35,60.25,46,100,26.72,17.62,0,60.54
450.3125,54.65,57.45,46,100,26.72,17.62,0,60.54
450.3203125,49.5,52.8,46,100,26.72,17.62,0,60.54
450.328125,53.15,53.95,46,100,26.72,17.62,0,60.54
450.3359375,56.3,55.7,46,100,26.72,17.62,0,60.54
450.34375,61.55,59.8,46,100,26.72,17.62,0,60.54
450.3515625,63.95,60.65,46,100,26.72,17.62,0,60.54
450.359375,64.9,60.05,46,100,26.72,17.62,0,60.54
450.3671875,59.8,56.2,46,100,26.72,17.62,0,60.54
450.375,56.1,54.15,46,100,26.72,17.62,0,60.54
450.3828125,57.55,54.35,46,100,26.72,17.62,0,60.54
450.390625,65.1,58.05,46,100,26.72,17.62,0,60.54
450.3984375,73.05,62.4,46,100,26.72,17.62,0,60.54
450.40625,73.55,63.35,46,100,26.72,17.62,0,60.54
450.4140625,72.15,63.95,46,100,26.72,17.62,0,60.54
450.421875,69.35,63.65,46,100,26.72,17.62,0,60.54
450.4296875,67.7,64.1,46,100,26.72,17.62,0,60.54
450.4375,63.95,61.6,46,100,26.72,17.62,0,60.54
450.4453125,68,63.1,46,100,26.72,17.62,0,60.54
450.453125,71.85,63.45,46,100,26.72,17.62,0,60.54
450.4609375,76.3,65,46,100,26.72,17.62,0,60.54
450.46875,76.65,63.9,46,100,26.72,17.62,0,60.54
450.4765625,78.9,64.7,46,100,26.72,17.62,0,60.54
450.484375,77.75,62.75,46,100,26.72,17.62,0,60.54
450.4921875,76.5,62.4,46,100,26.72,17.62,0,60.54
450.5,73.4,60.85,46,100,26.72,17.62,0,60.54
450.5078125,70.4,60.75,46,100,26.72,17.62,0,60.54
450.515625,68.75,60.55,46,100,26.72,17.62,0,60.54
450.5234375,66.9,60.15,46,100,26.72,17.62,0,60.54
450.53125,65.65,59.8,46,100,26.72,17.62,0,60.54
450.5390625,64.65,60.05,46,100,26.72,17.62,0,60.54
450.546875,66.45,60.85,46,100,26.72,17.62,0,60.54
450.5546875,63.3,58.2,46,100,26.72,17.62,0,60.54
450.5625,61.9,57.3,46,100,26.72,17.62,0,60.54
450.5703125,58.15,55.15,46,100,26.72,17.62,0,60.54
450.578125,58.2,55.05,46,100,26.72,17.62,0,60.54
450.5859375,57.4,55,46,100,26.72,17.62,0,60.54
450.59375,60.05,58.3,46,100,26.72,17.62,0,60.54
450.6015625,60.55,57.85,46,100,26.72,17.62,0,60.54
450.609375,63.55,57.75,46,100,26.72,17.62,0,60.54
450.6171875,64.3,56.25,46,100,26.72,17.62,0,60.54
450.625,65.55,56.35,46,100,26.72,17.62,0,60.54
450.6328125,65.6,56.1,46,100,26.72,17.62,0,60.54
450.640625,64.15,55.8,46,100,26.72,17.62,0,60.54
450.6484375,64.05,56.3,46,100,26.72,17.62,0,60.54
450.65625,64.85,56.75,46,100,26.72,17.62,0,60.54
450.6640625,66.25,56.25,46,100,26.72,17.62,0,60.54
450.671875,63.1,53.45,46,100,26.72,17.62,0,60.54
450.6796875,61.65,53.6,46,100,26.72,17.62,0,60.54
450.6875,59.3,52.7,46,100,26.72,17.62,0,60.54
450.6953125,63,55.85,46,100,26.72,17.62,0,60.54
450.703125,66.45,57.85,46,100,26.72,17.62,0,60.54
450.7109375,71.65,60.2,46,100,26.72,17.62,0,60.54
450.71875,70.45,58.3,46,100,26.72,17.62,0,60.54
450.7265625,68.65,57.6,46,100,26.72,17.62,0,60.54
450.734375,67.05,56.05,46,100,26.72,17.62,0,60.54
450.7421875,68.05,58.55,46,100,26.72,17.62,0,60.54
450.75,66.7,59.6,46,100,26.72,17.62,0,60.54
450.7578125,64.35,58.15,46,100,26.72,17.62,0,60.54
450.765625,63.05,55.7,46,100,26.72,17.62,0,60.54
450.7734375,63.2,54.45,46,100,26.72,17.62,0,60.54
450.78125,64.15,54.75,46,100,26.72,17.62,0,60.54
450.7890625,60.9,53.2,46,100,26.72,17.62,0,60.54
450.796875,60.2,51.4,46,100,26.72,17.62,0,60.54
450.8046875,58.95,49.55,46,100,26.72,17.62,0,60.54
450.8125,61.1,52.35,46,100,26.72,17.62,0,60.54
450.8203125,61.35,53.75,46,100,26.72,17.62,0,60.54
450.828125,64.2,56.05,46,100,26.72,17.62,0,60.54
450.8359375,63.65,53.85,46,100,26.72,17.62,0,60.54
450.84375,66.05,53.05,46,100,26.72,17.62,0,60.54
450.8515625,66,51.95,46,100,26.72,17.62,0,60.54
450.859375,69.4,54.9,46,100,26.72,17.62,0,60.54
450.8671875,73.8,57.25,46,100,26.72,17.62,0,60.54
450.875,74,58.4,46,100,26.72,17.62,0,60.54
450.8828125,63.85,54.35,46,100,26.72,17.62,0,60.54
450.890625,52.35,48.9,46,100,26.72,17.62,0,60.54
450.8984375,49.45,46.35,46,100,26.72,17.62,0,60.54
450.90625,53.5,48,46,100,26.72,17.62,0,60.54
450.9140625,60.7,51.7,46,100,26.72,17.62,0,60.54
450.921875,63.9,50.8,46,100,26.72,17.62,0,60.54
450.9296875,68.35,50.7,46,100,26.72,17.62,0,60.54
450.9375,68.95,51.65,46,100,26.72,17.62,0,60.54
450.9453125,70.4,55.45,46,100,26.72,17.62,0,60.54
450.953125,69.5,56.95,46,100,26.72,17.62,0,60.54
450.9609375,70.7,59.55,46,100,26.72,17.62,0,60.54
450.96875,66.55,57.7,46,100,26.72,17.62,0,60.54
450.9765625,63.95,56.35,46,100,26.72,17.62,0,60.54
450.984375,61.55,52.95,46,100,26.72,17.62,0,60.54
450.9921875,63.4,51.55,46,100,26.72,17.62,0,60.54
451,66.7,51.6,46,100,26.72,17.62,0,60.54
451.0078125,70.4,54.3,46,100,26.72,17.62,0,60.54
451.015625,73.1,56,46,100,26.72,17.62,0,60.54
451.0234375,74.6,57.1,46,100,26.72,17.62,0,60.54
451.03125,77.3,58.55,46,100,26.72,17.62,0,60.54
451.0390625,76.9,57.8,46,100,26.72,17.62,0,60.54
451.046875,75.5,57.35,46,100,26.72,17.62,0,60.54
451.0546875,69.15,55.25,46,100,26.72,17.62,0,60.54
451.0625,67.1,55.1,46,100,26.72,17.62,0,60.54
451.0703125,68.2,55.35,46,100,26.72,17.62,0,60.54
451.078125,78.5,61.35,46,100,26.72,17.62,0,60.54
451.0859375,85.4,64.8,46,100,26.72,17.62,0,60.54
451.09375,87.5,65.15,46,100,26.72,17.62,0,60.54
451.1015625,82.9,61.15,46,100,26.72,17.62,0,60.54
451.109375,80.95,59.55,46,100,26.72,17.62,0,60.54
451.1171875,76.65,56.9,46,100,26.72,17.62,0,60.54
451.125,72,55.3,46,100,26.72,17.62,0,60.54
451.1328125,69.5,53.65,46,100,26.72,17.62,0,60.54
451.140625,68.05,52.55,46,100,26.72,17.62,0,60.54
451.1484375,67.5,52.35,46,100,26.72,17.62,0,60.54
451.15625,68.8,53.85,46,98.7,26.83,17.62,0,60.54
451.1640625,73.95,57.2,46,98.7,26.83,17.62,0,60.54
451.171875,77.1,58.6,46,98.7,26.83,17.62,0,60.54
451.1796875,83.4,61.05,46,98.7,26.83,17.62,0,60.54
451.1875,85.4,60.5,46,98.7,26.83,17.62,0,60.54
451.1953125,87.7,62,46,98.7,26.83,17.62,0,60.54
451.203125,86.3,60.55,46,98.7,26.83,17.62,0,60.54
451.2109375,86.6,59.45,46,98.7,26.83,17.62,0,60.54
451.21875,81.25,55.15,46,98.7,26.83,17.62,0,60.54
451.2265625,75.2,52.2,46,98.7,26.83,17.62,0,60.54
451.234375,67.7,47.25,46,98.7,26.83,17.62,0,60.54
451.2421875,64.75,46.3,46,98.7,26.83,17.62,0,60.54
451.25,62.1,45.15,46,98.7,26.83,17.62,0,60.54
451.2578125,62.95,45.5,46,98.7,26.83,17.62,0,60.54
451.265625,70.05,49.45,46,98.7,26.83,17.62,0,60.54
451.2734375,76.1,54.1,46,98.7,26.83,17.62,0,60.54
451.28125,75.7,53.3,46,98.7,26.83,17.62,0,60.54
451.2890625,68.75,47.95,46,98.7,26.83,17.62,0,60.54
451.296875,64.95,45.45,46,98.7,26.83,17.62,0,60.54
451.3046875,63.55,44.8,46,98.7,26.83,17.62,0,60.54
451.3125,67.25,47.1,46,98.7,26.83,17.62,0,60.54
451.3203125,66.55,46.95,46,98.7,26.83,17.62,0,60.54
451.328125,66.15,47.55,46,98.7,26.83,17.62,0,60.54
451.3359375,64.55,45.35,46,98.7,26.83,17.62,0,60.54
451.34375,65.6,44.65,46,98.7,26.83,17.62,0,60.54
451.3515625,61.3,40.55,46,98.7,26.83,17.62,0,60.54
451.359375,55.9,37.3,46,98.7,26.83,17.62,0,60.54
451.3671875,48.45,34.35,46,98.7,26.83,17.62,0,60.54
451.375,44.8,34.6,46,98.7,26.83,17.62,0,60.54
451.3828125,48.35,36.85,46,98.7,26.83,17.62,0,60.54
451.390625,57.1,41,46,98.7,26.83,17.62,0,60.54
451.3984375,64.05,43.8,46,98.7,26.83,17.62,0,60.54
451.40625,63.55,43.55,46,98.7,26.83,17.62,0,60.54
451.4140625,59.45,42.75,46,98.7,26.83,17.62,0,60.54
451.421875,51.3,39.3,46,98.7,26.83,17.62,0,60.54
451.4296875,47.9,37.95,46,98.7,26.83,17.62,0,60.54
451.4375,44.1,35.85,46,98.7,26.83,17.62,0,60.54
451.4453125,42.8,36.05,46,98.7,26.83,17.62,0,60.54
451.453125,42.65,34.4,46,98.7,26.83,17.62,0,60.54
451.4609375,51.85,37.1,46,98.7,26.83,17.62,0,60.54
451.46875,58.95,39.25,46,98.7,26.83,17.62,0,60.54
451.4765625,61.75,42.5,46,98.7,26.83,17.62,0,60.54
451.484375,56.45,41.6,46,98.7,26.83,17.62,0,60.54
451.4921875,50.9,40.9,46,98.7,26.83,17.62,0,60.54
451.5,46.4,38.2,46,98.7,26.83,17.62,0,60.54
451.5078125,44.6,35.4,46,98.7,26.83,17.62,0,60.54
451.515625,43.8,32.15,46,98.7,26.83,17.62,0,60.54
451.5234375,44.35,29.55,46,98.7,26.83,17.62,0,60.54
451.53125,49.45,29.05,46,98.7,26.83,17.62,0,60.54
451.5390625,52.7,29.5,46,98.7,26.83,17.62,0,60.54
451.546875,56.7,32.7,46,98.7,26.83,17.62,0,60.54
451.5546875,56.75,34.85,46,98.7,26.83,17.62,0,60.54
451.5625,52.8,36.15,46,98.7,26.83,17.62,0,60.54
451.5703125,41.55,32,46,98.7,26.83,17.62,0,60.54
451.578125,36.35,29.8,46,98.7,26.83,17.62,0,60.54
451.5859375,32.25,27.15,46,98.7,26.83,17.62,0,60.54
451.59375,33.45,27.75,46,98.7,26.83,17.62,0,60.54
451.6015625,36.05,28.8,46,98.7,26.83,17.62,0,60.54
451.609375,39.15,32.1,46,98.7,26.83,17.62,0,60.54
451.6171875,37.6,33,46,98.7,26.83,17.62,0,60.54
451.625,37.55,34.2,46,98.7,26.83,17.62,0,60.54
451.6328125,37.15,34.05,46,98.7,26.83,17.62,0,60.54
451.640625,33.9,32.25,46,98.7,26.83,17.62,0,60.54
451.6484375,31.65,30.05,46,98.7,26.83,17.62,0,60.54
451.65625,30.05,28.9,46,98.7,26.83,17.62,0,60.54
451.6640625,27.5,29.35,46,98.7,26.83,17.62,0,60.54
451.671875,21.45,28,46,98.7,26.83,17.62,0,60.54
451.6796875,21.75,28.9,46,98.7,26.83,17.62,0,60.54
451.6875,20.65,28.2,46,98.7,26.83,17.62,0,60.54
451.6953125,20.2,27.45,46,98.7,26.83,17.62,0,60.54
451.703125,16.65,23.4,46,98.7,26.83,17.62,0,60.54
451.7109375,19,23.95,46,98.7,26.83,17.62,0,60.54
451.71875,23.15,25.85,46,98.7,26.83,17.62,0,60.54
451.7265625,29.25,30.1,46,98.7,26.83,17.62,0,60.54
451.734375,28.7,30.25,46,98.7,26.83,17.62,0,60.54
451.7421875,28.75,31.4,46,98.7,26.83,17.62,0,60.54
451.75,28.4,31.85,46,98.7,26.83,17.62,0,60.54
451.7578125,26.3,31.65,46,98.7,26.83,17.62,0,60.54
451.765625,23.3,29.85,46,98.7,26.83,17.62,0,60.54
451.7734375,18.2,27.2,46,98.7,26.83,17.62,0,60.54
451.78125,12.45,24.5,46,98.7,26.83,17.62,0,60.54
451.7890625,6.95,22.25,46,98.7,26.83,17.62,0,60.54
451.796875,8.55,23.25,46,98.7,26.83,17.62,0,60.54
451.8046875,11.6,23.15,46,98.7,26.83,17.62,0,60.54
451.8125,15.1,23.25,46,98.7,26.83,17.62,0,60.54
451.8203125,13.1,21.7,46,98.7,26.83,17.62,0,60.54
451.828125,14.5,22,46,98.7,26.83,17.62,0,60.54
451.8359375,10.05,19.25,46,98.7,26.83,17.62,0,60.54
451.84375,5.25,19.5,46,98.7,26.83,17.62,0,60.54
451.8515625,4.4,21.8,46,98.7,26.83,17.62,0,60.54
451.859375,8.25,25.4,46,98.7,26.83,17.62,0,60.54
451.8671875,6.45,23.5,46,98.7,26.83,17.62,0,60.54
451.875,2.8,19.35,46,98.7,26.83,17.62,0,60.54
451.8828125,-1.55,14.05,46,98.7,26.83,17.62,0,60.54
451.890625,-5.2,9.75,46,98.7,26.83,17.62,0,60.54
451.8984375,-3.9,9.9,46,98.7,26.83,17.62,0,60.54
451.90625,0.95,14.15,46,98.7,26.83,17.62,0,60.54
451.9140625,8.6,19.65,46,98.7,26.83,17.62,0,60.54
451.921875,11,21.05,46,98.7,26.83,17.62,0,60.54
451.9296875,11.6,22.25,46,98.7,26.83,17.62,0,60.54
451.9375,8.4,20.75,46,98.7,26.83,17.62,0,60.54
451.9453125,6.6,20.15,46,98.7,26.83,17.62,0,60.54
451.953125,2.05,16,46,98.7,26.83,17.62,0,60.54
451.9609375,1.55,14.9,46,98.7,26.83,17.62,0,60.54
451.96875,-4.75,13.25,46,98.7,26.83,17.62,0,60.54
451.9765625,-11,13.45,46,98.7,26.83,17.62,0,60.54
451.984375,-13.05,12.4,46,98.7,26.83,17.62,0,60.54
451.9921875,-5.95,15.7,46,98.7,26.83,17.62,0,60.54
